t_s,v_mps
0.000000,9.952749
0.001000,9.807670
0.002000,9.832150
0.003000,9.800463
0.004000,9.775392
0.005000,9.763863
0.006000,9.649648
0.007000,9.637439
0.008000,9.589206
0.009000,9.779466
0.010000,9.793048
0.011000,9.773677
0.012000,9.758405
0.013000,9.721148
0.014000,9.661931
0.015000,9.640646
0.016000,9.669080
0.017000,9.656444
0.018000,9.711929
0.019000,9.701412
0.020000,9.703668
0.021000,9.792528
0.022000,9.824247
0.023000,9.796116
0.024000,9.786391
0.025000,9.817859
0.026000,9.928642
0.027000,9.913709
0.028000,9.900288
0.029000,9.957810
0.030000,9.907704
0.031000,9.891551
0.032000,9.942268
0.033000,9.975683
0.034000,9.981204
0.035000,10.019648
0.036000,9.858888
0.037000,9.917565
0.038000,9.863366
0.039000,9.768918
0.040000,9.785373
0.041000,9.825934
0.042000,9.801221
0.043000,9.740603
0.044000,9.742861
0.045000,9.740625
0.046000,9.821403
0.047000,9.864553
0.048000,9.876105
0.049000,9.939875
0.050000,9.928544
0.051000,9.876229
0.052000,9.909966
0.053000,9.943548
0.054000,9.931674
0.055000,9.887494
0.056000,9.901002
0.057000,9.759484
0.058000,9.799485
0.059000,9.828092
0.060000,9.735386
0.061000,9.739641
0.062000,9.685518
0.063000,9.729480
0.064000,9.614465
0.065000,9.563412
0.066000,9.604904
0.067000,9.671745
0.068000,9.549792
0.069000,9.522569
0.070000,9.542419
0.071000,9.508879
0.072000,9.600624
0.073000,9.533838
0.074000,9.555170
0.075000,9.496601
0.076000,9.577854
0.077000,9.577682
0.078000,9.557552
0.079000,9.460850
0.080000,9.557872
0.081000,9.601817
0.082000,9.645717
0.083000,9.711403
0.084000,9.732067
0.085000,9.696423
0.086000,9.651685
0.087000,9.607037
0.088000,9.686012
0.089000,9.603716
0.090000,9.570763
0.091000,9.553536
0.092000,9.567412
0.093000,9.601224
0.094000,9.531118
0.095000,9.433776
0.096000,9.434851
0.097000,9.505251
0.098000,9.549524
0.099000,9.562890
0.100000,9.545900
0.101000,9.563687
0.102000,9.550895
0.103000,9.598495
0.104000,9.554261
0.105000,9.562976
0.106000,9.557726
0.107000,9.589720
0.108000,9.603506
0.109000,9.749627
0.110000,9.835610
0.111000,9.921310
0.112000,9.805551
0.113000,9.786742
0.114000,9.752697
0.115000,9.783685
0.116000,9.654563
0.117000,9.722275
0.118000,9.783731
0.119000,9.710214
0.120000,9.655258
0.121000,9.610508
0.122000,9.613913
0.123000,9.651330
0.124000,9.768755
0.125000,9.758137
0.126000,9.802465
0.127000,9.811862
0.128000,9.912569
0.129000,9.955142
0.130000,10.033283
0.131000,9.972024
0.132000,9.961287
0.133000,9.915192
0.134000,10.001172
0.135000,10.038749
0.136000,10.021446
0.137000,9.995792
0.138000,10.023530
0.139000,9.983693
0.140000,9.930895
0.141000,9.958566
0.142000,10.098990
0.143000,10.084917
0.144000,10.053241
0.145000,9.986604
0.146000,9.910773
0.147000,9.940964
0.148000,9.989640
0.149000,9.990311
0.150000,10.009387
0.151000,10.016092
0.152000,10.024076
0.153000,9.937280
0.154000,9.911450
0.155000,9.918093
0.156000,9.873797
0.157000,9.847048
0.158000,9.800846
0.159000,9.782376
0.160000,9.831485
0.161000,9.808791
0.162000,9.800526
0.163000,9.847353
0.164000,9.884467
0.165000,9.981299
0.166000,9.862449
0.167000,9.911602
0.168000,9.884430
0.169000,9.892430
0.170000,9.940430
0.171000,10.002308
0.172000,10.061563
0.173000,10.070365
0.174000,10.161943
0.175000,10.145607
0.176000,10.137383
0.177000,10.182700
0.178000,10.151040
0.179000,10.273828
0.180000,10.331382
0.181000,10.454641
0.182000,10.452304
0.183000,10.429677
0.184000,10.438408
0.185000,10.479425
0.186000,10.445109
0.187000,10.465910
0.188000,10.464099
0.189000,10.555212
0.190000,10.516454
0.191000,10.575043
0.192000,10.537315
0.193000,10.481631
0.194000,10.440305
0.195000,10.371746
0.196000,10.379399
0.197000,10.437406
0.198000,10.445947
0.199000,10.480655
0.200000,10.572660
0.201000,10.586944
0.202000,10.596937
0.203000,10.580144
0.204000,10.487496
0.205000,10.529820
0.206000,10.428834
0.207000,10.465179
0.208000,10.463484
0.209000,10.526743
0.210000,10.521880
0.211000,10.474025
0.212000,10.493494
0.213000,10.460661
0.214000,10.449482
0.215000,10.451007
0.216000,10.442485
0.217000,10.430892
0.218000,10.382683
0.219000,10.371187
0.220000,10.248762
0.221000,10.239342
0.222000,10.170700
0.223000,10.234155
0.224000,10.306000
0.225000,10.194361
0.226000,10.202247
0.227000,10.194674
0.228000,10.134728
0.229000,10.164742
0.230000,10.138153
0.231000,10.037282
0.232000,10.022046
0.233000,10.013579
0.234000,10.019625
0.235000,9.949516
0.236000,9.984674
0.237000,10.026579
0.238000,9.961313
0.239000,9.923896
0.240000,9.919482
0.241000,9.887435
0.242000,9.986920
0.243000,9.998810
0.244000,9.941290
0.245000,9.896547
0.246000,9.893481
0.247000,10.024369
0.248000,10.014169
0.249000,10.021391
0.250000,10.050601
0.251000,10.048207
0.252000,10.177918
0.253000,10.147296
0.254000,10.189349
0.255000,10.198089
0.256000,10.233036
0.257000,10.165578
0.258000,10.265871
0.259000,10.258402
0.260000,10.259809
0.261000,10.206047
0.262000,10.164076
0.263000,10.195840
0.264000,10.251574
0.265000,10.293919
0.266000,10.362118
0.267000,10.402032
0.268000,10.402816
0.269000,10.449593
0.270000,10.482447
0.271000,10.475721
0.272000,10.516061
0.273000,10.588173
0.274000,10.600308
0.275000,10.578790
0.276000,10.618499
0.277000,10.725409
0.278000,10.711926
0.279000,10.705201
0.280000,10.695978
0.281000,10.764151
0.282000,10.657996
0.283000,10.677451
0.284000,10.743907
0.285000,10.696064
0.286000,10.779369
0.287000,10.808222
0.288000,10.775294
0.289000,10.785302
0.290000,10.696324
0.291000,10.662674
0.292000,10.765272
0.293000,10.712799
0.294000,10.816299
0.295000,10.809954
0.296000,10.864880
0.297000,10.865576
0.298000,10.736184
0.299000,10.702040
0.300000,10.711366
0.301000,10.644352
0.302000,10.566288
0.303000,10.585918
0.304000,10.547698
0.305000,10.449991
0.306000,10.410065
0.307000,10.458153
0.308000,10.430182
0.309000,10.482441
0.310000,10.568319
0.311000,10.568941
0.312000,10.503407
0.313000,10.428219
0.314000,10.425772
0.315000,10.474973
0.316000,10.489236
0.317000,10.519308
0.318000,10.492932
0.319000,10.508943
0.320000,10.480993
0.321000,10.461391
0.322000,10.386804
0.323000,10.296430
0.324000,10.268293
0.325000,10.204599
0.326000,10.149504
0.327000,10.187287
0.328000,10.180702
0.329000,10.346098
0.330000,10.398015
0.331000,10.361057
0.332000,10.404498
0.333000,10.423876
0.334000,10.383874
0.335000,10.445742
0.336000,10.400591
0.337000,10.225575
0.338000,10.270192
0.339000,10.234386
0.340000,10.318371
0.341000,10.280620
0.342000,10.212679
0.343000,10.300257
0.344000,10.238300
0.345000,10.249261
0.346000,10.331141
0.347000,10.336853
0.348000,10.331449
0.349000,10.336471
0.350000,10.383411
0.351000,10.336571
0.352000,10.370507
0.353000,10.402462
0.354000,10.534285
0.355000,10.513908
0.356000,10.460652
0.357000,10.501450
0.358000,10.477682
0.359000,10.493025
0.360000,10.499424
0.361000,10.564769
0.362000,10.526088
0.363000,10.519619
0.364000,10.373144
0.365000,10.321564
0.366000,10.408202
0.367000,10.368423
0.368000,10.327586
0.369000,10.257433
0.370000,10.289748
0.371000,10.299124
0.372000,10.230790
0.373000,10.268142
0.374000,10.282231
0.375000,10.324405
0.376000,10.287060
0.377000,10.385230
0.378000,10.407604
0.379000,10.399948
0.380000,10.369427
0.381000,10.354563
0.382000,10.402546
0.383000,10.386238
0.384000,10.446640
0.385000,10.478604
0.386000,10.554094
0.387000,10.599127
0.388000,10.594147
0.389000,10.484076
0.390000,10.499900
0.391000,10.543612
0.392000,10.551591
0.393000,10.581954
0.394000,10.553737
0.395000,10.530763
0.396000,10.475849
0.397000,10.552206
0.398000,10.559904
0.399000,10.530537
0.400000,10.453449
0.401000,10.443598
0.402000,10.524608
0.403000,10.549632
0.404000,10.507070
0.405000,10.587201
0.406000,10.667115
0.407000,10.721381
0.408000,10.764612
0.409000,10.828635
0.410000,10.857670
0.411000,10.899837
0.412000,10.853405
0.413000,10.936821
0.414000,10.947871
0.415000,11.060958
0.416000,10.942351
0.417000,10.980380
0.418000,11.034044
0.419000,11.012213
0.420000,11.035699
0.421000,11.075978
0.422000,11.106445
0.423000,11.073266
0.424000,11.062792
0.425000,11.118420
0.426000,11.188638
0.427000,11.191641
0.428000,11.193388
0.429000,11.202158
0.430000,11.258562
0.431000,11.195789
0.432000,11.117486
0.433000,11.122066
0.434000,11.056574
0.435000,11.020778
0.436000,11.023383
0.437000,11.048535
0.438000,10.985145
0.439000,11.028533
0.440000,10.925244
0.441000,10.954167
0.442000,10.862179
0.443000,10.787610
0.444000,10.822315
0.445000,10.797262
0.446000,10.750105
0.447000,10.723008
0.448000,10.747750
0.449000,10.742895
0.450000,10.739453
0.451000,10.797728
0.452000,10.755068
0.453000,10.726406
0.454000,10.694927
0.455000,10.759782
0.456000,10.814403
0.457000,10.885742
0.458000,10.881755
0.459000,10.870770
0.460000,10.917271
0.461000,10.892688
0.462000,10.937884
0.463000,10.976935
0.464000,10.934929
0.465000,10.928020
0.466000,10.919070
0.467000,11.015589
0.468000,11.160551
0.469000,11.152233
0.470000,11.150418
0.471000,11.017935
0.472000,11.027627
0.473000,11.024857
0.474000,10.961424
0.475000,11.003900
0.476000,10.912450
0.477000,10.898075
0.478000,10.903862
0.479000,10.830637
0.480000,10.877419
0.481000,10.935423
0.482000,10.854309
0.483000,10.772137
0.484000,10.804545
0.485000,10.800870
0.486000,10.729982
0.487000,10.711385
0.488000,10.703508
0.489000,10.693623
0.490000,10.739001
0.491000,10.759054
0.492000,10.857916
0.493000,10.934089
0.494000,10.970499
0.495000,11.029523
0.496000,11.102473
0.497000,11.140108
0.498000,11.067710
0.499000,11.114145
0.500000,11.115681
0.501000,11.205243
0.502000,11.207801
0.503000,11.234972
0.504000,11.250911
0.505000,11.343750
0.506000,11.350791
0.507000,11.332388
0.508000,11.346958
0.509000,11.318885
0.510000,11.325109
0.511000,11.321669
0.512000,11.334122
0.513000,11.440563
0.514000,11.414222
0.515000,11.413130
0.516000,11.398578
0.517000,11.433696
0.518000,11.363200
0.519000,11.320669
0.520000,11.315405
0.521000,11.343485
0.522000,11.337786
0.523000,11.306255
0.524000,11.253922
0.525000,11.280163
0.526000,11.359311
0.527000,11.374587
0.528000,11.382162
0.529000,11.404277
0.530000,11.347425
0.531000,11.326601
0.532000,11.308307
0.533000,11.322105
0.534000,11.317245
0.535000,11.244978
0.536000,11.306143
0.537000,11.399468
0.538000,11.381291
0.539000,11.400832
0.540000,11.412838
0.541000,11.454275
0.542000,11.366734
0.543000,11.455411
0.544000,11.425465
0.545000,11.494170
0.546000,11.495366
0.547000,11.469794
0.548000,11.458450
0.549000,11.506191
0.550000,11.453628
0.551000,11.428952
0.552000,11.398234
0.553000,11.297377
0.554000,11.368387
0.555000,11.398184
0.556000,11.393755
0.557000,11.456784
0.558000,11.399009
0.559000,11.391607
0.560000,11.486612
0.561000,11.538977
0.562000,11.408799
0.563000,11.215888
0.564000,11.153950
0.565000,11.211621
0.566000,11.181875
0.567000,11.166685
0.568000,11.198542
0.569000,11.145324
0.570000,11.154715
0.571000,11.197056
0.572000,11.220807
0.573000,11.240464
0.574000,11.203274
0.575000,11.229700
0.576000,11.202457
0.577000,11.273887
0.578000,11.417187
0.579000,11.371791
0.580000,11.244825
0.581000,11.217671
0.582000,11.236237
0.583000,11.293088
0.584000,11.351469
0.585000,11.303690
0.586000,11.255477
0.587000,11.324647
0.588000,11.259361
0.589000,11.318442
0.590000,11.302432
0.591000,11.342992
0.592000,11.380041
0.593000,11.421027
0.594000,11.464422
0.595000,11.404712
0.596000,11.418372
0.597000,11.415865
0.598000,11.430121
0.599000,11.496989
0.600000,11.478094
0.601000,11.434141
0.602000,11.389356
0.603000,11.368412
0.604000,11.408040
0.605000,11.358369
0.606000,11.421162
0.607000,11.434375
0.608000,11.418157
0.609000,11.339042
0.610000,11.349825
0.611000,11.386003
0.612000,11.282239
0.613000,11.347038
0.614000,11.437650
0.615000,11.453557
0.616000,11.478155
0.617000,11.612100
0.618000,11.678507
0.619000,11.623558
0.620000,11.618872
0.621000,11.606209
0.622000,11.593915
0.623000,11.455656
0.624000,11.495338
0.625000,11.455607
0.626000,11.461513
0.627000,11.450342
0.628000,11.496525
0.629000,11.476193
0.630000,11.427462
0.631000,11.454410
0.632000,11.530964
0.633000,11.509193
0.634000,11.583647
0.635000,11.594896
0.636000,11.560875
0.637000,11.644057
0.638000,11.593661
0.639000,11.647683
0.640000,11.615518
0.641000,11.637400
0.642000,11.563362
0.643000,11.512043
0.644000,11.569126
0.645000,11.576178
0.646000,11.574687
0.647000,11.545983
0.648000,11.567785
0.649000,11.484594
0.650000,11.417354
0.651000,11.405014
0.652000,11.354191
0.653000,11.311078
0.654000,11.303860
0.655000,11.292896
0.656000,11.277116
0.657000,11.368822
0.658000,11.423105
0.659000,11.489725
0.660000,11.484610
0.661000,11.452380
0.662000,11.366183
0.663000,11.343098
0.664000,11.221141
0.665000,11.184934
0.666000,11.225527
0.667000,11.314836
0.668000,11.366629
0.669000,11.314311
0.670000,11.339180
0.671000,11.291039
0.672000,11.334757
0.673000,11.325203
0.674000,11.370856
0.675000,11.514019
0.676000,11.562954
0.677000,11.692044
0.678000,11.698211
0.679000,11.675495
0.680000,11.747508
0.681000,11.841613
0.682000,11.805784
0.683000,11.805980
0.684000,11.720157
0.685000,11.704774
0.686000,11.751371
0.687000,11.742393
0.688000,11.705949
0.689000,11.621875
0.690000,11.639032
0.691000,11.680588
0.692000,11.710618
0.693000,11.721165
0.694000,11.644637
0.695000,11.741066
0.696000,11.733800
0.697000,11.721523
0.698000,11.759230
0.699000,11.632012
0.700000,11.624508
0.701000,11.612902
0.702000,11.630295
0.703000,11.703144
0.704000,11.726042
0.705000,11.617731
0.706000,11.594619
0.707000,11.602553
0.708000,11.607148
0.709000,11.530425
0.710000,11.432082
0.711000,11.459889
0.712000,11.475943
0.713000,11.471197
0.714000,11.369459
0.715000,11.467118
0.716000,11.298516
0.717000,11.274609
0.718000,11.390505
0.719000,11.378177
0.720000,11.388043
0.721000,11.317560
0.722000,11.391671
0.723000,11.314721
0.724000,11.325983
0.725000,11.330418
0.726000,11.267357
0.727000,11.314717
0.728000,11.230896
0.729000,11.188935
0.730000,11.184328
0.731000,11.157883
0.732000,11.181598
0.733000,11.231235
0.734000,11.211452
0.735000,11.177609
0.736000,11.145226
0.737000,11.121525
0.738000,11.164766
0.739000,11.149448
0.740000,11.169749
0.741000,11.161617
0.742000,11.110621
0.743000,11.156958
0.744000,11.094951
0.745000,11.092507
0.746000,11.174356
0.747000,11.109178
0.748000,11.103209
0.749000,11.010185
0.750000,10.978557
0.751000,10.890914
0.752000,10.867937
0.753000,10.834948
0.754000,10.840175
0.755000,10.928060
0.756000,10.941696
0.757000,10.976660
0.758000,10.971204
0.759000,10.954725
0.760000,10.904726
0.761000,10.799791
0.762000,10.801477
0.763000,10.891985
0.764000,10.916691
0.765000,10.883840
0.766000,10.975336
0.767000,10.948136
0.768000,10.910391
0.769000,10.838917
0.770000,10.781853
0.771000,10.765639
0.772000,10.877267
0.773000,10.863149
0.774000,10.802080
0.775000,10.765385
0.776000,10.750539
0.777000,10.650973
0.778000,10.656248
0.779000,10.694186
0.780000,10.710426
0.781000,10.742566
0.782000,10.667045
0.783000,10.568391
0.784000,10.639795
0.785000,10.700170
0.786000,10.610460
0.787000,10.620349
0.788000,10.619924
0.789000,10.649061
0.790000,10.658997
0.791000,10.628457
0.792000,10.637674
0.793000,10.644697
0.794000,10.639998
0.795000,10.532634
0.796000,10.360436
0.797000,10.314094
0.798000,10.219768
0.799000,10.233060
0.800000,10.272710
0.801000,10.286495
0.802000,10.264242
0.803000,10.267078
0.804000,10.332342
0.805000,10.289545
0.806000,10.340814
0.807000,10.379761
0.808000,10.393247
0.809000,10.474455
0.810000,10.431996
0.811000,10.484128
0.812000,10.429631
0.813000,10.384458
0.814000,10.322716
0.815000,10.346793
0.816000,10.291953
0.817000,10.293683
0.818000,10.227737
0.819000,10.287317
0.820000,10.390602
0.821000,10.402032
0.822000,10.494112
0.823000,10.524378
0.824000,10.646150
0.825000,10.649873
0.826000,10.558523
0.827000,10.641591
0.828000,10.632453
0.829000,10.571565
0.830000,10.532404
0.831000,10.438104
0.832000,10.427019
0.833000,10.364523
0.834000,10.447611
0.835000,10.483874
0.836000,10.387729
0.837000,10.300373
0.838000,10.266833
0.839000,10.156057
0.840000,10.148827
0.841000,10.145388
0.842000,10.100440
0.843000,10.068463
0.844000,10.096052
0.845000,10.176113
0.846000,10.260226
0.847000,10.260988
0.848000,10.308510
0.849000,10.265193
0.850000,10.287439
0.851000,10.231566
0.852000,10.271958
0.853000,10.200249
0.854000,10.144241
0.855000,10.142803
0.856000,10.173547
0.857000,10.090662
0.858000,10.059259
0.859000,10.066157
0.860000,10.078385
0.861000,10.029806
0.862000,10.034584
0.863000,10.018625
0.864000,10.097817
0.865000,10.128641
0.866000,10.052336
0.867000,9.926237
0.868000,9.931390
0.869000,9.998132
0.870000,10.007344
0.871000,10.056856
0.872000,10.028472
0.873000,9.950098
0.874000,9.992126
0.875000,9.997090
0.876000,10.035329
0.877000,9.955934
0.878000,9.965673
0.879000,9.929453
0.880000,9.974821
0.881000,9.941133
0.882000,9.905992
0.883000,9.872154
0.884000,9.943656
0.885000,9.944725
0.886000,9.900888
0.887000,9.842193
0.888000,9.782388
0.889000,9.865390
0.890000,9.761672
0.891000,9.713057
0.892000,9.749251
0.893000,9.816144
0.894000,9.807382
0.895000,9.851790
0.896000,9.894634
0.897000,9.950289
0.898000,9.952340
0.899000,10.045946
0.900000,10.057465
0.901000,10.144783
0.902000,10.082168
0.903000,10.135990
0.904000,10.064726
0.905000,9.979912
0.906000,10.009171
0.907000,9.962937
0.908000,9.989468
0.909000,9.929639
0.910000,10.022457
0.911000,10.024303
0.912000,9.961272
0.913000,9.972930
0.914000,10.024888
0.915000,9.982767
0.916000,10.014081
0.917000,10.132512
0.918000,10.183661
0.919000,10.184831
0.920000,10.154192
0.921000,10.188998
0.922000,10.104567
0.923000,9.933667
0.924000,9.898186
0.925000,9.839150
0.926000,9.941222
0.927000,9.951791
0.928000,9.898343
0.929000,9.834938
0.930000,9.866339
0.931000,9.822008
0.932000,9.791935
0.933000,9.789922
0.934000,9.798201
0.935000,9.807043
0.936000,9.816941
0.937000,9.894465
0.938000,9.994650
0.939000,9.903745
0.940000,10.053865
0.941000,10.064391
0.942000,10.138404
0.943000,10.099390
0.944000,10.121105
0.945000,10.136525
0.946000,10.146145
0.947000,10.197843
0.948000,10.236916
0.949000,10.182722
0.950000,10.179182
0.951000,10.223855
0.952000,10.266073
0.953000,10.249983
0.954000,10.237076
0.955000,10.231418
0.956000,10.171675
0.957000,10.101627
0.958000,10.194333
0.959000,10.175035
0.960000,10.183697
0.961000,10.144333
0.962000,10.221480
0.963000,10.324364
0.964000,10.314781
0.965000,10.347015
0.966000,10.306930
0.967000,10.410366
0.968000,10.465826
0.969000,10.420667
0.970000,10.494437
0.971000,10.517518
0.972000,10.543595
0.973000,10.566407
0.974000,10.530742
0.975000,10.502562
0.976000,10.540480
0.977000,10.540031
0.978000,10.488394
0.979000,10.606436
0.980000,10.596656
0.981000,10.566956
0.982000,10.529417
0.983000,10.570937
0.984000,10.628553
0.985000,10.644542
0.986000,10.695963
0.987000,10.612460
0.988000,10.593275
0.989000,10.568479
0.990000,10.570773
0.991000,10.600535
0.992000,10.486297
0.993000,10.666269
0.994000,10.618542
0.995000,10.639856
0.996000,10.688568
0.997000,10.738468
0.998000,10.753448
0.999000,10.588951
1.000000,10.528472
1.001000,10.573102
1.002000,10.521885
1.003000,10.463021
1.004000,10.330189
1.005000,10.400917
1.006000,10.431088
1.007000,10.381195
1.008000,10.374551
1.009000,10.369622
1.010000,10.306750
1.011000,10.291822
1.012000,10.306883
1.013000,10.338792
1.014000,10.411160
1.015000,10.412879
1.016000,10.386545
1.017000,10.409426
1.018000,10.373439
1.019000,10.302065
1.020000,10.367116
1.021000,10.345204
1.022000,10.351886
1.023000,10.388620
1.024000,10.325237
1.025000,10.361511
1.026000,10.386837
1.027000,10.380879
1.028000,10.402969
1.029000,10.359476
1.030000,10.233588
1.031000,10.217366
1.032000,10.165419
1.033000,10.214874
1.034000,10.229840
1.035000,10.199556
1.036000,10.202188
1.037000,10.279124
1.038000,10.343497
1.039000,10.364130
1.040000,10.388230
1.041000,10.371928
1.042000,10.364058
1.043000,10.397160
1.044000,10.389847
1.045000,10.406361
1.046000,10.342294
1.047000,10.246857
1.048000,10.149881
1.049000,10.124902
1.050000,10.200469
1.051000,10.267650
1.052000,10.210550
1.053000,10.121725
1.054000,10.166825
1.055000,10.193055
1.056000,10.114940
1.057000,10.175119
1.058000,10.184899
1.059000,10.260073
1.060000,10.279230
1.061000,10.329540
1.062000,10.347356
1.063000,10.292592
1.064000,10.278906
1.065000,10.239911
1.066000,10.286846
1.067000,10.229692
1.068000,10.142048
1.069000,10.180731
1.070000,10.245754
1.071000,10.327666
1.072000,10.389315
1.073000,10.302773
1.074000,10.262551
1.075000,10.230849
1.076000,10.229122
1.077000,10.106046
1.078000,10.105280
1.079000,10.120815
1.080000,10.066428
1.081000,10.072981
1.082000,10.140620
1.083000,10.142921
1.084000,10.202757
1.085000,10.260028
1.086000,10.282816
1.087000,10.304039
1.088000,10.282221
1.089000,10.352256
1.090000,10.324692
1.091000,10.284301
1.092000,10.323873
1.093000,10.281851
1.094000,10.305493
1.095000,10.365020
1.096000,10.368858
1.097000,10.374121
1.098000,10.425662
1.099000,10.467741
1.100000,10.379175
1.101000,10.303866
1.102000,10.379126
1.103000,10.400685
1.104000,10.281530
1.105000,10.204339
1.106000,10.205527
1.107000,10.149524
1.108000,10.176160
1.109000,10.180541
1.110000,10.208405
1.111000,10.141809
1.112000,10.177234
1.113000,10.288806
1.114000,10.243383
1.115000,10.318137
1.116000,10.373861
1.117000,10.410284
1.118000,10.406245
1.119000,10.339830
1.120000,10.289737
1.121000,10.333225
1.122000,10.388892
1.123000,10.458340
1.124000,10.512728
1.125000,10.563762
1.126000,10.538548
1.127000,10.469376
1.128000,10.480726
1.129000,10.508919
1.130000,10.513470
1.131000,10.426591
1.132000,10.396816
1.133000,10.312640
1.134000,10.321017
1.135000,10.261309
1.136000,10.252004
1.137000,10.270594
1.138000,10.278608
1.139000,10.356705
1.140000,10.293862
1.141000,10.169765
1.142000,10.224020
1.143000,10.304215
1.144000,10.385974
1.145000,10.402284
1.146000,10.433074
1.147000,10.440116
1.148000,10.366469
1.149000,10.334198
1.150000,10.362789
1.151000,10.330218
1.152000,10.439162
1.153000,10.351613
1.154000,10.327262
1.155000,10.390864
1.156000,10.356561
1.157000,10.292460
1.158000,10.215583
1.159000,10.174863
1.160000,10.261566
1.161000,10.285431
1.162000,10.315383
1.163000,10.286331
1.164000,10.334967
1.165000,10.341542
1.166000,10.289608
1.167000,10.264469
1.168000,10.276665
1.169000,10.343959
1.170000,10.341177
1.171000,10.370182
1.172000,10.485638
1.173000,10.440449
1.174000,10.370202
1.175000,10.426696
1.176000,10.452065
1.177000,10.446856
1.178000,10.462285
1.179000,10.443905
1.180000,10.473699
1.181000,10.454957
1.182000,10.500909
1.183000,10.434612
1.184000,10.388603
1.185000,10.395805
1.186000,10.369635
1.187000,10.409865
1.188000,10.408033
1.189000,10.377750
1.190000,10.390352
1.191000,10.360955
1.192000,10.273024
1.193000,10.209283
1.194000,10.164729
1.195000,10.139164
1.196000,10.145994
1.197000,10.199138
1.198000,10.231762
1.199000,10.334293
1.200000,10.407901
1.201000,10.398107
1.202000,10.493076
1.203000,10.561138
1.204000,10.536059
1.205000,10.554586
1.206000,10.617671
1.207000,10.632119
1.208000,10.690642
1.209000,10.713731
1.210000,10.754325
1.211000,10.736694
1.212000,10.758798
1.213000,10.738589
1.214000,10.777616
1.215000,10.681967
1.216000,10.701707
1.217000,10.773524
1.218000,10.807068
1.219000,10.806062
1.220000,10.837192
1.221000,10.789447
1.222000,10.742604
1.223000,10.722757
1.224000,10.714963
1.225000,10.770586
1.226000,10.720214
1.227000,10.777797
1.228000,10.688773
1.229000,10.644656
1.230000,10.643326
1.231000,10.709990
1.232000,10.675688
1.233000,10.554369
1.234000,10.579210
1.235000,10.578438
1.236000,10.517722
1.237000,10.459307
1.238000,10.420826
1.239000,10.427609
1.240000,10.466549
1.241000,10.383492
1.242000,10.515031
1.243000,10.513863
1.244000,10.493620
1.245000,10.532936
1.246000,10.540063
1.247000,10.673954
1.248000,10.736981
1.249000,10.716505
1.250000,10.694808
1.251000,10.667031
1.252000,10.648201
1.253000,10.687144
1.254000,10.650938
1.255000,10.743378
1.256000,10.739142
1.257000,10.731283
1.258000,10.785735
1.259000,10.673392
1.260000,10.620655
1.261000,10.655376
1.262000,10.656583
1.263000,10.656441
1.264000,10.679572
1.265000,10.645844
1.266000,10.636663
1.267000,10.559740
1.268000,10.453695
1.269000,10.526585
1.270000,10.474223
1.271000,10.434291
1.272000,10.514675
1.273000,10.575709
1.274000,10.546332
1.275000,10.516743
1.276000,10.512757
1.277000,10.459072
1.278000,10.491050
1.279000,10.500001
1.280000,10.508046
1.281000,10.551573
1.282000,10.593034
1.283000,10.698347
1.284000,10.784930
1.285000,10.687666
1.286000,10.739036
1.287000,10.675523
1.288000,10.594514
1.289000,10.635435
1.290000,10.595818
1.291000,10.578270
1.292000,10.639647
1.293000,10.602234
1.294000,10.551696
1.295000,10.570822
1.296000,10.640933
1.297000,10.671378
1.298000,10.583230
1.299000,10.546635
1.300000,10.538515
1.301000,10.648944
1.302000,10.700130
1.303000,10.748830
1.304000,10.817440
1.305000,10.799850
1.306000,10.827195
1.307000,10.855091
1.308000,10.799417
1.309000,10.798507
1.310000,10.830668
1.311000,10.769193
1.312000,10.815303
1.313000,10.858508
1.314000,10.917281
1.315000,10.872991
1.316000,10.879000
1.317000,10.961611
1.318000,11.006452
1.319000,10.961211
1.320000,10.973740
1.321000,11.054280
1.322000,11.049455
1.323000,11.070658
1.324000,11.216332
1.325000,11.213393
1.326000,11.206404
1.327000,11.148301
1.328000,11.110040
1.329000,11.193877
1.330000,11.185037
1.331000,11.116563
1.332000,11.062711
1.333000,11.062288
1.334000,11.105054
1.335000,11.061778
1.336000,11.101506
1.337000,11.072697
1.338000,11.091939
1.339000,11.120382
1.340000,11.153701
1.341000,11.127729
1.342000,11.116680
1.343000,11.144012
1.344000,11.068740
1.345000,11.076971
1.346000,11.104522
1.347000,11.162100
1.348000,11.157938
1.349000,11.145327
1.350000,11.151213
1.351000,11.107239
1.352000,11.093102
1.353000,11.114094
1.354000,11.127725
1.355000,11.065814
1.356000,11.044820
1.357000,10.922031
1.358000,10.965326
1.359000,10.932595
1.360000,10.943747
1.361000,10.878631
1.362000,10.871315
1.363000,10.894111
1.364000,10.947266
1.365000,10.866917
1.366000,10.912091
1.367000,10.899776
1.368000,10.852674
1.369000,10.876857
1.370000,10.857074
1.371000,10.837178
1.372000,10.794102
1.373000,10.803816
1.374000,10.802862
1.375000,10.789901
1.376000,10.732455
1.377000,10.700348
1.378000,10.720307
1.379000,10.790073
1.380000,10.785400
1.381000,10.862689
1.382000,10.858766
1.383000,10.793419
1.384000,10.826161
1.385000,10.767971
1.386000,10.787721
1.387000,10.845447
1.388000,10.824643
1.389000,10.816386
1.390000,10.953536
1.391000,10.963665
1.392000,10.975205
1.393000,11.016123
1.394000,11.006962
1.395000,10.998395
1.396000,11.016549
1.397000,10.876976
1.398000,10.954210
1.399000,10.890112
1.400000,10.825533
1.401000,10.853047
1.402000,10.851399
1.403000,10.777162
1.404000,10.786192
1.405000,10.718343
1.406000,10.675862
1.407000,10.587618
1.408000,10.537992
1.409000,10.558054
1.410000,10.562490
1.411000,10.577501
1.412000,10.627300
1.413000,10.622165
1.414000,10.581965
1.415000,10.563456
1.416000,10.654535
1.417000,10.653684
1.418000,10.669076
1.419000,10.660823
1.420000,10.671985
1.421000,10.693701
1.422000,10.690348
1.423000,10.678714
1.424000,10.631501
1.425000,10.580723
1.426000,10.601233
1.427000,10.641097
1.428000,10.690805
1.429000,10.691038
1.430000,10.641347
1.431000,10.674411
1.432000,10.706589
1.433000,10.618373
1.434000,10.661294
1.435000,10.691618
1.436000,10.783446
1.437000,10.716444
1.438000,10.640898
1.439000,10.682874
1.440000,10.578150
1.441000,10.534136
1.442000,10.469725
1.443000,10.409949
1.444000,10.299571
1.445000,10.284182
1.446000,10.337706
1.447000,10.360852
1.448000,10.384201
1.449000,10.361950
1.450000,10.442161
1.451000,10.470096
1.452000,10.527700
1.453000,10.437610
1.454000,10.455283
1.455000,10.388506
1.456000,10.406584
1.457000,10.416121
1.458000,10.350483
1.459000,10.358980
1.460000,10.423345
1.461000,10.450226
1.462000,10.482197
1.463000,10.431665
1.464000,10.391683
1.465000,10.327256
1.466000,10.333570
1.467000,10.399863
1.468000,10.423286
1.469000,10.421887
1.470000,10.357130
1.471000,10.381205
1.472000,10.366557
1.473000,10.257456
1.474000,10.158585
1.475000,10.138693
1.476000,10.087367
1.477000,10.180540
1.478000,10.181878
1.479000,10.122397
1.480000,10.094234
1.481000,10.184097
1.482000,10.129773
1.483000,10.172979
1.484000,10.197277
1.485000,10.279951
1.486000,10.309333
1.487000,10.285771
1.488000,10.314956
1.489000,10.317999
1.490000,10.372492
1.491000,10.368187
1.492000,10.479550
1.493000,10.472865
1.494000,10.496909
1.495000,10.458820
1.496000,10.465195
1.497000,10.466009
1.498000,10.474958
1.499000,10.525323
1.500000,10.494132
1.501000,10.445500
1.502000,10.507770
1.503000,10.490934
1.504000,10.452448
1.505000,10.517351
1.506000,10.560836
1.507000,10.410379
1.508000,10.388657
1.509000,10.432905
1.510000,10.479890
1.511000,10.450481
1.512000,10.538810
1.513000,10.493539
1.514000,10.480189
1.515000,10.487260
1.516000,10.486799
1.517000,10.532346
1.518000,10.589977
1.519000,10.587194
1.520000,10.666160
1.521000,10.627014
1.522000,10.614693
1.523000,10.711937
1.524000,10.717137
1.525000,10.777300
1.526000,10.752536
1.527000,10.737245
1.528000,10.731045
1.529000,10.740609
1.530000,10.721321
1.531000,10.722216
1.532000,10.760116
1.533000,10.828319
1.534000,10.834320
1.535000,10.870910
1.536000,10.922358
1.537000,10.861114
1.538000,10.771899
1.539000,10.863492
1.540000,10.938097
1.541000,10.941108
1.542000,10.960757
1.543000,10.907141
1.544000,10.828648
1.545000,10.846526
1.546000,10.762314
1.547000,10.814146
1.548000,10.775625
1.549000,10.792143
1.550000,10.901726
1.551000,11.008417
1.552000,10.992576
1.553000,11.052613
1.554000,10.993665
1.555000,10.960039
1.556000,10.980614
1.557000,11.058718
1.558000,11.025558
1.559000,11.055659
1.560000,11.060755
1.561000,10.988487
1.562000,10.980318
1.563000,11.064717
1.564000,11.058735
1.565000,11.086439
1.566000,11.132596
1.567000,11.089930
1.568000,11.158871
1.569000,11.243097
1.570000,11.332486
1.571000,11.405573
1.572000,11.377682
1.573000,11.342962
1.574000,11.296968
1.575000,11.244134
1.576000,11.197721
1.577000,11.252746
1.578000,11.334339
1.579000,11.296444
1.580000,11.340937
1.581000,11.267527
1.582000,11.247510
1.583000,11.189495
1.584000,11.095664
1.585000,11.097446
1.586000,11.100559
1.587000,11.076060
1.588000,11.044996
1.589000,10.987692
1.590000,10.978897
1.591000,10.943511
1.592000,10.955922
1.593000,10.886139
1.594000,10.897833
1.595000,10.925615
1.596000,10.994879
1.597000,11.053071
1.598000,11.062262
1.599000,11.021781
1.600000,10.916154
1.601000,10.914311
1.602000,10.993190
1.603000,11.085819
1.604000,10.939516
1.605000,10.894943
1.606000,10.873527
1.607000,10.812887
1.608000,10.822139
1.609000,10.822960
1.610000,10.792178
1.611000,10.788810
1.612000,10.696946
1.613000,10.640548
1.614000,10.588560
1.615000,10.638632
1.616000,10.545049
1.617000,10.532068
1.618000,10.575471
1.619000,10.571455
1.620000,10.616672
1.621000,10.578526
1.622000,10.602352
1.623000,10.652797
1.624000,10.778730
1.625000,10.818815
1.626000,10.898693
1.627000,10.897880
1.628000,10.902058
1.629000,10.989920
1.630000,11.021570
1.631000,11.100727
1.632000,11.139436
1.633000,11.258443
1.634000,11.392128
1.635000,11.342449
1.636000,11.446279
1.637000,11.468898
1.638000,11.493954
1.639000,11.485307
1.640000,11.524199
1.641000,11.458908
1.642000,11.415689
1.643000,11.370471
1.644000,11.385385
1.645000,11.436279
1.646000,11.476629
1.647000,11.495989
1.648000,11.460653
1.649000,11.358982
1.650000,11.380706
1.651000,11.387741
1.652000,11.406827
1.653000,11.486809
1.654000,11.475030
1.655000,11.462161
1.656000,11.328996
1.657000,11.359764
1.658000,11.355870
1.659000,11.312699
1.660000,11.333642
1.661000,11.273151
1.662000,11.241371
1.663000,11.352206
1.664000,11.393897
1.665000,11.445395
1.666000,11.486707
1.667000,11.521863
1.668000,11.531375
1.669000,11.659911
1.670000,11.653878
1.671000,11.693889
1.672000,11.679483
1.673000,11.657525
1.674000,11.516801
1.675000,11.405602
1.676000,11.492213
1.677000,11.575246
1.678000,11.548459
1.679000,11.544713
1.680000,11.577661
1.681000,11.519022
1.682000,11.617791
1.683000,11.556403
1.684000,11.513301
1.685000,11.353961
1.686000,11.438430
1.687000,11.439784
1.688000,11.530194
1.689000,11.470980
1.690000,11.488155
1.691000,11.490282
1.692000,11.499473
1.693000,11.615408
1.694000,11.741984
1.695000,11.817800
1.696000,11.792111
1.697000,11.840139
1.698000,11.913790
1.699000,11.942474
1.700000,11.971728
1.701000,11.995932
1.702000,11.941334
1.703000,11.952093
1.704000,12.040143
1.705000,11.980040
1.706000,11.981379
1.707000,12.025580
1.708000,11.944468
1.709000,11.933339
1.710000,11.833456
1.711000,11.795843
1.712000,11.712685
1.713000,11.658744
1.714000,11.627993
1.715000,11.609393
1.716000,11.594898
1.717000,11.455051
1.718000,11.542842
1.719000,11.524329
1.720000,11.459070
1.721000,11.420505
1.722000,11.435422
1.723000,11.375594
1.724000,11.349335
1.725000,11.319925
1.726000,11.348042
1.727000,11.302772
1.728000,11.326017
1.729000,11.343274
1.730000,11.332179
1.731000,11.400202
1.732000,11.398610
1.733000,11.328827
1.734000,11.343169
1.735000,11.347543
1.736000,11.342594
1.737000,11.353185
1.738000,11.484272
1.739000,11.494651
1.740000,11.517777
1.741000,11.500772
1.742000,11.572419
1.743000,11.566117
1.744000,11.517391
1.745000,11.444828
1.746000,11.472008
1.747000,11.511495
1.748000,11.418120
1.749000,11.374161
1.750000,11.407995
1.751000,11.463718
1.752000,11.385662
1.753000,11.359705
1.754000,11.404410
1.755000,11.371236
1.756000,11.342864
1.757000,11.309423
1.758000,11.232426
1.759000,11.232634
1.760000,11.247501
1.761000,11.165204
1.762000,11.168572
1.763000,11.229287
1.764000,11.238632
1.765000,11.290065
1.766000,11.256202
1.767000,11.331614
1.768000,11.284192
1.769000,11.388931
1.770000,11.360582
1.771000,11.316941
1.772000,11.263473
1.773000,11.237432
1.774000,11.206861
1.775000,11.165185
1.776000,11.144084
1.777000,11.179597
1.778000,11.227431
1.779000,11.205742
1.780000,11.273588
1.781000,11.214205
1.782000,11.153200
1.783000,11.086483
1.784000,11.118513
1.785000,11.027960
1.786000,10.946356
1.787000,11.017176
1.788000,11.112548
1.789000,11.186683
1.790000,11.099273
1.791000,11.097587
1.792000,11.142559
1.793000,11.145581
1.794000,11.050982
1.795000,11.029176
1.796000,10.930208
1.797000,10.857946
1.798000,10.978486
1.799000,11.014929
1.800000,10.929091
1.801000,10.841516
1.802000,10.865499
1.803000,10.828752
1.804000,10.859626
1.805000,10.820709
1.806000,10.807325
1.807000,10.818918
1.808000,10.758103
1.809000,10.646887
1.810000,10.577202
1.811000,10.535871
1.812000,10.522731
1.813000,10.517837
1.814000,10.512469
1.815000,10.540194
1.816000,10.487778
1.817000,10.565657
1.818000,10.677887
1.819000,10.696756
1.820000,10.705450
1.821000,10.774426
1.822000,10.809141
1.823000,10.817558
1.824000,10.805710
1.825000,10.761370
1.826000,10.692627
1.827000,10.728435
1.828000,10.793902
1.829000,10.731462
1.830000,10.725199
1.831000,10.735458
1.832000,10.709063
1.833000,10.663602
1.834000,10.639218
1.835000,10.525072
1.836000,10.519836
1.837000,10.501327
1.838000,10.620089
1.839000,10.671420
1.840000,10.649671
1.841000,10.647169
1.842000,10.742801
1.843000,10.831975
1.844000,10.840065
1.845000,10.830315
1.846000,10.745645
1.847000,10.724775
1.848000,10.712951
1.849000,10.668884
1.850000,10.765263
1.851000,10.656215
1.852000,10.646424
1.853000,10.667542
1.854000,10.690311
1.855000,10.784180
1.856000,10.702247
1.857000,10.657510
1.858000,10.660961
1.859000,10.666414
1.860000,10.642369
1.861000,10.596829
1.862000,10.655954
1.863000,10.594122
1.864000,10.559439
1.865000,10.639380
1.866000,10.736037
1.867000,10.783425
1.868000,10.732129
1.869000,10.681351
1.870000,10.628044
1.871000,10.561455
1.872000,10.535893
1.873000,10.606383
1.874000,10.617056
1.875000,10.572005
1.876000,10.525767
1.877000,10.456960
1.878000,10.523867
1.879000,10.406952
1.880000,10.420747
1.881000,10.336953
1.882000,10.274931
1.883000,10.188551
1.884000,10.241852
1.885000,10.235519
1.886000,10.389949
1.887000,10.328841
1.888000,10.264535
1.889000,10.296234
1.890000,10.326237
1.891000,10.308080
1.892000,10.190914
1.893000,10.271183
1.894000,10.301359
1.895000,10.321752
1.896000,10.285565
1.897000,10.319651
1.898000,10.285211
1.899000,10.285109
1.900000,10.271741
1.901000,10.340690
1.902000,10.311053
1.903000,10.288525
1.904000,10.348565
1.905000,10.358425
1.906000,10.354184
1.907000,10.337291
1.908000,10.388229
1.909000,10.347866
1.910000,10.371389
1.911000,10.483595
1.912000,10.502683
1.913000,10.454233
1.914000,10.382104
1.915000,10.386877
1.916000,10.313338
1.917000,10.219027
1.918000,10.172375
1.919000,10.106633
1.920000,10.153171
1.921000,10.067091
1.922000,10.153861
1.923000,10.107499
1.924000,10.110744
1.925000,10.145457
1.926000,10.154512
1.927000,10.191853
1.928000,10.131807
1.929000,9.998643
1.930000,9.983592
1.931000,9.884207
1.932000,9.847657
1.933000,9.897961
1.934000,9.883081
1.935000,9.845646
1.936000,9.777685
1.937000,9.757512
1.938000,9.744089
1.939000,9.650424
1.940000,9.663775
1.941000,9.599044
1.942000,9.608100
1.943000,9.578945
1.944000,9.631934
1.945000,9.677205
1.946000,9.674138
1.947000,9.664389
1.948000,9.685858
1.949000,9.761195
1.950000,9.818463
1.951000,9.824257
1.952000,9.839187
1.953000,9.926171
1.954000,9.830201
1.955000,9.858535
1.956000,9.804756
1.957000,9.879763
1.958000,9.849459
1.959000,9.841160
1.960000,9.777520
1.961000,9.776992
1.962000,9.820930
1.963000,9.915018
1.964000,9.841856
1.965000,9.815832
1.966000,10.037831
1.967000,10.090633
1.968000,10.089404
1.969000,10.118503
1.970000,9.966026
1.971000,10.057785
1.972000,10.066484
1.973000,9.984485
1.974000,10.051086
1.975000,10.015145
1.976000,9.956671
1.977000,9.986757
1.978000,10.009905
1.979000,9.984006
1.980000,9.980153
1.981000,9.903968
1.982000,9.822150
1.983000,9.874121
1.984000,9.949790
1.985000,9.974876
1.986000,9.996633
1.987000,9.974533
1.988000,9.967614
1.989000,9.914768
1.990000,10.015465
1.991000,9.983546
1.992000,10.007397
1.993000,10.007840
1.994000,9.928568
1.995000,10.039543
1.996000,10.018523
1.997000,9.975183
1.998000,9.982214
1.999000,9.931574
2.000000,9.933856
2.001000,9.879787
2.002000,9.912667
2.003000,9.916472
2.004000,9.839218
2.005000,9.899071
2.006000,9.910800
2.007000,9.848667
2.008000,9.870009
2.009000,9.895391
2.010000,10.002271
2.011000,9.953772
2.012000,10.003355
2.013000,9.998772
2.014000,10.034729
2.015000,10.020588
2.016000,10.018152
2.017000,10.047385
2.018000,9.980370
2.019000,9.861440
2.020000,9.862192
2.021000,9.838092
2.022000,9.844489
2.023000,9.882624
2.024000,9.871772
2.025000,9.941466
2.026000,9.940707
2.027000,9.948849
2.028000,9.998120
2.029000,10.033433
2.030000,10.030187
2.031000,10.039249
2.032000,9.997976
2.033000,9.964982
2.034000,9.973030
2.035000,10.021758
2.036000,9.999114
2.037000,10.049346
2.038000,10.162427
2.039000,10.287143
2.040000,10.290698
2.041000,10.353010
2.042000,10.389979
2.043000,10.436997
2.044000,10.486967
2.045000,10.518961
2.046000,10.568272
2.047000,10.581356
2.048000,10.568770
2.049000,10.585559
2.050000,10.616052
2.051000,10.688232
2.052000,10.711647
2.053000,10.756231
2.054000,10.839682
2.055000,10.788450
2.056000,10.775601
2.057000,10.808557
2.058000,10.812113
2.059000,10.756349
2.060000,10.814942
2.061000,10.812939
2.062000,10.757865
2.063000,10.868061
2.064000,10.796723
2.065000,10.797871
2.066000,10.761487
2.067000,10.769684
2.068000,10.803765
2.069000,10.758954
2.070000,10.754873
2.071000,10.749244
2.072000,10.693823
2.073000,10.762251
2.074000,10.773813
2.075000,10.759037
2.076000,10.722725
2.077000,10.705385
2.078000,10.715255
2.079000,10.690618
2.080000,10.763624
2.081000,10.620049
2.082000,10.499674
2.083000,10.487123
2.084000,10.383998
2.085000,10.382421
2.086000,10.347178
2.087000,10.382674
2.088000,10.408595
2.089000,10.485487
2.090000,10.540114
2.091000,10.613665
2.092000,10.645769
2.093000,10.708514
2.094000,10.738831
2.095000,10.706811
2.096000,10.637222
2.097000,10.570062
2.098000,10.599615
2.099000,10.465550
2.100000,10.477792
2.101000,10.437088
2.102000,10.481286
2.103000,10.494863
2.104000,10.454251
2.105000,10.457291
2.106000,10.329843
2.107000,10.347721
2.108000,10.376775
2.109000,10.274351
2.110000,10.325929
2.111000,10.321688
2.112000,10.334117
2.113000,10.255708
2.114000,10.292977
2.115000,10.328865
2.116000,10.330716
2.117000,10.277316
2.118000,10.323664
2.119000,10.397578
2.120000,10.423155
2.121000,10.483016
2.122000,10.452451
2.123000,10.464240
2.124000,10.488739
2.125000,10.500141
2.126000,10.664058
2.127000,10.691067
2.128000,10.662255
2.129000,10.712805
2.130000,10.654296
2.131000,10.678910
2.132000,10.726487
2.133000,10.702175
2.134000,10.687830
2.135000,10.638392
2.136000,10.650140
2.137000,10.615986
2.138000,10.719341
2.139000,10.760644
2.140000,10.752353
2.141000,10.676214
2.142000,10.796959
2.143000,10.875833
2.144000,10.907363
2.145000,10.923208
2.146000,10.937624
2.147000,10.915579
2.148000,11.027437
2.149000,11.043628
2.150000,10.966138
2.151000,10.933357
2.152000,10.791004
2.153000,10.833552
2.154000,10.881997
2.155000,10.987696
2.156000,11.111845
2.157000,11.071634
2.158000,11.101635
2.159000,11.162699
2.160000,11.212028
2.161000,11.187035
2.162000,11.236817
2.163000,11.268903
2.164000,11.350238
2.165000,11.352140
2.166000,11.342004
2.167000,11.316364
2.168000,11.298234
2.169000,11.257966
2.170000,11.241955
2.171000,11.273913
2.172000,11.303297
2.173000,11.381527
2.174000,11.446729
2.175000,11.485044
2.176000,11.421901
2.177000,11.456881
2.178000,11.525575
2.179000,11.453457
2.180000,11.392035
2.181000,11.339861
2.182000,11.282803
2.183000,11.268455
2.184000,11.217207
2.185000,11.241314
2.186000,11.174129
2.187000,11.168786
2.188000,11.142186
2.189000,11.088789
2.190000,11.149606
2.191000,11.152923
2.192000,11.185463
2.193000,11.168077
2.194000,11.209748
2.195000,11.246267
2.196000,11.239029
2.197000,11.139450
2.198000,11.187820
2.199000,11.228805
2.200000,11.240584
2.201000,11.255862
2.202000,11.264343
2.203000,11.276735
2.204000,11.220921
2.205000,11.219268
2.206000,11.238909
2.207000,11.205546
2.208000,11.151860
2.209000,11.259390
2.210000,11.295430
2.211000,11.279376
2.212000,11.252789
2.213000,11.103838
2.214000,11.024484
2.215000,11.012245
2.216000,11.087578
2.217000,10.972272
2.218000,10.934503
2.219000,11.045647
2.220000,11.085730
2.221000,11.111219
2.222000,11.181080
2.223000,11.175955
2.224000,11.167579
2.225000,11.210030
2.226000,11.260177
2.227000,11.201031
2.228000,11.289737
2.229000,11.192027
2.230000,11.154226
2.231000,11.331115
2.232000,11.303517
2.233000,11.342456
2.234000,11.286950
2.235000,11.270359
2.236000,11.231059
2.237000,11.210156
2.238000,11.249365
2.239000,11.350721
2.240000,11.402050
2.241000,11.492195
2.242000,11.464674
2.243000,11.549522
2.244000,11.582853
2.245000,11.662100
2.246000,11.639259
2.247000,11.627004
2.248000,11.705793
2.249000,11.741298
2.250000,11.748015
2.251000,11.709571
2.252000,11.704383
2.253000,11.732433
2.254000,11.773818
2.255000,11.742326
2.256000,11.722976
2.257000,11.747360
2.258000,11.684063
2.259000,11.737195
2.260000,11.736158
2.261000,11.727584
2.262000,11.589031
2.263000,11.497025
2.264000,11.436616
2.265000,11.401949
2.266000,11.337892
2.267000,11.357483
2.268000,11.363264
2.269000,11.346119
2.270000,11.228368
2.271000,11.306219
2.272000,11.288478
2.273000,11.320253
2.274000,11.280151
2.275000,11.278166
2.276000,11.315878
2.277000,11.327267
2.278000,11.379956
2.279000,11.367445
2.280000,11.478635
2.281000,11.368418
2.282000,11.334759
2.283000,11.388304
2.284000,11.371647
2.285000,11.344054
2.286000,11.240673
2.287000,11.306719
2.288000,11.196327
2.289000,11.223028
2.290000,11.231825
2.291000,11.279279
2.292000,11.359838
2.293000,11.317123
2.294000,11.268348
2.295000,11.247630
2.296000,11.147130
2.297000,11.191306
2.298000,11.165956
2.299000,11.172252
2.300000,11.105081
2.301000,11.102795
2.302000,11.064454
2.303000,11.057191
2.304000,10.991942
2.305000,11.047309
2.306000,11.007128
2.307000,10.858578
2.308000,10.892341
2.309000,10.872189
2.310000,10.818765
2.311000,10.958324
2.312000,10.951973
2.313000,10.872360
2.314000,10.834051
2.315000,10.852422
2.316000,10.836227
2.317000,10.903574
2.318000,10.960687
2.319000,10.912065
2.320000,10.910747
2.321000,10.943792
2.322000,10.916756
2.323000,10.886869
2.324000,10.933512
2.325000,10.955665
2.326000,10.872281
2.327000,10.837657
2.328000,10.810816
2.329000,10.800836
2.330000,10.756751
2.331000,10.830011
2.332000,10.771531
2.333000,10.706568
2.334000,10.715542
2.335000,10.584246
2.336000,10.522798
2.337000,10.555819
2.338000,10.477729
2.339000,10.427172
2.340000,10.486654
2.341000,10.510232
2.342000,10.511069
2.343000,10.522593
2.344000,10.481725
2.345000,10.497147
2.346000,10.483434
2.347000,10.623652
2.348000,10.652033
2.349000,10.630509
2.350000,10.625310
2.351000,10.626234
2.352000,10.545583
2.353000,10.496786
2.354000,10.581944
2.355000,10.500120
2.356000,10.465356
2.357000,10.522039
2.358000,10.606419
2.359000,10.546378
2.360000,10.628041
2.361000,10.605680
2.362000,10.698372
2.363000,10.725164
2.364000,10.707339
2.365000,10.747197
2.366000,10.777425
2.367000,10.731732
2.368000,10.852466
2.369000,10.831091
2.370000,10.895008
2.371000,10.865556
2.372000,10.759794
2.373000,10.694368
2.374000,10.687257
2.375000,10.724752
2.376000,10.823598
2.377000,10.826619
2.378000,10.808923
2.379000,10.737308
2.380000,10.733230
2.381000,10.748874
2.382000,10.621357
2.383000,10.694408
2.384000,10.757778
2.385000,10.885897
2.386000,10.832249
2.387000,10.832755
2.388000,10.831880
2.389000,10.754542
2.390000,10.704446
2.391000,10.646743
2.392000,10.674557
2.393000,10.697550
2.394000,10.772731
2.395000,10.747944
2.396000,10.666509
2.397000,10.689860
2.398000,10.709207
2.399000,10.745379
2.400000,10.814517
2.401000,10.779151
2.402000,10.822691
2.403000,10.763408
2.404000,10.770391
2.405000,10.807749
2.406000,10.799116
2.407000,10.809487
2.408000,10.728028
2.409000,10.689065
2.410000,10.695756
2.411000,10.625327
2.412000,10.574919
2.413000,10.711883
2.414000,10.724554
2.415000,10.675406
2.416000,10.614365
2.417000,10.690769
2.418000,10.528377
2.419000,10.504907
2.420000,10.535633
2.421000,10.498036
2.422000,10.522032
2.423000,10.456128
2.424000,10.449042
2.425000,10.444987
2.426000,10.439131
2.427000,10.440713
2.428000,10.436057
2.429000,10.492974
2.430000,10.470847
2.431000,10.430121
2.432000,10.406883
2.433000,10.382342
2.434000,10.288304
2.435000,10.172291
2.436000,10.088275
2.437000,10.097617
2.438000,10.052709
2.439000,10.022409
2.440000,10.178993
2.441000,10.235960
2.442000,10.216755
2.443000,10.173567
2.444000,10.244815
2.445000,10.193014
2.446000,10.256279
2.447000,10.282457
2.448000,10.353996
2.449000,10.305176
2.450000,10.349235
2.451000,10.238441
2.452000,10.221200
2.453000,10.275357
2.454000,10.307524
2.455000,10.195363
2.456000,10.227041
2.457000,10.245469
2.458000,10.234255
2.459000,10.185499
2.460000,10.161985
2.461000,10.121825
2.462000,10.168377
2.463000,10.187446
2.464000,10.240813
2.465000,10.272465
2.466000,10.191744
2.467000,10.191948
2.468000,10.306490
2.469000,10.235452
2.470000,10.243792
2.471000,10.191642
2.472000,10.133397
2.473000,10.137974
2.474000,10.182828
2.475000,10.218997
2.476000,10.237676
2.477000,10.284106
2.478000,10.183480
2.479000,10.222415
2.480000,10.237715
2.481000,10.219486
2.482000,10.211141
2.483000,10.154794
2.484000,10.213510
2.485000,10.162819
2.486000,10.071074
2.487000,10.063212
2.488000,10.022712
2.489000,10.011315
2.490000,10.090130
2.491000,10.074779
2.492000,10.074372
2.493000,10.196124
2.494000,10.108479
2.495000,10.122008
2.496000,10.181185
2.497000,10.260107
2.498000,10.380608
2.499000,10.335282
2.500000,10.362437
2.501000,10.349367
2.502000,10.315894
2.503000,10.267016
2.504000,10.176169
2.505000,10.188104
2.506000,10.223966
2.507000,10.156095
2.508000,10.192548
2.509000,10.153854
2.510000,10.088924
2.511000,9.932122
2.512000,9.988707
2.513000,10.023099
2.514000,9.998598
2.515000,9.969895
2.516000,9.888982
2.517000,9.912291
2.518000,9.902372
2.519000,9.927095
2.520000,9.931077
2.521000,9.844351
2.522000,9.749301
2.523000,9.767655
2.524000,9.665227
2.525000,9.675626
2.526000,9.722422
2.527000,9.643757
2.528000,9.677665
2.529000,9.675610
2.530000,9.701893
2.531000,9.661425
2.532000,9.656701
2.533000,9.677550
2.534000,9.778950
2.535000,9.817655
2.536000,9.842935
2.537000,9.765451
2.538000,9.781721
2.539000,9.739958
2.540000,9.733511
2.541000,9.746613
2.542000,9.800028
2.543000,9.831898
2.544000,9.840656
2.545000,9.835382
2.546000,9.911264
2.547000,9.858566
2.548000,9.859102
2.549000,9.936360
2.550000,9.923514
2.551000,9.969448
2.552000,10.018833
2.553000,10.130564
2.554000,10.193449
2.555000,10.096734
2.556000,10.094793
2.557000,10.109565
2.558000,10.154825
2.559000,10.174643
2.560000,10.280210
2.561000,10.340467
2.562000,10.269511
2.563000,10.229859
2.564000,10.108011
2.565000,10.203833
2.566000,10.192599
2.567000,10.180087
2.568000,10.084619
2.569000,10.054352
2.570000,10.073496
2.571000,10.044292
2.572000,10.015396
2.573000,9.973221
2.574000,10.080319
2.575000,10.041316
2.576000,9.950152
2.577000,9.912535
2.578000,9.884237
2.579000,9.870392
2.580000,9.847586
2.581000,9.774217
2.582000,9.753621
2.583000,9.766654
2.584000,9.676461
2.585000,9.781141
2.586000,9.869547
2.587000,9.754981
2.588000,9.724066
2.589000,9.772634
2.590000,9.840343
2.591000,9.933530
2.592000,9.816804
2.593000,9.742838
2.594000,9.703489
2.595000,9.725708
2.596000,9.654107
2.597000,9.669911
2.598000,9.686992
2.599000,9.719641
2.600000,9.636281
2.601000,9.639119
2.602000,9.634959
2.603000,9.602704
2.604000,9.670237
2.605000,9.645605
2.606000,9.721942
2.607000,9.680177
2.608000,9.771727
2.609000,9.860104
2.610000,9.805646
2.611000,9.818609
2.612000,9.830426
2.613000,9.767794
2.614000,9.807419
2.615000,9.836174
2.616000,9.780310
2.617000,9.780856
2.618000,9.827396
2.619000,9.813329
2.620000,9.767334
2.621000,9.857769
2.622000,9.796621
2.623000,9.812332
2.624000,9.873460
2.625000,9.915476
2.626000,9.805554
2.627000,9.783438
2.628000,9.772835
2.629000,9.757905
2.630000,9.791717
2.631000,9.820857
2.632000,9.826534
2.633000,9.840048
2.634000,9.896945
2.635000,9.967529
2.636000,9.856465
2.637000,9.981525
2.638000,9.948366
2.639000,9.992574
2.640000,9.897534
2.641000,9.867150
2.642000,9.794005
2.643000,9.856605
2.644000,9.907649
2.645000,9.907734
2.646000,9.897722
2.647000,9.919946
2.648000,9.865500
2.649000,9.830380
2.650000,9.786228
2.651000,9.833755
2.652000,9.835356
2.653000,9.761813
2.654000,9.782007
2.655000,9.812645
2.656000,9.893014
2.657000,9.860911
2.658000,9.884408
2.659000,10.004768
2.660000,9.985783
2.661000,9.964634
2.662000,9.993968
2.663000,9.964815
2.664000,9.964755
2.665000,9.935463
2.666000,9.890021
2.667000,9.940673
2.668000,9.918752
2.669000,9.860449
2.670000,9.843689
2.671000,9.835314
2.672000,9.852407
2.673000,9.906150
2.674000,10.007976
2.675000,9.936510
2.676000,9.921630
2.677000,9.815825
2.678000,9.827915
2.679000,9.857303
2.680000,9.818615
2.681000,9.764789
2.682000,9.706443
2.683000,9.618891
2.684000,9.654188
2.685000,9.763022
2.686000,9.695687
2.687000,9.788228
2.688000,9.779688
2.689000,9.697355
2.690000,9.727774
2.691000,9.769279
2.692000,9.789549
2.693000,9.771911
2.694000,9.865526
2.695000,9.846216
2.696000,9.879877
2.697000,9.914210
2.698000,9.859265
2.699000,9.749246
2.700000,9.646237
2.701000,9.620255
2.702000,9.637716
2.703000,9.531799
2.704000,9.487082
2.705000,9.572453
2.706000,9.465472
2.707000,9.488956
2.708000,9.505940
2.709000,9.548006
2.710000,9.459509
2.711000,9.475502
2.712000,9.391643
2.713000,9.465179
2.714000,9.411616
2.715000,9.429937
2.716000,9.380075
2.717000,9.384418
2.718000,9.292146
2.719000,9.304993
2.720000,9.336210
2.721000,9.331908
2.722000,9.421494
2.723000,9.438933
2.724000,9.480385
2.725000,9.505626
2.726000,9.609908
2.727000,9.567766
2.728000,9.548069
2.729000,9.531420
2.730000,9.563197
2.731000,9.574399
2.732000,9.618785
2.733000,9.632026
2.734000,9.598409
2.735000,9.591130
2.736000,9.612820
2.737000,9.477091
2.738000,9.554317
2.739000,9.518331
2.740000,9.494766
2.741000,9.507002
2.742000,9.489773
2.743000,9.403099
2.744000,9.387562
2.745000,9.465722
2.746000,9.524223
2.747000,9.593681
2.748000,9.559625
2.749000,9.545205
2.750000,9.604490
2.751000,9.688843
2.752000,9.688983
2.753000,9.631291
2.754000,9.517981
2.755000,9.599417
2.756000,9.510113
2.757000,9.534497
2.758000,9.585755
2.759000,9.774653
2.760000,9.785131
2.761000,9.778025
2.762000,9.804540
2.763000,9.834102
2.764000,9.912212
2.765000,9.952213
2.766000,9.907509
2.767000,9.784460
2.768000,9.802166
2.769000,9.763058
2.770000,9.846032
2.771000,9.769718
2.772000,9.782169
2.773000,9.740127
2.774000,9.689647
2.775000,9.788224
2.776000,9.798990
2.777000,9.789250
2.778000,9.833533
2.779000,9.788342
2.780000,9.767718
2.781000,9.731299
2.782000,9.848645
2.783000,9.868857
2.784000,9.906570
2.785000,9.972788
2.786000,9.962446
2.787000,9.953946
2.788000,9.858352
2.789000,9.887257
2.790000,9.903154
2.791000,9.879572
2.792000,9.951055
2.793000,9.846454
2.794000,9.871830
2.795000,9.791364
2.796000,9.724813
2.797000,9.713285
2.798000,9.792630
2.799000,9.723300
2.800000,9.665281
2.801000,9.594872
2.802000,9.714563
2.803000,9.746215
2.804000,9.770893
2.805000,9.893357
2.806000,9.908556
2.807000,9.785003
2.808000,9.755900
2.809000,9.686059
2.810000,9.806472
2.811000,9.723535
2.812000,9.742253
2.813000,9.712570
2.814000,9.687310
2.815000,9.689363
2.816000,9.682218
2.817000,9.642583
2.818000,9.570426
2.819000,9.532915
2.820000,9.472254
2.821000,9.419763
2.822000,9.427967
2.823000,9.420104
2.824000,9.449534
2.825000,9.436532
2.826000,9.551310
2.827000,9.508885
2.828000,9.450625
2.829000,9.512207
2.830000,9.471291
2.831000,9.479541
2.832000,9.538293
2.833000,9.533198
2.834000,9.512902
2.835000,9.570917
2.836000,9.591169
2.837000,9.560243
2.838000,9.489934
2.839000,9.468209
2.840000,9.370818
2.841000,9.320047
2.842000,9.256160
2.843000,9.274596
2.844000,9.320681
2.845000,9.282979
2.846000,9.257785
2.847000,9.193503
2.848000,9.112709
2.849000,9.088193
2.850000,9.122617
2.851000,9.151348
2.852000,9.187095
2.853000,9.171758
2.854000,9.011039
2.855000,9.067081
2.856000,9.146338
2.857000,9.201246
2.858000,9.255588
2.859000,9.321357
2.860000,9.480811
2.861000,9.500558
2.862000,9.593349
2.863000,9.641949
2.864000,9.682782
2.865000,9.675707
2.866000,9.656139
2.867000,9.590439
2.868000,9.626102
2.869000,9.608549
2.870000,9.538544
2.871000,9.494743
2.872000,9.425746
2.873000,9.521689
2.874000,9.508332
2.875000,9.515854
2.876000,9.445338
2.877000,9.385519
2.878000,9.448940
2.879000,9.436326
2.880000,9.450771
2.881000,9.560640
2.882000,9.685354
2.883000,9.726986
2.884000,9.756624
2.885000,9.771380
2.886000,9.755264
2.887000,9.875796
2.888000,9.804504
2.889000,9.799914
2.890000,9.686886
2.891000,9.612997
2.892000,9.637952
2.893000,9.666033
2.894000,9.686981
2.895000,9.668786
2.896000,9.627967
2.897000,9.597185
2.898000,9.575685
2.899000,9.641604
2.900000,9.728934
2.901000,9.755997
2.902000,9.724981
2.903000,9.670467
2.904000,9.689484
2.905000,9.676936
2.906000,9.570024
2.907000,9.652322
2.908000,9.652890
2.909000,9.635076
2.910000,9.584671
2.911000,9.534139
2.912000,9.588595
2.913000,9.533934
2.914000,9.540877
2.915000,9.579679
2.916000,9.689951
2.917000,9.726666
2.918000,9.725533
2.919000,9.700395
2.920000,9.751958
2.921000,9.812211
2.922000,9.787726
2.923000,9.823238
2.924000,9.815744
2.925000,9.720444
2.926000,9.661768
2.927000,9.710650
2.928000,9.796856
2.929000,9.837735
2.930000,9.826421
2.931000,9.784712
2.932000,9.817207
2.933000,9.837466
2.934000,9.742408
2.935000,9.781770
2.936000,9.740684
2.937000,9.781261
2.938000,9.813783
2.939000,9.857416
2.940000,9.921416
2.941000,9.963586
2.942000,9.901905
2.943000,9.842182
2.944000,9.904326
2.945000,9.933083
2.946000,9.840594
2.947000,9.722523
2.948000,9.776303
2.949000,9.908715
2.950000,9.958250
2.951000,9.944713
2.952000,9.961069
2.953000,9.800437
2.954000,9.742217
2.955000,9.803141
2.956000,9.854930
2.957000,9.729819
2.958000,9.800769
2.959000,9.833261
2.960000,9.889464
2.961000,9.878167
2.962000,9.879103
2.963000,9.816025
2.964000,9.835814
2.965000,9.889611
2.966000,9.834629
2.967000,9.857078
2.968000,9.826347
2.969000,9.888827
2.970000,9.947489
2.971000,9.808364
2.972000,9.835974
2.973000,9.896798
2.974000,9.864285
2.975000,9.852190
2.976000,9.843930
2.977000,9.776865
2.978000,9.770827
2.979000,9.863724
2.980000,9.892637
2.981000,9.983393
2.982000,10.042563
2.983000,10.113951
2.984000,10.121391
2.985000,10.167464
2.986000,10.286887
2.987000,10.373882
2.988000,10.392702
2.989000,10.351039
2.990000,10.296182
2.991000,10.310234
2.992000,10.336004
2.993000,10.227119
2.994000,10.240078
2.995000,10.260575
2.996000,10.278369
2.997000,10.245735
2.998000,10.381942
2.999000,10.433206
3.000000,10.351533
3.001000,10.308856
3.002000,10.355883
3.003000,10.385683
3.004000,10.392593
3.005000,10.390025
3.006000,10.376536
3.007000,10.349120
3.008000,10.287522
3.009000,10.320578
3.010000,10.155107
3.011000,10.110899
3.012000,10.182982
3.013000,10.135167
3.014000,10.063144
3.015000,10.173553
3.016000,10.233166
3.017000,10.222289
3.018000,10.185589
3.019000,10.169706
3.020000,10.146919
3.021000,10.130340
3.022000,10.084394
3.023000,10.114053
3.024000,10.078715
3.025000,9.969214
3.026000,9.890508
3.027000,9.888211
3.028000,9.825601
3.029000,9.677091
3.030000,9.763309
3.031000,9.790008
3.032000,9.759218
3.033000,9.725564
3.034000,9.752918
3.035000,9.830862
3.036000,9.790849
3.037000,9.811824
3.038000,9.771602
3.039000,9.787441
3.040000,9.716866
3.041000,9.605606
3.042000,9.607491
3.043000,9.600424
3.044000,9.639743
3.045000,9.596959
3.046000,9.674570
3.047000,9.676722
3.048000,9.764200
3.049000,9.740445
3.050000,9.825744
3.051000,9.818152
3.052000,9.822724
3.053000,9.875817
3.054000,9.767649
3.055000,9.701141
3.056000,9.805756
3.057000,9.713170
3.058000,9.680238
3.059000,9.708828
3.060000,9.791500
3.061000,9.758000
3.062000,9.762118
3.063000,9.691974
3.064000,9.665974
3.065000,9.723139
3.066000,9.739082
3.067000,9.733920
3.068000,9.755764
3.069000,9.760680
3.070000,9.767528
3.071000,9.743636
3.072000,9.682983
3.073000,9.719971
3.074000,9.649244
3.075000,9.706623
3.076000,9.829202
3.077000,9.915553
3.078000,10.049025
3.079000,9.984529
3.080000,9.995900
3.081000,9.944264
3.082000,9.898008
3.083000,9.794428
3.084000,9.720694
3.085000,9.769056
3.086000,9.808180
3.087000,9.877062
3.088000,9.941391
3.089000,9.985514
3.090000,9.936317
3.091000,9.927881
3.092000,9.969506
3.093000,10.041425
3.094000,10.017874
3.095000,9.987482
3.096000,9.960581
3.097000,10.053204
3.098000,10.085289
3.099000,10.065595
3.100000,10.019519
3.101000,10.044319
3.102000,9.944853
3.103000,9.930952
3.104000,9.897053
3.105000,9.862421
3.106000,9.874113
3.107000,9.898318
3.108000,10.076597
3.109000,10.082280
3.110000,10.122880
3.111000,10.075375
3.112000,9.978114
3.113000,10.045250
3.114000,10.160422
3.115000,10.101849
3.116000,10.097761
3.117000,10.163201
3.118000,10.168944
3.119000,10.028770
3.120000,10.088588
3.121000,10.080745
3.122000,10.123836
3.123000,10.067811
3.124000,10.120165
3.125000,10.181571
3.126000,10.139695
3.127000,10.169086
3.128000,10.132308
3.129000,10.103314
3.130000,10.050749
3.131000,10.026071
3.132000,9.987136
3.133000,10.056581
3.134000,10.044025
3.135000,9.978792
3.136000,10.059836
3.137000,10.092331
3.138000,10.150935
3.139000,10.147788
3.140000,10.189277
3.141000,10.184184
3.142000,10.129042
3.143000,10.136149
3.144000,10.145513
3.145000,10.154410
3.146000,10.204605
3.147000,10.104192
3.148000,10.122681
3.149000,10.077228
3.150000,10.062174
3.151000,10.089719
3.152000,10.095036
3.153000,10.057381
3.154000,10.103377
3.155000,10.101873
3.156000,10.158374
3.157000,10.232322
3.158000,10.213355
3.159000,10.151272
3.160000,10.158217
3.161000,10.208028
3.162000,10.228879
3.163000,10.162965
3.164000,10.066510
3.165000,10.014305
3.166000,9.961724
3.167000,10.000939
3.168000,10.007492
3.169000,10.061377
3.170000,10.059303
3.171000,10.159733
3.172000,10.163232
3.173000,10.198352
3.174000,10.177377
3.175000,10.206388
3.176000,10.272615
3.177000,10.320621
3.178000,10.397779
3.179000,10.365328
3.180000,10.394746
3.181000,10.496920
3.182000,10.514342
3.183000,10.507560
3.184000,10.496960
3.185000,10.469264
3.186000,10.480569
3.187000,10.564193
3.188000,10.593188
3.189000,10.594381
3.190000,10.550936
3.191000,10.487656
3.192000,10.628790
3.193000,10.604032
3.194000,10.612254
3.195000,10.586528
3.196000,10.598629
3.197000,10.576108
3.198000,10.584489
3.199000,10.670581
3.200000,10.629645
3.201000,10.662059
3.202000,10.659771
3.203000,10.702970
3.204000,10.664953
3.205000,10.689761
3.206000,10.634118
3.207000,10.529718
3.208000,10.454667
3.209000,10.400564
3.210000,10.336354
3.211000,10.318158
3.212000,10.382252
3.213000,10.316600
3.214000,10.342479
3.215000,10.351006
3.216000,10.309915
3.217000,10.255703
3.218000,10.280024
3.219000,10.307220
3.220000,10.286596
3.221000,10.277332
3.222000,10.276139
3.223000,10.199833
3.224000,10.205461
3.225000,10.222438
3.226000,10.322834
3.227000,10.248613
3.228000,10.197837
3.229000,10.201981
3.230000,10.167550
3.231000,10.143570
3.232000,10.143373
3.233000,10.125845
3.234000,10.123303
3.235000,10.147973
3.236000,10.054331
3.237000,10.086098
3.238000,9.956595
3.239000,10.054086
3.240000,10.106859
3.241000,10.071547
3.242000,10.129620
3.243000,10.120798
3.244000,10.145343
3.245000,10.188358
3.246000,10.207951
3.247000,10.207740
3.248000,10.243056
3.249000,10.231870
3.250000,10.210079
3.251000,10.155696
3.252000,10.052264
3.253000,10.143159
3.254000,10.187901
3.255000,10.107834
3.256000,10.130711
3.257000,10.142814
3.258000,10.017199
3.259000,9.970062
3.260000,9.964695
3.261000,10.063563
3.262000,10.126668
3.263000,10.199008
3.264000,10.217441
3.265000,10.274834
3.266000,10.208028
3.267000,10.243682
3.268000,10.285763
3.269000,10.213918
3.270000,10.228873
3.271000,10.316447
3.272000,10.426982
3.273000,10.508249
3.274000,10.468277
3.275000,10.463569
3.276000,10.434599
3.277000,10.505536
3.278000,10.457927
3.279000,10.398835
3.280000,10.307226
3.281000,10.319560
3.282000,10.345512
3.283000,10.312405
3.284000,10.270408
3.285000,10.261060
3.286000,10.339122
3.287000,10.263653
3.288000,10.262709
3.289000,10.276155
3.290000,10.299012
3.291000,10.372219
3.292000,10.420956
3.293000,10.437946
3.294000,10.522736
3.295000,10.589128
3.296000,10.606790
3.297000,10.621402
3.298000,10.554981
3.299000,10.563635
3.300000,10.520140
3.301000,10.456414
3.302000,10.442073
3.303000,10.344986
3.304000,10.295666
3.305000,10.267714
3.306000,10.288143
3.307000,10.271021
3.308000,10.294593
3.309000,10.385746
3.310000,10.433067
3.311000,10.367600
3.312000,10.266573
3.313000,10.214609
3.314000,10.164138
3.315000,10.051216
3.316000,9.953201
3.317000,9.855310
3.318000,9.820741
3.319000,9.901588
3.320000,9.997983
3.321000,9.938252
3.322000,9.910345
3.323000,9.830093
3.324000,9.734896
3.325000,9.728185
3.326000,9.727888
3.327000,9.688489
3.328000,9.720818
3.329000,9.697851
3.330000,9.755755
3.331000,9.722721
3.332000,9.766845
3.333000,9.750540
3.334000,9.752746
3.335000,9.783266
3.336000,9.702024
3.337000,9.654768
3.338000,9.645751
3.339000,9.624830
3.340000,9.634510
3.341000,9.583308
3.342000,9.502579
3.343000,9.491579
3.344000,9.503042
3.345000,9.452176
3.346000,9.516538
3.347000,9.551187
3.348000,9.594748
3.349000,9.634666
3.350000,9.581254
3.351000,9.698096
3.352000,9.653678
3.353000,9.671836
3.354000,9.710312
3.355000,9.726886
3.356000,9.735593
3.357000,9.687834
3.358000,9.664150
3.359000,9.665406
3.360000,9.739238
3.361000,9.701632
3.362000,9.741176
3.363000,9.766731
3.364000,9.772628
3.365000,9.742674
3.366000,9.736509
3.367000,9.640312
3.368000,9.649158
3.369000,9.670786
3.370000,9.644782
3.371000,9.678517
3.372000,9.700497
3.373000,9.663363
3.374000,9.715580
3.375000,9.689880
3.376000,9.831812
3.377000,9.777945
3.378000,9.736705
3.379000,9.705389
3.380000,9.723875
3.381000,9.794827
3.382000,9.804804
3.383000,9.786745
3.384000,9.899653
3.385000,9.962169
3.386000,9.950482
3.387000,9.948245
3.388000,9.865175
3.389000,9.871460
3.390000,9.973333
3.391000,9.910781
3.392000,9.833891
3.393000,9.845174
3.394000,9.712611
3.395000,9.795427
3.396000,9.712697
3.397000,9.674830
3.398000,9.668836
3.399000,9.739944
3.400000,9.764820
3.401000,9.658967
3.402000,9.564905
3.403000,9.578330
3.404000,9.460670
3.405000,9.445281
3.406000,9.399362
3.407000,9.445739
3.408000,9.514803
3.409000,9.371984
3.410000,9.396630
3.411000,9.433024
3.412000,9.389122
3.413000,9.354620
3.414000,9.285822
3.415000,9.265619
3.416000,9.288050
3.417000,9.363410
3.418000,9.444205
3.419000,9.426591
3.420000,9.377808
3.421000,9.433202
3.422000,9.274395
3.423000,9.193193
3.424000,9.228356
3.425000,9.353704
3.426000,9.307361
3.427000,9.311481
3.428000,9.246274
3.429000,9.240523
3.430000,9.234652
3.431000,9.190185
3.432000,9.211228
3.433000,9.200316
3.434000,9.228034
3.435000,9.215483
3.436000,9.145906
3.437000,9.153213
3.438000,9.201378
3.439000,9.155922
3.440000,9.231812
3.441000,9.256971
3.442000,9.236004
3.443000,9.237643
3.444000,9.213422
3.445000,9.161912
3.446000,9.214182
3.447000,9.265534
3.448000,9.239669
3.449000,9.229188
3.450000,9.217279
3.451000,9.257013
3.452000,9.340517
3.453000,9.302889
3.454000,9.320535
3.455000,9.319487
3.456000,9.351533
3.457000,9.433938
3.458000,9.384256
3.459000,9.267207
3.460000,9.258150
3.461000,9.167555
3.462000,9.263721
3.463000,9.224767
3.464000,9.209612
3.465000,9.224468
3.466000,9.237340
3.467000,9.214387
3.468000,9.215521
3.469000,9.270688
3.470000,9.254259
3.471000,9.361025
3.472000,9.382403
3.473000,9.249439
3.474000,9.301690
3.475000,9.202987
3.476000,9.223853
3.477000,9.354205
3.478000,9.417142
3.479000,9.354016
3.480000,9.309209
3.481000,9.312049
3.482000,9.396561
3.483000,9.356433
3.484000,9.421261
3.485000,9.440449
3.486000,9.436310
3.487000,9.428527
3.488000,9.526017
3.489000,9.441649
3.490000,9.378594
3.491000,9.431574
3.492000,9.489802
3.493000,9.417205
3.494000,9.366436
3.495000,9.302441
3.496000,9.335648
3.497000,9.299962
3.498000,9.382963
3.499000,9.428517
3.500000,9.445247
3.501000,9.458227
3.502000,9.490615
3.503000,9.540145
3.504000,9.542098
3.505000,9.557973
3.506000,9.604033
3.507000,9.601135
3.508000,9.659145
3.509000,9.652192
3.510000,9.609263
3.511000,9.620924
3.512000,9.716137
3.513000,9.802161
3.514000,9.711435
3.515000,9.729459
3.516000,9.701595
3.517000,9.683378
3.518000,9.664018
3.519000,9.651126
3.520000,9.621390
3.521000,9.605707
3.522000,9.618456
3.523000,9.549804
3.524000,9.479505
3.525000,9.415809
3.526000,9.351396
3.527000,9.385553
3.528000,9.322706
3.529000,9.318396
3.530000,9.322257
3.531000,9.363225
3.532000,9.364940
3.533000,9.425173
3.534000,9.421846
3.535000,9.436052
3.536000,9.479294
3.537000,9.396097
3.538000,9.418319
3.539000,9.504405
3.540000,9.510608
3.541000,9.496600
3.542000,9.604791
3.543000,9.610447
3.544000,9.680336
3.545000,9.544563
3.546000,9.550311
3.547000,9.521455
3.548000,9.543158
3.549000,9.610325
3.550000,9.601501
3.551000,9.588409
3.552000,9.427521
3.553000,9.472405
3.554000,9.548067
3.555000,9.556433
3.556000,9.529107
3.557000,9.549785
3.558000,9.608513
3.559000,9.645045
3.560000,9.763133
3.561000,9.730718
3.562000,9.652833
3.563000,9.680419
3.564000,9.752321
3.565000,9.725771
3.566000,9.725593
3.567000,9.688500
3.568000,9.616503
3.569000,9.574311
3.570000,9.456314
3.571000,9.471702
3.572000,9.497859
3.573000,9.548082
3.574000,9.500556
3.575000,9.463855
3.576000,9.367884
3.577000,9.284713
3.578000,9.335309
3.579000,9.495834
3.580000,9.435113
3.581000,9.412131
3.582000,9.464720
3.583000,9.424526
3.584000,9.457249
3.585000,9.439495
3.586000,9.421917
3.587000,9.473010
3.588000,9.457956
3.589000,9.385217
3.590000,9.431715
3.591000,9.432677
3.592000,9.400659
3.593000,9.354456
3.594000,9.387158
3.595000,9.345798
3.596000,9.352392
3.597000,9.409170
3.598000,9.402590
3.599000,9.464283
3.600000,9.385264
3.601000,9.419575
3.602000,9.449499
3.603000,9.555767
3.604000,9.556338
3.605000,9.606712
3.606000,9.596961
3.607000,9.535863
3.608000,9.485264
3.609000,9.444582
3.610000,9.488524
3.611000,9.443731
3.612000,9.445771
3.613000,9.496690
3.614000,9.567013
3.615000,9.619893
3.616000,9.704253
3.617000,9.638931
3.618000,9.610492
3.619000,9.628008
3.620000,9.690893
3.621000,9.718823
3.622000,9.674387
3.623000,9.662893
3.624000,9.568237
3.625000,9.613746
3.626000,9.511488
3.627000,9.523420
3.628000,9.584347
3.629000,9.635294
3.630000,9.542921
3.631000,9.554686
3.632000,9.534449
3.633000,9.517141
3.634000,9.610263
3.635000,9.626051
3.636000,9.543918
3.637000,9.482024
3.638000,9.522121
3.639000,9.534516
3.640000,9.469444
3.641000,9.373586
3.642000,9.341756
3.643000,9.316431
3.644000,9.362660
3.645000,9.327407
3.646000,9.364995
3.647000,9.433343
3.648000,9.341248
3.649000,9.307149
3.650000,9.394753
3.651000,9.368341
3.652000,9.366442
3.653000,9.420292
3.654000,9.375699
3.655000,9.350757
3.656000,9.255185
3.657000,9.285430
3.658000,9.256101
3.659000,9.233437
3.660000,9.085207
3.661000,9.138845
3.662000,9.176617
3.663000,9.129414
3.664000,9.197344
3.665000,9.055499
3.666000,9.049533
3.667000,8.951356
3.668000,9.104548
3.669000,8.953040
3.670000,8.881181
3.671000,8.835604
3.672000,8.879100
3.673000,8.923891
3.674000,8.943227
3.675000,8.926136
3.676000,9.045225
3.677000,9.000863
3.678000,9.015472
3.679000,9.111983
3.680000,9.038013
3.681000,8.988353
3.682000,9.047881
3.683000,9.070310
3.684000,8.991757
3.685000,8.990096
3.686000,9.096375
3.687000,9.077926
3.688000,9.120136
3.689000,9.123482
3.690000,9.080175
3.691000,9.168395
3.692000,9.219674
3.693000,9.283814
3.694000,9.270779
3.695000,9.272184
3.696000,9.280552
3.697000,9.301568
3.698000,9.277177
3.699000,9.243791
3.700000,9.314111
3.701000,9.246411
3.702000,9.216374
3.703000,9.190058
3.704000,9.155997
3.705000,9.082281
3.706000,9.033822
3.707000,9.075152
3.708000,9.049926
3.709000,9.003079
3.710000,9.093927
3.711000,9.012954
3.712000,9.067649
3.713000,9.083153
3.714000,9.001072
3.715000,8.973507
3.716000,8.946752
3.717000,9.016175
3.718000,9.063951
3.719000,9.043245
3.720000,8.971259
3.721000,8.869881
3.722000,8.855732
3.723000,8.771166
3.724000,8.756750
3.725000,8.740746
3.726000,8.758028
3.727000,8.810933
3.728000,8.812782
3.729000,8.835339
3.730000,8.821086
3.731000,8.876153
3.732000,8.918262
3.733000,9.004814
3.734000,9.078833
3.735000,9.032255
3.736000,8.943968
3.737000,8.976067
3.738000,9.036831
3.739000,8.993626
3.740000,9.074649
3.741000,9.075314
3.742000,9.065327
3.743000,9.080738
3.744000,8.995347
3.745000,8.896291
3.746000,8.871532
3.747000,8.799322
3.748000,8.793199
3.749000,8.787678
3.750000,8.635554
3.751000,8.584375
3.752000,8.609112
3.753000,8.470806
3.754000,8.446165
3.755000,8.363464
3.756000,8.245961
3.757000,8.304439
3.758000,8.360568
3.759000,8.330827
3.760000,8.296634
3.761000,8.370286
3.762000,8.432964
3.763000,8.426370
3.764000,8.469892
3.765000,8.469671
3.766000,8.445608
3.767000,8.474672
3.768000,8.443960
3.769000,8.471348
3.770000,8.450893
3.771000,8.418417
3.772000,8.379575
3.773000,8.399252
3.774000,8.446355
3.775000,8.464331
3.776000,8.408295
3.777000,8.437117
3.778000,8.379503
3.779000,8.309046
3.780000,8.291515
3.781000,8.331608
3.782000,8.364801
3.783000,8.390766
3.784000,8.463306
3.785000,8.506550
3.786000,8.480267
3.787000,8.519184
3.788000,8.498183
3.789000,8.515228
3.790000,8.543471
3.791000,8.534204
3.792000,8.444635
3.793000,8.431742
3.794000,8.409767
3.795000,8.399366
3.796000,8.371414
3.797000,8.303668
3.798000,8.208946
3.799000,8.243398
3.800000,8.284949
3.801000,8.303122
3.802000,8.297529
3.803000,8.405639
3.804000,8.440354
3.805000,8.438470
3.806000,8.482610
3.807000,8.475770
3.808000,8.512819
3.809000,8.526021
3.810000,8.553894
3.811000,8.554919
3.812000,8.526906
3.813000,8.553443
3.814000,8.614750
3.815000,8.560793
3.816000,8.528786
3.817000,8.465237
3.818000,8.513087
3.819000,8.498931
3.820000,8.547573
3.821000,8.501125
3.822000,8.546255
3.823000,8.512293
3.824000,8.484744
3.825000,8.513829
3.826000,8.490476
3.827000,8.455537
3.828000,8.504827
3.829000,8.499918
3.830000,8.568802
3.831000,8.710440
3.832000,8.677216
3.833000,8.656648
3.834000,8.569436
3.835000,8.501573
3.836000,8.534436
3.837000,8.550306
3.838000,8.564917
3.839000,8.589815
3.840000,8.541167
3.841000,8.445137
3.842000,8.505436
3.843000,8.518532
3.844000,8.581617
3.845000,8.578928
3.846000,8.620732
3.847000,8.590073
3.848000,8.588916
3.849000,8.578836
3.850000,8.598991
3.851000,8.676927
3.852000,8.712337
3.853000,8.548400
3.854000,8.541832
3.855000,8.541622
3.856000,8.586309
3.857000,8.593539
3.858000,8.553327
3.859000,8.508474
3.860000,8.488999
3.861000,8.448654
3.862000,8.528420
3.863000,8.561875
3.864000,8.564461
3.865000,8.618546
3.866000,8.739268
3.867000,8.726770
3.868000,8.724385
3.869000,8.706829
3.870000,8.637026
3.871000,8.601049
3.872000,8.548089
3.873000,8.574865
3.874000,8.599974
3.875000,8.648823
3.876000,8.604896
3.877000,8.660472
3.878000,8.605202
3.879000,8.594702
3.880000,8.667115
3.881000,8.736328
3.882000,8.797257
3.883000,8.915538
3.884000,8.973868
3.885000,8.959354
3.886000,8.946629
3.887000,8.902761
3.888000,8.915821
3.889000,8.873303
3.890000,8.838364
3.891000,8.783175
3.892000,8.688271
3.893000,8.828503
3.894000,8.878776
3.895000,8.762090
3.896000,8.787489
3.897000,8.756315
3.898000,8.636231
3.899000,8.624878
3.900000,8.637521
3.901000,8.670747
3.902000,8.733570
3.903000,8.686309
3.904000,8.684110
3.905000,8.722280
3.906000,8.753474
3.907000,8.775946
3.908000,8.782081
3.909000,8.852222
3.910000,8.781787
3.911000,8.698321
3.912000,8.797141
3.913000,8.821681
3.914000,8.885145
3.915000,8.898758
3.916000,8.879094
3.917000,8.854314
3.918000,8.863402
3.919000,8.838158
3.920000,8.835666
3.921000,8.832597
3.922000,8.880447
3.923000,8.926832
3.924000,9.018516
3.925000,8.980297
3.926000,8.979969
3.927000,9.036140
3.928000,9.058040
3.929000,8.923087
3.930000,8.946212
3.931000,8.948550
3.932000,8.924757
3.933000,8.904460
3.934000,8.867271
3.935000,8.936246
3.936000,8.978378
3.937000,8.993967
3.938000,9.060546
3.939000,9.116864
3.940000,9.074445
3.941000,9.019413
3.942000,8.966999
3.943000,9.013732
3.944000,9.017406
3.945000,9.090266
3.946000,9.124491
3.947000,9.118170
3.948000,9.052749
3.949000,9.043379
3.950000,9.173990
3.951000,9.140709
3.952000,9.100071
3.953000,9.093386
3.954000,9.175157
3.955000,9.178417
3.956000,9.122086
3.957000,9.093579
3.958000,9.091676
3.959000,9.101894
3.960000,9.164566
3.961000,9.309787
3.962000,9.391433
3.963000,9.432325
3.964000,9.436222
3.965000,9.396396
3.966000,9.433953
3.967000,9.510713
3.968000,9.561835
3.969000,9.559520
3.970000,9.601766
3.971000,9.594104
3.972000,9.589894
3.973000,9.581660
3.974000,9.590434
3.975000,9.590434
3.976000,9.651443
3.977000,9.655763
3.978000,9.654435
3.979000,9.716653
3.980000,9.758929
3.981000,9.825572
3.982000,9.786402
3.983000,9.863008
3.984000,9.865705
3.985000,9.810090
3.986000,9.804225
3.987000,9.738257
3.988000,9.685466
3.989000,9.665116
3.990000,9.720763
3.991000,9.648474
3.992000,9.666676
3.993000,9.654189
3.994000,9.742810
3.995000,9.755438
3.996000,9.790609
3.997000,9.870339
3.998000,9.810885
3.999000,9.793280
4.000000,9.711838
4.001000,9.666512
4.002000,9.685656
4.003000,9.677428
4.004000,9.700802
4.005000,9.679288
4.006000,9.641600
4.007000,9.634412
4.008000,9.585996
4.009000,9.524468
4.010000,9.436465
4.011000,9.429218
4.012000,9.452891
4.013000,9.384153
4.014000,9.357107
4.015000,9.228416
4.016000,9.160652
4.017000,9.162211
4.018000,9.087907
4.019000,9.109521
4.020000,9.084502
4.021000,9.101898
4.022000,9.068304
4.023000,8.986605
4.024000,8.982465
4.025000,9.019101
4.026000,8.986959
4.027000,9.004927
4.028000,8.962441
4.029000,8.940029
4.030000,9.005471
4.031000,9.000798
4.032000,8.945628
4.033000,8.972634
4.034000,8.971995
4.035000,8.939374
4.036000,8.974213
4.037000,8.810821
4.038000,8.839493
4.039000,8.941297
4.040000,8.954553
4.041000,8.847254
4.042000,8.919239
4.043000,9.054966
4.044000,9.083594
4.045000,9.021929
4.046000,8.982009
4.047000,8.972247
4.048000,8.980223
4.049000,9.042544
4.050000,9.071135
4.051000,8.944531
4.052000,8.925634
4.053000,8.915559
4.054000,9.016036
4.055000,8.981955
4.056000,8.903230
4.057000,8.884462
4.058000,8.897427
4.059000,8.794203
4.060000,8.852408
4.061000,8.843174
4.062000,8.886842
4.063000,8.922875
4.064000,8.950472
4.065000,9.025767
4.066000,9.115605
4.067000,9.091059
4.068000,9.085123
4.069000,9.140562
4.070000,9.147300
4.071000,9.112452
4.072000,9.116039
4.073000,9.067057
4.074000,9.037603
4.075000,8.846361
4.076000,8.852681
4.077000,8.953287
4.078000,8.992329
4.079000,9.029402
4.080000,9.038326
4.081000,8.995307
4.082000,9.021786
4.083000,9.024051
4.084000,9.015871
4.085000,9.028605
4.086000,8.996493
4.087000,9.003168
4.088000,9.038592
4.089000,9.093128
4.090000,9.100301
4.091000,9.144730
4.092000,9.153953
4.093000,9.027757
4.094000,8.920092
4.095000,8.908516
4.096000,8.846396
4.097000,8.877706
4.098000,8.804569
4.099000,8.781637
4.100000,8.751184
4.101000,8.710117
4.102000,8.677868
4.103000,8.676651
4.104000,8.681945
4.105000,8.652842
4.106000,8.662601
4.107000,8.692587
4.108000,8.681992
4.109000,8.644161
4.110000,8.607048
4.111000,8.580982
4.112000,8.551966
4.113000,8.557079
4.114000,8.706907
4.115000,8.769715
4.116000,8.772174
4.117000,8.805781
4.118000,8.839069
4.119000,8.909913
4.120000,8.989606
4.121000,8.936850
4.122000,9.061554
4.123000,9.014896
4.124000,9.021069
4.125000,8.976132
4.126000,8.883025
4.127000,8.785441
4.128000,8.896939
4.129000,8.981161
4.130000,8.928157
4.131000,8.868100
4.132000,8.952807
4.133000,8.901302
4.134000,8.928928
4.135000,9.044220
4.136000,9.088548
4.137000,9.173246
4.138000,9.187290
4.139000,9.094515
4.140000,9.051005
4.141000,8.953516
4.142000,8.973387
4.143000,8.902124
4.144000,8.910897
4.145000,8.884732
4.146000,8.847579
4.147000,8.877706
4.148000,8.852810
4.149000,8.807881
4.150000,8.864814
4.151000,8.863826
4.152000,8.782575
4.153000,8.849975
4.154000,8.772126
4.155000,8.786061
4.156000,8.816393
4.157000,8.802508
4.158000,8.757058
4.159000,8.739678
4.160000,8.720953
4.161000,8.660074
4.162000,8.708667
4.163000,8.675690
4.164000,8.635893
4.165000,8.713474
4.166000,8.672841
4.167000,8.587802
4.168000,8.584740
4.169000,8.585992
4.170000,8.588445
4.171000,8.705810
4.172000,8.675006
4.173000,8.750941
4.174000,8.800922
4.175000,8.882903
4.176000,8.878047
4.177000,8.860941
4.178000,8.850523
4.179000,8.869067
4.180000,8.924136
4.181000,9.017835
4.182000,8.919815
4.183000,8.981132
4.184000,9.003477
4.185000,9.007612
4.186000,8.951015
4.187000,8.971955
4.188000,8.871732
4.189000,8.943502
4.190000,8.892998
4.191000,8.888213
4.192000,8.880791
4.193000,8.915079
4.194000,8.842263
4.195000,8.890998
4.196000,8.916130
4.197000,9.005090
4.198000,9.023755
4.199000,9.018223
4.200000,8.913691
4.201000,8.894895
4.202000,8.989385
4.203000,8.965488
4.204000,8.939442
4.205000,8.933249
4.206000,8.982933
4.207000,8.885575
4.208000,8.988996
4.209000,9.023843
4.210000,9.065907
4.211000,9.066918
4.212000,9.179083
4.213000,9.155904
4.214000,9.203112
4.215000,9.210302
4.216000,9.140785
4.217000,9.134612
4.218000,9.176321
4.219000,9.162097
4.220000,9.140719
4.221000,9.141193
4.222000,9.093909
4.223000,9.033208
4.224000,9.038928
4.225000,8.987925
4.226000,9.021749
4.227000,9.063546
4.228000,9.137641
4.229000,9.193940
4.230000,9.179888
4.231000,9.204782
4.232000,9.141807
4.233000,9.167464
4.234000,9.141078
4.235000,9.218715
4.236000,9.180949
4.237000,9.192055
4.238000,9.150498
4.239000,9.187003
4.240000,9.224117
4.241000,9.169226
4.242000,9.280682
4.243000,9.309732
4.244000,9.231041
4.245000,9.181547
4.246000,9.080349
4.247000,8.969252
4.248000,8.962855
4.249000,8.847391
4.250000,8.870576
4.251000,8.780509
4.252000,8.760870
4.253000,8.858903
4.254000,8.840429
4.255000,8.840068
4.256000,8.911302
4.257000,8.894973
4.258000,8.926477
4.259000,8.882208
4.260000,8.862328
4.261000,8.871006
4.262000,8.872941
4.263000,8.831185
4.264000,8.845128
4.265000,8.880272
4.266000,8.917327
4.267000,8.920552
4.268000,8.868449
4.269000,8.908001
4.270000,8.956905
4.271000,8.902309
4.272000,8.773760
4.273000,8.764072
4.274000,8.822210
4.275000,8.871815
4.276000,8.806069
4.277000,8.881202
4.278000,8.831249
4.279000,8.883564
4.280000,8.859866
4.281000,8.914503
4.282000,8.942770
4.283000,8.929646
4.284000,8.969314
4.285000,8.931767
4.286000,8.909900
4.287000,8.891570
4.288000,8.842951
4.289000,8.894691
4.290000,8.946488
4.291000,8.945769
4.292000,8.890471
4.293000,8.915653
4.294000,8.930536
4.295000,8.965001
4.296000,8.963129
4.297000,8.949237
4.298000,9.026175
4.299000,8.990394
4.300000,8.978128
4.301000,8.876236
4.302000,8.853563
4.303000,8.824936
4.304000,8.804274
4.305000,8.835374
4.306000,8.799460
4.307000,8.821229
4.308000,8.798007
4.309000,8.770877
4.310000,8.664568
4.311000,8.685315
4.312000,8.718097
4.313000,8.660293
4.314000,8.624096
4.315000,8.519460
4.316000,8.496014
4.317000,8.430737
4.318000,8.448477
4.319000,8.437798
4.320000,8.467467
4.321000,8.416145
4.322000,8.316268
4.323000,8.307396
4.324000,8.269738
4.325000,8.367878
4.326000,8.376294
4.327000,8.451987
4.328000,8.476614
4.329000,8.453628
4.330000,8.363144
4.331000,8.345317
4.332000,8.375467
4.333000,8.375365
4.334000,8.389294
4.335000,8.401862
4.336000,8.322567
4.337000,8.335282
4.338000,8.285905
4.339000,8.279219
4.340000,8.351354
4.341000,8.236082
4.342000,8.217363
4.343000,8.232644
4.344000,8.289004
4.345000,8.288718
4.346000,8.238153
4.347000,8.278094
4.348000,8.306313
4.349000,8.203408
4.350000,8.203451
4.351000,8.103993
4.352000,7.952977
4.353000,7.894115
4.354000,7.838886
4.355000,7.716720
4.356000,7.819644
4.357000,7.743828
4.358000,7.763186
4.359000,7.802398
4.360000,7.923832
4.361000,7.903703
4.362000,7.993693
4.363000,7.929110
4.364000,7.927036
4.365000,7.904619
4.366000,7.848683
4.367000,7.868428
4.368000,7.976878
4.369000,8.096990
4.370000,8.135912
4.371000,8.072605
4.372000,8.027747
4.373000,8.062817
4.374000,8.096182
4.375000,8.128905
4.376000,8.114280
4.377000,8.063880
4.378000,8.090570
4.379000,8.090222
4.380000,8.171336
4.381000,8.132937
4.382000,8.182027
4.383000,8.259843
4.384000,8.372789
4.385000,8.484590
4.386000,8.426880
4.387000,8.360806
4.388000,8.370087
4.389000,8.321725
4.390000,8.187925
4.391000,8.272981
4.392000,8.302564
4.393000,8.362299
4.394000,8.374169
4.395000,8.441960
4.396000,8.458352
4.397000,8.467900
4.398000,8.578237
4.399000,8.513744
4.400000,8.545685
4.401000,8.457024
4.402000,8.543503
4.403000,8.531803
4.404000,8.464355
4.405000,8.362340
4.406000,8.351208
4.407000,8.464645
4.408000,8.493924
4.409000,8.406128
4.410000,8.290999
4.411000,8.453595
4.412000,8.421729
4.413000,8.338573
4.414000,8.347461
4.415000,8.381468
4.416000,8.472489
4.417000,8.461613
4.418000,8.421293
4.419000,8.460572
4.420000,8.414986
4.421000,8.436087
4.422000,8.446702
4.423000,8.503274
4.424000,8.463255
4.425000,8.424735
4.426000,8.441547
4.427000,8.468513
4.428000,8.384719
4.429000,8.338713
4.430000,8.348850
4.431000,8.327644
4.432000,8.458485
4.433000,8.499553
4.434000,8.571118
4.435000,8.566448
4.436000,8.571060
4.437000,8.577748
4.438000,8.638454
4.439000,8.619365
4.440000,8.709340
4.441000,8.666772
4.442000,8.723769
4.443000,8.738671
4.444000,8.717432
4.445000,8.808027
4.446000,8.863788
4.447000,8.852784
4.448000,8.808214
4.449000,8.855385
4.450000,8.808822
4.451000,8.839803
4.452000,8.787789
4.453000,8.793540
4.454000,8.743694
4.455000,8.732282
4.456000,8.826782
4.457000,8.925881
4.458000,8.898066
4.459000,8.881995
4.460000,8.785583
4.461000,8.802299
4.462000,8.866707
4.463000,8.817556
4.464000,8.764947
4.465000,8.785094
4.466000,8.752204
4.467000,8.762910
4.468000,8.851635
4.469000,8.877885
4.470000,8.916407
4.471000,9.024072
4.472000,9.037665
4.473000,9.076989
4.474000,9.080300
4.475000,9.036723
4.476000,9.128445
4.477000,9.048459
4.478000,9.052975
4.479000,8.986428
4.480000,8.939186
4.481000,8.865456
4.482000,8.850872
4.483000,8.877712
4.484000,8.952300
4.485000,8.844549
4.486000,8.857815
4.487000,8.835175
4.488000,8.799908
4.489000,8.793647
4.490000,8.805433
4.491000,8.799732
4.492000,8.800252
4.493000,8.925708
4.494000,8.932044
4.495000,8.951776
4.496000,8.886646
4.497000,8.949384
4.498000,8.919898
4.499000,8.914840
4.500000,8.871152
4.501000,8.866315
4.502000,8.813729
4.503000,8.740630
4.504000,8.661821
4.505000,8.640844
4.506000,8.642613
4.507000,8.684640
4.508000,8.779959
4.509000,8.886655
4.510000,8.851095
4.511000,8.811354
4.512000,8.855169
4.513000,8.805873
4.514000,8.870982
4.515000,8.931552
4.516000,8.878354
4.517000,8.922768
4.518000,9.006346
4.519000,9.033989
4.520000,9.019562
4.521000,9.012134
4.522000,9.041388
4.523000,9.001695
4.524000,9.023399
4.525000,9.012592
4.526000,8.973175
4.527000,8.920478
4.528000,8.954977
4.529000,8.906443
4.530000,8.921976
4.531000,8.820028
4.532000,8.811962
4.533000,8.821299
4.534000,8.844406
4.535000,8.900946
4.536000,8.933576
4.537000,8.968209
4.538000,8.955803
4.539000,8.900023
4.540000,8.837253
4.541000,8.797185
4.542000,8.814310
4.543000,8.874769
4.544000,8.897719
4.545000,8.912441
4.546000,8.958486
4.547000,8.943030
4.548000,8.956133
4.549000,8.953070
4.550000,8.967991
4.551000,8.958712
4.552000,8.888761
4.553000,8.870383
4.554000,8.827684
4.555000,8.928660
4.556000,9.012468
4.557000,8.980061
4.558000,8.934366
4.559000,8.938233
4.560000,8.856214
4.561000,8.929230
4.562000,8.928669
4.563000,8.904425
4.564000,8.965869
4.565000,9.040303
4.566000,9.050650
4.567000,9.109211
4.568000,9.016894
4.569000,8.975641
4.570000,8.929692
4.571000,8.839772
4.572000,8.890321
4.573000,9.027267
4.574000,8.954047
4.575000,8.923487
4.576000,8.984805
4.577000,8.969226
4.578000,8.969593
4.579000,8.925237
4.580000,8.944850
4.581000,8.890797
4.582000,8.934270
4.583000,8.964459
4.584000,8.986271
4.585000,8.943712
4.586000,8.932297
4.587000,8.959420
4.588000,8.909676
4.589000,8.855125
4.590000,8.727929
4.591000,8.698635
4.592000,8.691036
4.593000,8.745436
4.594000,8.678326
4.595000,8.597636
4.596000,8.666487
4.597000,8.728900
4.598000,8.665439
4.599000,8.638195
4.600000,8.536255
4.601000,8.533409
4.602000,8.607073
4.603000,8.652378
4.604000,8.593639
4.605000,8.610263
4.606000,8.570626
4.607000,8.589432
4.608000,8.559565
4.609000,8.596031
4.610000,8.668049
4.611000,8.687173
4.612000,8.708423
4.613000,8.731533
4.614000,8.781763
4.615000,8.759259
4.616000,8.750707
4.617000,8.743149
4.618000,8.818458
4.619000,8.828585
4.620000,8.861686
4.621000,8.842110
4.622000,8.766987
4.623000,8.751084
4.624000,8.779343
4.625000,8.763216
4.626000,8.732643
4.627000,8.713221
4.628000,8.744025
4.629000,8.769647
4.630000,8.771135
4.631000,8.719528
4.632000,8.682838
4.633000,8.887193
4.634000,8.878834
4.635000,8.914768
4.636000,8.933079
4.637000,8.856567
4.638000,8.932048
4.639000,8.937706
4.640000,8.888535
4.641000,8.932335
4.642000,8.901597
4.643000,8.920472
4.644000,8.847083
4.645000,8.838082
4.646000,8.876511
4.647000,8.850101
4.648000,8.772158
4.649000,8.727352
4.650000,8.766218
4.651000,8.678191
4.652000,8.601411
4.653000,8.645880
4.654000,8.653178
4.655000,8.651435
4.656000,8.627247
4.657000,8.650136
4.658000,8.697421
4.659000,8.723186
4.660000,8.625703
4.661000,8.661887
4.662000,8.569965
4.663000,8.667195
4.664000,8.642938
4.665000,8.677727
4.666000,8.697004
4.667000,8.661887
4.668000,8.729929
4.669000,8.743402
4.670000,8.863656
4.671000,8.901919
4.672000,8.922131
4.673000,9.064751
4.674000,9.144559
4.675000,9.147189
4.676000,9.104410
4.677000,9.214878
4.678000,9.286179
4.679000,9.357314
4.680000,9.341504
4.681000,9.309793
4.682000,9.262212
4.683000,9.329178
4.684000,9.322916
4.685000,9.362563
4.686000,9.242652
4.687000,9.303216
4.688000,9.265046
4.689000,9.114031
4.690000,9.043969
4.691000,9.069319
4.692000,9.156953
4.693000,9.002987
4.694000,8.927079
4.695000,8.935776
4.696000,8.848837
4.697000,8.825154
4.698000,8.767347
4.699000,8.773009
4.700000,8.689383
4.701000,8.669868
4.702000,8.621922
4.703000,8.629171
4.704000,8.625087
4.705000,8.681767
4.706000,8.694714
4.707000,8.794448
4.708000,8.703420
4.709000,8.688821
4.710000,8.732839
4.711000,8.739001
4.712000,8.589566
4.713000,8.608317
4.714000,8.580903
4.715000,8.721269
4.716000,8.715800
4.717000,8.755051
4.718000,8.701384
4.719000,8.741457
4.720000,8.583526
4.721000,8.526443
4.722000,8.505833
4.723000,8.415794
4.724000,8.473041
4.725000,8.475190
4.726000,8.570864
4.727000,8.491394
4.728000,8.445326
4.729000,8.484161
4.730000,8.456751
4.731000,8.505899
4.732000,8.544397
4.733000,8.503186
4.734000,8.511900
4.735000,8.544423
4.736000,8.560177
4.737000,8.550190
4.738000,8.524241
4.739000,8.513305
4.740000,8.571562
4.741000,8.691595
4.742000,8.612342
4.743000,8.556605
4.744000,8.549338
4.745000,8.634722
4.746000,8.587717
4.747000,8.723157
4.748000,8.855849
4.749000,8.721333
4.750000,8.762637
4.751000,8.799638
4.752000,8.777870
4.753000,8.674068
4.754000,8.692691
4.755000,8.673054
4.756000,8.743834
4.757000,8.779700
4.758000,8.729066
4.759000,8.844979
4.760000,8.953790
4.761000,9.043121
4.762000,9.050357
4.763000,9.107649
4.764000,9.117656
4.765000,9.090354
4.766000,8.987147
4.767000,9.007547
4.768000,8.898294
4.769000,8.943729
4.770000,8.870179
4.771000,8.887468
4.772000,8.875956
4.773000,8.815120
4.774000,8.760694
4.775000,8.732542
4.776000,8.823550
4.777000,8.850272
4.778000,8.839476
4.779000,8.891579
4.780000,8.828758
4.781000,8.745711
4.782000,8.698552
4.783000,8.762279
4.784000,8.749113
4.785000,8.759172
4.786000,8.769055
4.787000,8.747753
4.788000,8.822275
4.789000,8.866093
4.790000,8.818921
4.791000,8.761823
4.792000,8.761410
4.793000,8.710465
4.794000,8.711894
4.795000,8.756084
4.796000,8.760971
4.797000,8.773436
4.798000,8.746151
4.799000,8.700958
4.800000,8.643206
4.801000,8.719769
4.802000,8.676704
4.803000,8.682890
4.804000,8.690616
4.805000,8.717666
4.806000,8.699638
4.807000,8.607958
4.808000,8.730437
4.809000,8.669750
4.810000,8.705933
4.811000,8.644774
4.812000,8.684820
4.813000,8.624251
4.814000,8.724065
4.815000,8.752257
4.816000,8.661552
4.817000,8.760837
4.818000,8.652199
4.819000,8.633922
4.820000,8.699851
4.821000,8.678454
4.822000,8.754383
4.823000,8.757911
4.824000,8.724379
4.825000,8.798283
4.826000,8.801706
4.827000,8.774812
4.828000,8.830698
4.829000,8.816447
4.830000,8.736888
4.831000,8.695087
4.832000,8.839859
4.833000,8.973703
4.834000,8.882851
4.835000,8.929604
4.836000,9.002043
4.837000,8.985770
4.838000,9.025451
4.839000,8.965711
4.840000,8.946132
4.841000,9.007214
4.842000,9.003196
4.843000,8.993382
4.844000,8.978102
4.845000,8.898770
4.846000,8.838604
4.847000,8.806699
4.848000,8.798235
4.849000,8.746589
4.850000,8.856265
4.851000,8.752313
4.852000,8.688140
4.853000,8.649471
4.854000,8.679581
4.855000,8.594219
4.856000,8.608610
4.857000,8.558024
4.858000,8.511004
4.859000,8.535746
4.860000,8.583745
4.861000,8.643757
4.862000,8.574350
4.863000,8.634492
4.864000,8.695645
4.865000,8.714807
4.866000,8.741418
4.867000,8.743860
4.868000,8.735385
4.869000,8.786329
4.870000,8.884964
4.871000,8.870603
4.872000,8.892341
4.873000,8.948036
4.874000,8.867217
4.875000,8.964480
4.876000,8.987331
4.877000,9.073884
4.878000,9.058620
4.879000,9.008866
4.880000,9.002137
4.881000,9.021786
4.882000,8.969224
4.883000,9.024879
4.884000,9.042882
4.885000,8.982771
4.886000,9.013040
4.887000,9.006700
4.888000,9.011363
4.889000,8.990843
4.890000,8.951776
4.891000,8.883437
4.892000,8.893599
4.893000,8.899767
4.894000,8.931856
4.895000,8.893846
4.896000,8.923362
4.897000,8.976434
4.898000,8.911723
4.899000,8.927046
4.900000,9.060367
4.901000,9.033857
4.902000,9.018398
4.903000,9.018546
4.904000,8.990468
4.905000,9.043670
4.906000,9.041018
4.907000,9.036891
4.908000,8.993064
4.909000,9.026863
4.910000,9.023153
4.911000,9.001264
4.912000,8.984577
4.913000,9.079110
4.914000,9.080559
4.915000,9.097820
4.916000,9.178023
4.917000,9.173390
4.918000,9.230754
4.919000,9.173072
4.920000,9.212766
4.921000,9.090384
4.922000,9.100449
4.923000,9.076744
4.924000,9.036452
4.925000,9.100860
4.926000,9.145173
4.927000,9.196454
4.928000,9.285136
4.929000,9.316867
4.930000,9.351337
4.931000,9.348729
4.932000,9.459212
4.933000,9.511670
4.934000,9.466829
4.935000,9.416993
4.936000,9.374378
4.937000,9.331995
4.938000,9.407667
4.939000,9.425524
4.940000,9.487577
4.941000,9.443567
4.942000,9.399174
4.943000,9.470295
4.944000,9.353832
4.945000,9.284558
4.946000,9.162200
4.947000,9.123382
4.948000,9.273458
4.949000,9.228924
4.950000,9.289807
4.951000,9.384936
4.952000,9.346179
4.953000,9.304742
4.954000,9.323973
4.955000,9.362845
4.956000,9.271462
4.957000,9.224385
4.958000,9.319920
4.959000,9.272822
4.960000,9.294537
4.961000,9.354326
4.962000,9.334882
4.963000,9.324651
4.964000,9.292601
4.965000,9.254574
4.966000,9.219390
4.967000,9.124959
4.968000,9.096165
4.969000,9.083825
4.970000,9.125603
4.971000,9.101658
4.972000,9.063813
4.973000,9.173767
4.974000,9.173255
4.975000,9.160297
4.976000,9.130330
4.977000,9.130400
4.978000,9.080739
4.979000,9.051595
4.980000,9.002721
4.981000,8.933127
4.982000,8.908005
4.983000,8.829093
4.984000,8.929824
4.985000,8.863711
4.986000,8.966247
4.987000,8.985492
4.988000,9.037249
4.989000,9.122047
4.990000,9.027434
4.991000,9.122933
4.992000,9.152153
4.993000,9.125295
4.994000,9.083035
4.995000,9.105037
4.996000,9.014168
4.997000,9.119133
4.998000,9.111668
4.999000,9.159106
5.000000,9.168609
5.001000,9.147044
5.002000,9.128313
5.003000,9.081877
5.004000,9.157961
5.005000,9.161071
5.006000,9.194690
5.007000,9.225872
5.008000,9.268960
5.009000,9.299033
5.010000,9.376251
5.011000,9.343680
5.012000,9.290956
5.013000,9.288863
5.014000,9.274603
5.015000,9.282837
5.016000,9.355065
5.017000,9.415477
5.018000,9.452882
5.019000,9.413206
5.020000,9.447503
5.021000,9.463035
5.022000,9.511442
5.023000,9.516191
5.024000,9.498648
5.025000,9.511184
5.026000,9.474972
5.027000,9.429697
5.028000,9.448293
5.029000,9.453863
5.030000,9.516140
5.031000,9.529945
5.032000,9.468009
5.033000,9.551430
5.034000,9.649362
5.035000,9.591474
5.036000,9.561832
5.037000,9.622513
5.038000,9.637716
5.039000,9.558066
5.040000,9.627095
5.041000,9.636372
5.042000,9.659067
5.043000,9.729647
5.044000,9.695502
5.045000,9.657653
5.046000,9.698660
5.047000,9.754822
5.048000,9.764303
5.049000,9.833130
5.050000,9.860055
5.051000,9.924758
5.052000,9.880967
5.053000,9.871595
5.054000,9.934316
5.055000,9.888208
5.056000,9.845273
5.057000,9.855117
5.058000,9.841574
5.059000,9.790149
5.060000,9.699249
5.061000,9.778276
5.062000,9.783228
5.063000,9.865469
5.064000,9.816857
5.065000,9.822356
5.066000,9.814916
5.067000,9.821703
5.068000,9.733978
5.069000,9.804580
5.070000,9.789711
5.071000,9.803022
5.072000,9.747972
5.073000,9.835744
5.074000,9.750340
5.075000,9.858101
5.076000,9.835633
5.077000,9.816184
5.078000,9.777958
5.079000,9.857236
5.080000,9.808763
5.081000,9.759323
5.082000,9.705745
5.083000,9.733346
5.084000,9.763737
5.085000,9.722797
5.086000,9.751849
5.087000,9.838642
5.088000,9.877491
5.089000,9.898746
5.090000,9.840846
5.091000,9.928270
5.092000,9.966028
5.093000,9.884883
5.094000,9.842380
5.095000,9.685889
5.096000,9.714197
5.097000,9.643345
5.098000,9.627681
5.099000,9.705082
5.100000,9.623406
5.101000,9.670838
5.102000,9.652019
5.103000,9.588820
5.104000,9.659776
5.105000,9.680988
5.106000,9.639786
5.107000,9.667288
5.108000,9.631266
5.109000,9.580080
5.110000,9.556487
5.111000,9.610395
5.112000,9.517650
5.113000,9.441406
5.114000,9.488994
5.115000,9.407230
5.116000,9.393266
5.117000,9.373363
5.118000,9.297735
5.119000,9.252965
5.120000,9.243387
5.121000,9.236277
5.122000,9.269645
5.123000,9.279585
5.124000,9.328905
5.125000,9.338177
5.126000,9.311291
5.127000,9.344652
5.128000,9.367287
5.129000,9.413706
5.130000,9.402770
5.131000,9.392955
5.132000,9.383992
5.133000,9.297679
5.134000,9.321299
5.135000,9.281910
5.136000,9.237145
5.137000,9.214665
5.138000,9.330749
5.139000,9.284186
5.140000,9.367440
5.141000,9.247029
5.142000,9.229367
5.143000,9.336408
5.144000,9.344986
5.145000,9.365037
5.146000,9.331780
5.147000,9.219731
5.148000,9.247989
5.149000,9.299791
5.150000,9.359321
5.151000,9.467388
5.152000,9.462369
5.153000,9.491730
5.154000,9.370575
5.155000,9.351225
5.156000,9.359572
5.157000,9.431794
5.158000,9.536620
5.159000,9.628104
5.160000,9.654076
5.161000,9.646460
5.162000,9.642286
5.163000,9.639732
5.164000,9.648026
5.165000,9.715067
5.166000,9.704317
5.167000,9.610375
5.168000,9.543035
5.169000,9.709885
5.170000,9.786314
5.171000,9.758228
5.172000,9.743325
5.173000,9.784585
5.174000,9.801880
5.175000,9.820158
5.176000,9.708559
5.177000,9.630611
5.178000,9.639485
5.179000,9.679681
5.180000,9.698211
5.181000,9.788132
5.182000,9.791635
5.183000,9.806705
5.184000,9.810871
5.185000,9.866797
5.186000,9.832753
5.187000,9.949088
5.188000,9.888853
5.189000,9.933742
5.190000,9.975253
5.191000,10.065755
5.192000,10.002132
5.193000,9.950981
5.194000,9.935303
5.195000,9.976769
5.196000,10.025859
5.197000,9.879586
5.198000,9.862267
5.199000,9.876699
5.200000,9.896744
5.201000,9.917327
5.202000,9.909262
5.203000,9.915648
5.204000,9.809044
5.205000,9.858677
5.206000,9.721020
5.207000,9.710599
5.208000,9.658081
5.209000,9.676293
5.210000,9.619564
5.211000,9.668483
5.212000,9.686933
5.213000,9.720884
5.214000,9.780802
5.215000,9.844124
5.216000,9.831462
5.217000,9.875915
5.218000,9.901400
5.219000,9.942816
5.220000,9.949399
5.221000,9.803357
5.222000,9.786923
5.223000,9.783521
5.224000,9.752918
5.225000,9.710476
5.226000,9.716527
5.227000,9.675053
5.228000,9.709594
5.229000,9.777975
5.230000,9.775942
5.231000,9.821545
5.232000,9.751843
5.233000,9.692851
5.234000,9.672467
5.235000,9.615883
5.236000,9.616394
5.237000,9.618702
5.238000,9.706512
5.239000,9.674746
5.240000,9.743989
5.241000,9.684810
5.242000,9.669948
5.243000,9.714979
5.244000,9.731956
5.245000,9.593129
5.246000,9.589184
5.247000,9.614108
5.248000,9.527972
5.249000,9.501409
5.250000,9.483102
5.251000,9.504647
5.252000,9.575069
5.253000,9.497730
5.254000,9.446389
5.255000,9.533914
5.256000,9.600192
5.257000,9.695788
5.258000,9.693586
5.259000,9.750572
5.260000,9.614795
5.261000,9.639768
5.262000,9.585365
5.263000,9.506010
5.264000,9.444847
5.265000,9.500975
5.266000,9.584425
5.267000,9.556578
5.268000,9.536444
5.269000,9.602610
5.270000,9.564417
5.271000,9.578667
5.272000,9.613385
5.273000,9.680438
5.274000,9.664792
5.275000,9.507428
5.276000,9.496341
5.277000,9.535460
5.278000,9.509317
5.279000,9.477260
5.280000,9.423984
5.281000,9.448581
5.282000,9.458155
5.283000,9.473943
5.284000,9.474390
5.285000,9.546375
5.286000,9.565217
5.287000,9.561696
5.288000,9.499247
5.289000,9.476752
5.290000,9.477052
5.291000,9.560496
5.292000,9.587837
5.293000,9.569722
5.294000,9.612486
5.295000,9.648386
5.296000,9.623579
5.297000,9.650188
5.298000,9.589673
5.299000,9.596194
5.300000,9.710131
5.301000,9.765613
5.302000,9.801444
5.303000,9.851150
5.304000,9.891335
5.305000,9.826521
5.306000,9.801709
5.307000,9.764027
5.308000,9.791129
5.309000,9.843453
5.310000,9.958494
5.311000,9.951077
5.312000,9.888638
5.313000,9.905953
5.314000,9.905040
5.315000,9.920825
5.316000,9.923051
5.317000,9.952351
5.318000,9.921233
5.319000,9.939326
5.320000,9.995601
5.321000,10.006888
5.322000,10.038860
5.323000,10.004425
5.324000,10.054061
5.325000,10.049595
5.326000,10.013938
5.327000,10.002997
5.328000,9.982891
5.329000,9.974928
5.330000,9.945562
5.331000,10.041970
5.332000,10.093514
5.333000,10.120757
5.334000,10.147447
5.335000,10.143123
5.336000,10.189422
5.337000,10.177109
5.338000,10.173567
5.339000,10.131081
5.340000,10.198985
5.341000,10.265014
5.342000,10.326039
5.343000,10.388147
5.344000,10.256185
5.345000,10.261617
5.346000,10.318348
5.347000,10.346024
5.348000,10.258124
5.349000,10.274473
5.350000,10.311987
5.351000,10.281147
5.352000,10.216232
5.353000,10.181817
5.354000,10.015591
5.355000,10.028756
5.356000,9.980128
5.357000,9.960803
5.358000,9.949486
5.359000,9.942514
5.360000,10.028280
5.361000,9.978684
5.362000,9.963038
5.363000,9.841687
5.364000,9.801215
5.365000,9.690693
5.366000,9.730104
5.367000,9.725504
5.368000,9.688012
5.369000,9.733448
5.370000,9.672657
5.371000,9.659305
5.372000,9.610114
5.373000,9.554782
5.374000,9.538602
5.375000,9.501607
5.376000,9.490698
5.377000,9.426231
5.378000,9.336400
5.379000,9.409877
5.380000,9.428536
5.381000,9.405705
5.382000,9.415493
5.383000,9.357576
5.384000,9.376883
5.385000,9.293797
5.386000,9.318331
5.387000,9.337554
5.388000,9.332772
5.389000,9.371745
5.390000,9.366514
5.391000,9.459517
5.392000,9.493928
5.393000,9.407809
5.394000,9.351397
5.395000,9.443130
5.396000,9.412059
5.397000,9.431415
5.398000,9.400734
5.399000,9.485213
5.400000,9.546474
5.401000,9.591613
5.402000,9.568930
5.403000,9.552528
5.404000,9.630538
5.405000,9.600435
5.406000,9.481577
5.407000,9.570033
5.408000,9.625966
5.409000,9.554166
5.410000,9.571324
5.411000,9.606781
5.412000,9.620571
5.413000,9.715125
5.414000,9.786738
5.415000,9.744705
5.416000,9.738582
5.417000,9.792547
5.418000,9.847505
5.419000,9.830499
5.420000,9.896053
5.421000,9.851613
5.422000,9.900167
5.423000,9.803322
5.424000,9.832279
5.425000,9.949345
5.426000,10.036150
5.427000,9.991943
5.428000,9.827737
5.429000,9.845352
5.430000,9.907390
5.431000,9.915231
5.432000,9.930324
5.433000,9.854253
5.434000,9.825320
5.435000,9.754620
5.436000,9.682903
5.437000,9.652632
5.438000,9.732809
5.439000,9.753691
5.440000,9.709902
5.441000,9.700508
5.442000,9.646873
5.443000,9.613952
5.444000,9.623792
5.445000,9.538313
5.446000,9.553625
5.447000,9.517027
5.448000,9.576915
5.449000,9.522953
5.450000,9.533506
5.451000,9.483913
5.452000,9.511613
5.453000,9.411808
5.454000,9.380609
5.455000,9.330524
5.456000,9.239863
5.457000,9.217940
5.458000,9.206045
5.459000,9.171386
5.460000,9.112983
5.461000,9.073144
5.462000,9.031512
5.463000,9.089590
5.464000,9.118590
5.465000,9.192277
5.466000,9.244933
5.467000,9.346846
5.468000,9.350639
5.469000,9.368418
5.470000,9.376129
5.471000,9.357487
5.472000,9.398008
5.473000,9.423537
5.474000,9.455129
5.475000,9.474265
5.476000,9.537237
5.477000,9.463675
5.478000,9.500967
5.479000,9.504007
5.480000,9.474299
5.481000,9.461363
5.482000,9.494766
5.483000,9.546175
5.484000,9.539289
5.485000,9.584824
5.486000,9.611273
5.487000,9.674482
5.488000,9.737129
5.489000,9.785852
5.490000,9.772017
5.491000,9.715671
5.492000,9.798667
5.493000,9.759007
5.494000,9.810930
5.495000,9.821094
5.496000,9.918522
5.497000,9.918206
5.498000,9.907080
5.499000,9.798571
5.500000,9.839016
5.501000,9.844365
5.502000,9.816901
5.503000,9.801196
5.504000,9.878376
5.505000,9.906654
5.506000,9.959954
5.507000,9.952987
5.508000,9.976868
5.509000,10.035905
5.510000,10.027413
5.511000,10.105993
5.512000,10.099667
5.513000,10.213751
5.514000,10.190362
5.515000,10.173060
5.516000,10.187980
5.517000,10.177114
5.518000,10.179863
5.519000,10.186882
5.520000,10.263197
5.521000,10.244674
5.522000,10.318122
5.523000,10.374941
5.524000,10.391300
5.525000,10.388659
5.526000,10.502206
5.527000,10.369992
5.528000,10.352641
5.529000,10.354130
5.530000,10.392152
5.531000,10.402914
5.532000,10.462395
5.533000,10.501417
5.534000,10.570058
5.535000,10.544909
5.536000,10.579426
5.537000,10.679923
5.538000,10.652163
5.539000,10.671352
5.540000,10.601340
5.541000,10.631846
5.542000,10.596549
5.543000,10.639009
5.544000,10.582634
5.545000,10.592283
5.546000,10.542375
5.547000,10.547625
5.548000,10.577689
5.549000,10.712010
5.550000,10.741889
5.551000,10.774789
5.552000,10.883557
5.553000,10.949248
5.554000,10.896293
5.555000,10.931591
5.556000,10.943628
5.557000,10.994684
5.558000,11.028925
5.559000,10.934849
5.560000,10.907779
5.561000,11.012546
5.562000,11.063830
5.563000,11.018452
5.564000,10.993766
5.565000,10.980436
5.566000,10.906383
5.567000,10.721139
5.568000,10.750290
5.569000,10.690274
5.570000,10.649678
5.571000,10.604761
5.572000,10.580093
5.573000,10.552366
5.574000,10.637010
5.575000,10.616243
5.576000,10.646897
5.577000,10.642335
5.578000,10.712150
5.579000,10.715579
5.580000,10.598545
5.581000,10.698508
5.582000,10.790264
5.583000,10.825459
5.584000,10.731852
5.585000,10.803759
5.586000,10.820205
5.587000,10.769838
5.588000,10.734411
5.589000,10.797206
5.590000,10.757154
5.591000,10.743934
5.592000,10.697027
5.593000,10.723177
5.594000,10.668815
5.595000,10.698081
5.596000,10.676957
5.597000,10.790400
5.598000,10.760773
5.599000,10.762726
5.600000,10.814876
5.601000,10.861430
5.602000,10.771410
5.603000,10.779247
5.604000,10.799944
5.605000,10.836837
5.606000,10.825377
5.607000,10.909014
5.608000,10.986436
5.609000,10.964032
5.610000,10.901283
5.611000,10.896503
5.612000,10.929072
5.613000,10.991686
5.614000,10.926365
5.615000,10.890323
5.616000,10.780475
5.617000,10.727291
5.618000,10.793689
5.619000,10.917320
5.620000,10.963860
5.621000,10.960733
5.622000,10.950589
5.623000,11.067679
5.624000,11.142732
5.625000,11.160965
5.626000,11.136840
5.627000,11.099506
5.628000,11.105847
5.629000,11.215590
5.630000,11.208916
5.631000,11.195592
5.632000,11.217511
5.633000,11.208654
5.634000,11.268583
5.635000,11.216012
5.636000,11.226490
5.637000,11.191729
5.638000,11.244354
5.639000,11.257137
5.640000,11.217735
5.641000,11.190021
5.642000,11.189442
5.643000,11.274163
5.644000,11.306265
5.645000,11.323471
5.646000,11.266474
5.647000,11.179207
5.648000,11.089508
5.649000,11.053058
5.650000,11.073899
5.651000,11.074406
5.652000,11.136797
5.653000,11.071877
5.654000,11.057407
5.655000,11.040090
5.656000,10.980933
5.657000,10.854292
5.658000,10.805316
5.659000,10.855389
5.660000,10.753159
5.661000,10.799300
5.662000,10.846886
5.663000,10.835347
5.664000,10.848627
5.665000,10.838405
5.666000,10.836453
5.667000,10.916119
5.668000,10.978904
5.669000,11.033108
5.670000,11.045359
5.671000,11.035987
5.672000,11.048292
5.673000,10.972732
5.674000,10.920467
5.675000,10.922451
5.676000,10.818169
5.677000,10.815871
5.678000,10.805525
5.679000,10.792404
5.680000,10.781810
5.681000,10.740736
5.682000,10.856059
5.683000,10.742379
5.684000,10.696651
5.685000,10.591024
5.686000,10.605618
5.687000,10.652596
5.688000,10.750204
5.689000,10.703501
5.690000,10.736185
5.691000,10.679632
5.692000,10.670058
5.693000,10.701924
5.694000,10.611761
5.695000,10.596290
5.696000,10.554501
5.697000,10.570125
5.698000,10.610795
5.699000,10.521171
5.700000,10.508884
5.701000,10.424257
5.702000,10.287271
5.703000,10.218880
5.704000,10.176006
5.705000,10.101572
5.706000,10.032816
5.707000,10.101537
5.708000,10.102944
5.709000,10.160075
5.710000,10.237234
5.711000,10.242619
5.712000,10.386000
5.713000,10.408190
5.714000,10.413132
5.715000,10.363972
5.716000,10.341832
5.717000,10.360422
5.718000,10.363314
5.719000,10.374926
5.720000,10.392656
5.721000,10.312655
5.722000,10.265169
5.723000,10.240085
5.724000,10.206844
5.725000,10.127755
5.726000,10.120078
5.727000,10.067098
5.728000,10.121064
5.729000,10.071898
5.730000,10.082100
5.731000,9.965125
5.732000,9.952519
5.733000,10.005851
5.734000,10.004931
5.735000,10.038435
5.736000,10.046573
5.737000,10.025422
5.738000,10.050038
5.739000,10.069755
5.740000,10.088191
5.741000,10.050769
5.742000,10.018988
5.743000,9.858182
5.744000,9.859710
5.745000,9.795383
5.746000,9.748306
5.747000,9.791019
5.748000,9.797536
5.749000,9.815572
5.750000,9.770065
5.751000,9.793149
5.752000,9.790316
5.753000,9.797358
5.754000,9.786858
5.755000,9.876502
5.756000,9.808558
5.757000,9.818463
5.758000,9.830892
5.759000,9.880851
5.760000,9.906911
5.761000,9.876678
5.762000,9.882855
5.763000,9.966895
5.764000,10.025563
5.765000,10.000758
5.766000,10.009453
5.767000,10.000353
5.768000,10.074115
5.769000,10.048410
5.770000,10.121797
5.771000,10.214140
5.772000,10.205555
5.773000,10.332456
5.774000,10.318349
5.775000,10.306457
5.776000,10.348199
5.777000,10.318431
5.778000,10.323686
5.779000,10.256466
5.780000,10.233097
5.781000,10.237737
5.782000,10.160880
5.783000,10.201246
5.784000,10.243576
5.785000,10.237222
5.786000,10.274416
5.787000,10.311760
5.788000,10.266155
5.789000,10.296797
5.790000,10.308698
5.791000,10.271049
5.792000,10.292245
5.793000,10.231323
5.794000,10.070681
5.795000,10.095837
5.796000,10.109816
5.797000,10.212933
5.798000,10.195456
5.799000,10.246378
5.800000,10.197423
5.801000,10.134246
5.802000,10.117916
5.803000,10.132337
5.804000,10.132781
5.805000,10.198530
5.806000,10.268616
5.807000,10.200188
5.808000,10.175199
5.809000,10.282744
5.810000,10.365112
5.811000,10.304885
5.812000,10.268729
5.813000,10.388786
5.814000,10.341972
5.815000,10.420742
5.816000,10.315529
5.817000,10.312636
5.818000,10.263406
5.819000,10.292158
5.820000,10.374329
5.821000,10.410595
5.822000,10.478242
5.823000,10.554969
5.824000,10.659358
5.825000,10.687453
5.826000,10.585974
5.827000,10.505440
5.828000,10.565678
5.829000,10.609874
5.830000,10.680235
5.831000,10.669184
5.832000,10.648589
5.833000,10.548189
5.834000,10.488719
5.835000,10.484192
5.836000,10.448263
5.837000,10.356772
5.838000,10.441435
5.839000,10.443581
5.840000,10.459194
5.841000,10.465917
5.842000,10.464671
5.843000,10.404157
5.844000,10.453310
5.845000,10.420720
5.846000,10.362422
5.847000,10.433498
5.848000,10.439071
5.849000,10.473576
5.850000,10.364919
5.851000,10.464807
5.852000,10.416741
5.853000,10.351246
5.854000,10.327870
5.855000,10.272421
5.856000,10.221731
5.857000,10.249763
5.858000,10.333099
5.859000,10.319485
5.860000,10.320497
5.861000,10.325031
5.862000,10.336553
5.863000,10.265278
5.864000,10.362375
5.865000,10.281261
5.866000,10.244748
5.867000,10.363165
5.868000,10.357161
5.869000,10.300405
5.870000,10.308099
5.871000,10.443200
5.872000,10.448458
5.873000,10.385837
5.874000,10.400729
5.875000,10.420129
5.876000,10.374010
5.877000,10.389827
5.878000,10.263129
5.879000,10.291785
5.880000,10.306879
5.881000,10.315089
5.882000,10.281169
5.883000,10.362471
5.884000,10.404392
5.885000,10.485357
5.886000,10.453891
5.887000,10.500983
5.888000,10.604069
5.889000,10.688995
5.890000,10.638638
5.891000,10.639581
5.892000,10.605049
5.893000,10.591093
5.894000,10.593366
5.895000,10.696886
5.896000,10.786517
5.897000,10.780564
5.898000,10.833631
5.899000,10.801214
5.900000,10.731066
5.901000,10.624260
5.902000,10.576903
5.903000,10.693645
5.904000,10.706680
5.905000,10.739440
5.906000,10.801718
5.907000,10.690144
5.908000,10.677857
5.909000,10.680756
5.910000,10.755213
5.911000,10.779968
5.912000,10.684087
5.913000,10.585968
5.914000,10.604673
5.915000,10.617413
5.916000,10.537018
5.917000,10.457603
5.918000,10.463225
5.919000,10.388218
5.920000,10.409617
5.921000,10.396338
5.922000,10.381000
5.923000,10.494372
5.924000,10.447054
5.925000,10.382431
5.926000,10.352649
5.927000,10.214739
5.928000,10.259796
5.929000,10.297420
5.930000,10.302474
5.931000,10.300630
5.932000,10.295743
5.933000,10.205956
5.934000,10.196005
5.935000,10.192885
5.936000,10.239406
5.937000,10.254984
5.938000,10.312405
5.939000,10.350272
5.940000,10.233658
5.941000,10.188997
5.942000,10.224453
5.943000,10.199191
5.944000,10.197544
5.945000,10.245530
5.946000,10.187512
5.947000,10.197389
5.948000,10.290618
5.949000,10.292736
5.950000,10.251491
5.951000,10.251957
5.952000,10.230349
5.953000,10.158606
5.954000,10.195573
5.955000,10.196824
5.956000,10.089596
5.957000,10.159046
5.958000,10.105288
5.959000,10.109713
5.960000,10.136249
5.961000,10.129257
5.962000,10.057037
5.963000,9.922887
5.964000,9.891463
5.965000,9.905251
5.966000,9.835949
5.967000,9.813423
5.968000,9.887842
5.969000,9.831216
5.970000,10.062742
5.971000,10.084882
5.972000,10.016508
5.973000,10.041450
5.974000,10.028600
5.975000,10.105355
5.976000,10.033388
5.977000,10.073938
5.978000,10.011179
5.979000,10.031711
5.980000,10.120023
5.981000,10.129214
5.982000,10.208114
5.983000,10.191503
5.984000,10.246242
5.985000,10.209338
5.986000,10.195449
5.987000,10.197374
5.988000,10.112453
5.989000,10.059769
5.990000,10.026131
5.991000,10.125817
5.992000,10.135168
5.993000,10.068963
5.994000,9.999256
5.995000,9.993942
5.996000,9.928379
5.997000,9.939832
5.998000,9.876459
5.999000,9.815891
6.000000,9.864357
6.001000,9.756766
6.002000,9.889806
6.003000,9.846463
6.004000,9.761511
6.005000,9.796957
6.006000,9.860748
6.007000,9.937281
6.008000,9.969015
6.009000,9.929582
6.010000,9.921099
6.011000,9.930367
6.012000,9.982040
6.013000,10.039379
6.014000,10.081323
6.015000,10.132424
6.016000,10.003961
6.017000,9.973448
6.018000,10.042508
6.019000,10.016868
6.020000,10.013868
6.021000,9.973531
6.022000,9.967375
6.023000,9.930181
6.024000,9.813383
6.025000,9.837110
6.026000,9.863375
6.027000,9.813060
6.028000,9.694721
6.029000,9.676077
6.030000,9.603526
6.031000,9.662000
6.032000,9.646693
6.033000,9.552587
6.034000,9.510561
6.035000,9.615425
6.036000,9.602026
6.037000,9.551480
6.038000,9.532733
6.039000,9.461473
6.040000,9.508624
6.041000,9.423514
6.042000,9.455344
6.043000,9.513464
6.044000,9.565387
6.045000,9.556549
6.046000,9.530770
6.047000,9.531906
6.048000,9.545923
6.049000,9.578295
6.050000,9.577672
6.051000,9.592170
6.052000,9.565474
6.053000,9.518615
6.054000,9.583869
6.055000,9.609123
6.056000,9.651455
6.057000,9.749160
6.058000,9.708142
6.059000,9.673250
6.060000,9.651826
6.061000,9.703542
6.062000,9.621386
6.063000,9.583070
6.064000,9.630632
6.065000,9.540517
6.066000,9.582674
6.067000,9.676830
6.068000,9.702412
6.069000,9.654855
6.070000,9.630409
6.071000,9.574464
6.072000,9.571927
6.073000,9.628794
6.074000,9.689564
6.075000,9.560805
6.076000,9.517888
6.077000,9.539159
6.078000,9.520915
6.079000,9.380651
6.080000,9.395349
6.081000,9.429220
6.082000,9.431378
6.083000,9.429644
6.084000,9.486343
6.085000,9.405953
6.086000,9.391008
6.087000,9.416885
6.088000,9.617833
6.089000,9.577407
6.090000,9.625165
6.091000,9.727942
6.092000,9.774591
6.093000,9.827053
6.094000,9.902053
6.095000,9.800281
6.096000,9.831972
6.097000,9.807932
6.098000,9.899582
6.099000,9.926755
6.100000,9.944006
6.101000,9.956962
6.102000,9.885925
6.103000,9.942026
6.104000,9.849955
6.105000,9.840819
6.106000,9.822585
6.107000,9.882724
6.108000,9.885726
6.109000,9.838592
6.110000,9.880777
6.111000,9.984453
6.112000,9.927063
6.113000,10.010597
6.114000,9.974112
6.115000,9.963459
6.116000,9.954395
6.117000,9.896137
6.118000,9.993683
6.119000,10.042242
6.120000,10.080462
6.121000,10.003429
6.122000,10.045011
6.123000,9.995449
6.124000,10.078720
6.125000,9.977616
6.126000,10.022854
6.127000,9.933969
6.128000,9.850340
6.129000,9.866177
6.130000,9.919345
6.131000,9.987660
6.132000,9.966888
6.133000,9.937368
6.134000,9.994310
6.135000,9.928982
6.136000,9.865787
6.137000,9.899663
6.138000,9.929366
6.139000,9.937227
6.140000,10.013199
6.141000,9.919523
6.142000,9.950153
6.143000,10.082133
6.144000,10.060651
6.145000,9.989163
6.146000,10.065402
6.147000,10.101277
6.148000,10.175962
6.149000,10.220690
6.150000,10.197526
6.151000,10.188448
6.152000,10.122646
6.153000,10.280095
6.154000,10.228994
6.155000,10.212215
6.156000,10.175925
6.157000,10.205818
6.158000,10.293283
6.159000,10.267122
6.160000,10.297234
6.161000,10.344237
6.162000,10.476842
6.163000,10.467110
6.164000,10.486373
6.165000,10.586650
6.166000,10.505394
6.167000,10.508122
6.168000,10.516609
6.169000,10.454351
6.170000,10.445754
6.171000,10.461810
6.172000,10.531048
6.173000,10.588217
6.174000,10.559338
6.175000,10.507634
6.176000,10.566835
6.177000,10.481011
6.178000,10.452357
6.179000,10.389131
6.180000,10.299520
6.181000,10.317768
6.182000,10.237451
6.183000,10.203579
6.184000,10.279192
6.185000,10.372703
6.186000,10.296050
6.187000,10.244175
6.188000,10.195563
6.189000,10.119737
6.190000,10.198987
6.191000,10.252739
6.192000,10.283281
6.193000,10.227983
6.194000,10.273840
6.195000,10.286669
6.196000,10.286588
6.197000,10.321872
6.198000,10.402571
6.199000,10.400141
6.200000,10.377616
6.201000,10.319274
6.202000,10.402506
6.203000,10.432156
6.204000,10.293128
6.205000,10.302602
6.206000,10.350973
6.207000,10.260006
6.208000,10.175067
6.209000,10.237139
6.210000,10.221736
6.211000,10.137617
6.212000,10.140826
6.213000,10.162770
6.214000,10.108526
6.215000,10.063290
6.216000,10.066513
6.217000,10.063881
6.218000,10.167687
6.219000,10.245490
6.220000,10.276000
6.221000,10.237959
6.222000,10.203139
6.223000,10.074227
6.224000,10.070822
6.225000,10.048125
6.226000,10.010460
6.227000,10.053498
6.228000,10.127059
6.229000,10.020599
6.230000,10.044998
6.231000,10.071654
6.232000,10.036343
6.233000,9.995532
6.234000,10.095904
6.235000,10.139200
6.236000,10.263009
6.237000,10.218798
6.238000,10.157921
6.239000,10.142947
6.240000,10.193752
6.241000,10.270506
6.242000,10.384504
6.243000,10.347433
6.244000,10.264244
6.245000,10.322301
6.246000,10.375044
6.247000,10.408738
6.248000,10.493090
6.249000,10.446549
6.250000,10.352782
6.251000,10.472568
6.252000,10.490670
6.253000,10.473644
6.254000,10.520745
6.255000,10.650221
6.256000,10.661223
6.257000,10.762474
6.258000,10.768051
6.259000,10.879895
6.260000,10.891162
6.261000,10.961243
6.262000,10.960319
6.263000,10.995417
6.264000,11.008528
6.265000,10.984154
6.266000,10.990373
6.267000,11.031302
6.268000,11.024564
6.269000,10.993160
6.270000,11.017433
6.271000,11.101510
6.272000,11.096182
6.273000,11.037464
6.274000,10.986052
6.275000,10.987242
6.276000,11.082482
6.277000,11.021546
6.278000,11.087349
6.279000,11.075590
6.280000,11.035672
6.281000,11.004087
6.282000,11.070553
6.283000,11.042632
6.284000,11.121007
6.285000,11.238244
6.286000,11.186751
6.287000,11.110530
6.288000,11.007409
6.289000,11.037557
6.290000,10.984753
6.291000,10.946983
6.292000,10.899990
6.293000,10.977521
6.294000,11.014871
6.295000,11.048561
6.296000,10.946028
6.297000,10.895190
6.298000,10.890357
6.299000,10.881743
6.300000,10.898032
6.301000,10.989537
6.302000,11.027116
6.303000,11.071461
6.304000,11.061514
6.305000,11.035282
6.306000,11.005280
6.307000,10.996745
6.308000,10.898749
6.309000,10.862862
6.310000,10.861883
6.311000,10.831479
6.312000,10.826383
6.313000,10.717009
6.314000,10.682588
6.315000,10.680930
6.316000,10.745861
6.317000,10.750267
6.318000,10.734757
6.319000,10.698807
6.320000,10.698626
6.321000,10.666365
6.322000,10.706061
6.323000,10.671959
6.324000,10.707640
6.325000,10.667241
6.326000,10.578308
6.327000,10.491555
6.328000,10.541614
6.329000,10.505258
6.330000,10.474001
6.331000,10.618417
6.332000,10.547367
6.333000,10.541850
6.334000,10.459571
6.335000,10.420075
6.336000,10.447136
6.337000,10.426212
6.338000,10.532503
6.339000,10.474536
6.340000,10.430887
6.341000,10.346323
6.342000,10.344084
6.343000,10.296008
6.344000,10.284502
6.345000,10.234247
6.346000,10.257372
6.347000,10.216705
6.348000,10.218907
6.349000,10.208981
6.350000,10.163116
6.351000,10.160951
6.352000,10.158243
6.353000,10.185919
6.354000,10.069571
6.355000,10.153365
6.356000,10.158708
6.357000,10.181599
6.358000,10.210460
6.359000,10.129821
6.360000,10.170772
6.361000,10.186327
6.362000,10.156723
6.363000,10.202677
6.364000,10.186832
6.365000,10.127776
6.366000,10.177539
6.367000,10.221726
6.368000,10.240054
6.369000,10.231845
6.370000,10.323108
6.371000,10.289496
6.372000,10.301924
6.373000,10.291509
6.374000,10.280423
6.375000,10.307906
6.376000,10.251934
6.377000,10.281162
6.378000,10.297265
6.379000,10.278374
6.380000,10.237466
6.381000,10.159321
6.382000,10.164984
6.383000,10.262685
6.384000,10.227189
6.385000,10.174739
6.386000,10.136992
6.387000,10.153116
6.388000,10.182487
6.389000,10.203460
6.390000,10.201305
6.391000,10.132078
6.392000,10.191592
6.393000,10.173361
6.394000,10.196715
6.395000,10.202685
6.396000,10.203953
6.397000,10.251227
6.398000,10.260565
6.399000,10.380734
6.400000,10.465682
6.401000,10.518643
6.402000,10.504554
6.403000,10.552346
6.404000,10.573770
6.405000,10.616508
6.406000,10.622859
6.407000,10.566607
6.408000,10.513782
6.409000,10.511955
6.410000,10.563173
6.411000,10.561184
6.412000,10.529138
6.413000,10.521030
6.414000,10.561078
6.415000,10.535719
6.416000,10.508099
6.417000,10.516268
6.418000,10.555717
6.419000,10.488742
6.420000,10.468408
6.421000,10.469605
6.422000,10.446684
6.423000,10.477691
6.424000,10.527793
6.425000,10.487109
6.426000,10.625560
6.427000,10.649328
6.428000,10.740981
6.429000,10.785338
6.430000,10.682895
6.431000,10.612452
6.432000,10.629077
6.433000,10.660342
6.434000,10.696506
6.435000,10.585844
6.436000,10.551093
6.437000,10.579783
6.438000,10.653439
6.439000,10.684559
6.440000,10.607010
6.441000,10.576796
6.442000,10.559122
6.443000,10.536084
6.444000,10.596186
6.445000,10.663815
6.446000,10.737805
6.447000,10.675925
6.448000,10.604905
6.449000,10.519637
6.450000,10.505964
6.451000,10.512236
6.452000,10.434690
6.453000,10.450520
6.454000,10.465182
6.455000,10.454193
6.456000,10.480641
6.457000,10.424778
6.458000,10.364408
6.459000,10.448179
6.460000,10.427502
6.461000,10.483715
6.462000,10.446913
6.463000,10.318342
6.464000,10.349718
6.465000,10.280022
6.466000,10.231158
6.467000,10.281851
6.468000,10.195581
6.469000,10.181162
6.470000,10.247050
6.471000,10.362988
6.472000,10.307703
6.473000,10.317687
6.474000,10.280715
6.475000,10.351370
6.476000,10.324156
6.477000,10.400801
6.478000,10.330357
6.479000,10.375646
6.480000,10.460919
6.481000,10.499297
6.482000,10.500671
6.483000,10.472834
6.484000,10.397925
6.485000,10.452729
6.486000,10.506526
6.487000,10.526486
6.488000,10.454559
6.489000,10.403260
6.490000,10.395278
6.491000,10.492607
6.492000,10.599015
6.493000,10.653908
6.494000,10.572210
6.495000,10.453813
6.496000,10.454231
6.497000,10.478757
6.498000,10.571304
6.499000,10.518332
6.500000,10.579601
6.501000,10.557582
6.502000,10.587107
6.503000,10.551312
6.504000,10.519023
6.505000,10.480577
6.506000,10.464590
6.507000,10.404339
6.508000,10.351969
6.509000,10.362993
6.510000,10.286952
6.511000,10.261282
6.512000,10.223004
6.513000,10.204189
6.514000,10.268909
6.515000,10.223200
6.516000,10.313900
6.517000,10.204189
6.518000,10.149034
6.519000,10.186992
6.520000,10.045036
6.521000,10.029051
6.522000,10.052391
6.523000,9.968740
6.524000,10.052336
6.525000,10.157864
6.526000,10.160897
6.527000,10.161666
6.528000,10.208021
6.529000,10.264489
6.530000,10.238881
6.531000,10.215778
6.532000,10.333718
6.533000,10.348007
6.534000,10.339001
6.535000,10.289638
6.536000,10.120946
6.537000,10.112948
6.538000,10.117020
6.539000,10.113496
6.540000,10.102982
6.541000,10.150381
6.542000,10.167423
6.543000,10.179113
6.544000,10.168810
6.545000,10.149476
6.546000,10.156421
6.547000,10.116872
6.548000,10.183187
6.549000,10.199517
6.550000,10.200337
6.551000,10.317852
6.552000,10.364856
6.553000,10.299081
6.554000,10.250347
6.555000,10.246136
6.556000,10.218322
6.557000,10.294478
6.558000,10.338899
6.559000,10.390929
6.560000,10.453314
6.561000,10.506340
6.562000,10.403329
6.563000,10.324498
6.564000,10.267115
6.565000,10.297712
6.566000,10.311286
6.567000,10.417762
6.568000,10.492379
6.569000,10.570582
6.570000,10.532847
6.571000,10.529257
6.572000,10.586753
6.573000,10.523912
6.574000,10.485525
6.575000,10.590153
6.576000,10.712927
6.577000,10.611486
6.578000,10.607882
6.579000,10.538021
6.580000,10.422562
6.581000,10.373550
6.582000,10.404221
6.583000,10.440427
6.584000,10.454627
6.585000,10.528422
6.586000,10.478667
6.587000,10.461983
6.588000,10.547005
6.589000,10.588711
6.590000,10.540826
6.591000,10.467707
6.592000,10.468122
6.593000,10.477159
6.594000,10.493349
6.595000,10.481659
6.596000,10.485698
6.597000,10.447038
6.598000,10.441109
6.599000,10.400980
6.600000,10.325479
6.601000,10.329842
6.602000,10.280950
6.603000,10.232405
6.604000,10.262793
6.605000,10.280234
6.606000,10.386630
6.607000,10.482804
6.608000,10.459219
6.609000,10.440749
6.610000,10.400189
6.611000,10.318619
6.612000,10.406275
6.613000,10.442883
6.614000,10.407882
6.615000,10.509001
6.616000,10.546347
6.617000,10.588698
6.618000,10.560586
6.619000,10.420515
6.620000,10.456477
6.621000,10.411135
6.622000,10.323372
6.623000,10.353746
6.624000,10.385924
6.625000,10.329373
6.626000,10.325264
6.627000,10.351671
6.628000,10.351607
6.629000,10.316491
6.630000,10.401432
6.631000,10.382929
6.632000,10.448636
6.633000,10.442494
6.634000,10.423278
6.635000,10.495470
6.636000,10.456851
6.637000,10.476188
6.638000,10.505163
6.639000,10.569606
6.640000,10.564785
6.641000,10.473377
6.642000,10.372777
6.643000,10.268146
6.644000,10.199905
6.645000,10.190625
6.646000,10.170289
6.647000,10.139488
6.648000,10.130917
6.649000,10.085624
6.650000,10.080205
6.651000,10.083567
6.652000,10.205806
6.653000,10.188335
6.654000,10.172066
6.655000,10.152337
6.656000,10.102318
6.657000,10.147201
6.658000,10.069781
6.659000,10.185509
6.660000,10.090947
6.661000,10.085168
6.662000,10.141602
6.663000,10.170931
6.664000,10.212812
6.665000,10.123230
6.666000,10.173319
6.667000,10.205573
6.668000,10.295859
6.669000,10.293983
6.670000,10.298707
6.671000,10.204647
6.672000,10.236194
6.673000,10.173934
6.674000,10.195931
6.675000,10.299701
6.676000,10.247470
6.677000,10.261544
6.678000,10.230773
6.679000,10.196321
6.680000,10.085334
6.681000,10.060890
6.682000,10.080150
6.683000,10.154589
6.684000,10.245530
6.685000,10.236832
6.686000,10.290875
6.687000,10.285055
6.688000,10.232267
6.689000,10.204803
6.690000,10.254917
6.691000,10.294812
6.692000,10.194645
6.693000,10.225213
6.694000,10.206016
6.695000,10.241865
6.696000,10.251158
6.697000,10.177370
6.698000,10.097940
6.699000,10.092955
6.700000,10.093249
6.701000,10.100188
6.702000,10.031812
6.703000,10.112670
6.704000,9.974470
6.705000,10.051536
6.706000,10.040303
6.707000,10.009156
6.708000,10.107269
6.709000,10.099909
6.710000,10.102671
6.711000,10.071499
6.712000,10.102310
6.713000,10.134016
6.714000,10.220364
6.715000,10.288154
6.716000,10.288584
6.717000,10.251966
6.718000,10.227643
6.719000,10.183737
6.720000,10.158190
6.721000,10.124670
6.722000,10.143383
6.723000,10.150817
6.724000,10.108332
6.725000,10.123701
6.726000,9.994661
6.727000,9.988515
6.728000,9.853423
6.729000,9.830193
6.730000,9.865826
6.731000,9.875842
6.732000,9.809848
6.733000,9.796536
6.734000,9.785991
6.735000,9.749804
6.736000,9.755267
6.737000,9.714275
6.738000,9.662569
6.739000,9.602735
6.740000,9.625864
6.741000,9.568957
6.742000,9.479049
6.743000,9.522486
6.744000,9.475763
6.745000,9.388526
6.746000,9.421163
6.747000,9.381380
6.748000,9.343955
6.749000,9.291165
6.750000,9.324440
6.751000,9.359556
6.752000,9.412717
6.753000,9.368717
6.754000,9.501529
6.755000,9.461548
6.756000,9.391519
6.757000,9.367950
6.758000,9.260174
6.759000,9.210630
6.760000,9.182312
6.761000,9.188705
6.762000,9.262875
6.763000,9.286636
6.764000,9.269393
6.765000,9.271508
6.766000,9.202531
6.767000,9.286455
6.768000,9.298575
6.769000,9.325172
6.770000,9.294094
6.771000,9.246037
6.772000,9.188604
6.773000,9.138663
6.774000,9.105195
6.775000,9.153076
6.776000,9.112041
6.777000,9.145875
6.778000,9.194020
6.779000,9.215578
6.780000,9.264940
6.781000,9.133537
6.782000,9.149571
6.783000,9.124436
6.784000,9.202918
6.785000,9.224561
6.786000,9.207039
6.787000,9.210927
6.788000,9.224989
6.789000,9.327581
6.790000,9.306699
6.791000,9.325139
6.792000,9.295628
6.793000,9.313518
6.794000,9.336773
6.795000,9.350224
6.796000,9.343966
6.797000,9.434448
6.798000,9.499441
6.799000,9.530731
6.800000,9.500633
6.801000,9.529819
6.802000,9.541619
6.803000,9.598860
6.804000,9.635124
6.805000,9.602137
6.806000,9.640171
6.807000,9.750887
6.808000,9.787228
6.809000,9.729462
6.810000,9.709629
6.811000,9.770321
6.812000,9.847274
6.813000,9.766536
6.814000,9.833981
6.815000,9.937129
6.816000,10.028308
6.817000,9.960665
6.818000,9.969501
6.819000,10.054479
6.820000,10.106530
6.821000,10.093214
6.822000,10.046331
6.823000,10.051192
6.824000,10.089999
6.825000,10.040669
6.826000,10.039139
6.827000,10.119626
6.828000,10.202990
6.829000,10.221365
6.830000,10.307142
6.831000,10.306360
6.832000,10.277101
6.833000,10.245837
6.834000,10.191147
6.835000,10.170749
6.836000,10.157180
6.837000,10.284855
6.838000,10.347792
6.839000,10.483003
6.840000,10.430816
6.841000,10.476873
6.842000,10.455767
6.843000,10.378562
6.844000,10.417506
6.845000,10.384117
6.846000,10.432518
6.847000,10.585983
6.848000,10.596011
6.849000,10.593958
6.850000,10.558362
6.851000,10.475504
6.852000,10.465436
6.853000,10.421462
6.854000,10.434674
6.855000,10.418422
6.856000,10.440024
6.857000,10.471791
6.858000,10.543375
6.859000,10.481746
6.860000,10.439066
6.861000,10.524384
6.862000,10.579009
6.863000,10.541045
6.864000,10.688779
6.865000,10.529447
6.866000,10.508546
6.867000,10.491923
6.868000,10.521358
6.869000,10.445763
6.870000,10.447243
6.871000,10.460821
6.872000,10.528854
6.873000,10.420275
6.874000,10.381842
6.875000,10.346404
6.876000,10.403319
6.877000,10.514343
6.878000,10.611855
6.879000,10.570347
6.880000,10.582161
6.881000,10.571127
6.882000,10.568013
6.883000,10.526003
6.884000,10.535443
6.885000,10.528897
6.886000,10.560477
6.887000,10.549811
6.888000,10.694841
6.889000,10.598462
6.890000,10.563492
6.891000,10.529833
6.892000,10.539173
6.893000,10.591488
6.894000,10.587822
6.895000,10.760750
6.896000,10.781657
6.897000,10.864732
6.898000,10.860879
6.899000,10.818848
6.900000,10.961347
6.901000,10.913026
6.902000,10.826546
6.903000,10.785427
6.904000,10.796814
6.905000,10.877646
6.906000,10.862206
6.907000,10.847646
6.908000,10.863526
6.909000,10.909214
6.910000,10.862206
6.911000,10.879718
6.912000,10.847866
6.913000,10.873236
6.914000,10.902738
6.915000,10.962050
6.916000,11.066789
6.917000,11.038069
6.918000,10.987632
6.919000,10.997723
6.920000,11.002894
6.921000,11.007978
6.922000,11.058182
6.923000,11.070247
6.924000,11.123653
6.925000,11.130636
6.926000,11.128287
6.927000,11.084260
6.928000,11.127134
6.929000,11.133772
6.930000,11.207292
6.931000,11.247198
6.932000,11.220735
6.933000,11.237116
6.934000,11.234619
6.935000,11.229601
6.936000,11.154295
6.937000,11.168826
6.938000,11.175937
6.939000,11.109540
6.940000,11.128402
6.941000,11.151232
6.942000,11.088994
6.943000,11.027189
6.944000,11.043470
6.945000,11.087792
6.946000,11.105776
6.947000,11.006327
6.948000,10.945626
6.949000,10.976958
6.950000,10.920447
6.951000,10.980721
6.952000,11.044145
6.953000,10.997732
6.954000,11.011881
6.955000,11.051978
6.956000,11.078913
6.957000,11.053329
6.958000,11.041904
6.959000,11.037109
6.960000,11.126848
6.961000,11.163524
6.962000,11.228704
6.963000,11.242397
6.964000,11.272846
6.965000,11.321402
6.966000,11.311230
6.967000,11.269412
6.968000,11.291216
6.969000,11.267844
6.970000,11.236320
6.971000,11.192625
6.972000,11.114019
6.973000,11.120647
6.974000,11.067174
6.975000,11.022562
6.976000,11.004415
6.977000,10.935276
6.978000,10.964187
6.979000,11.012595
6.980000,10.948916
6.981000,10.927766
6.982000,10.914239
6.983000,10.899653
6.984000,10.903297
6.985000,10.921929
6.986000,10.885251
6.987000,10.925373
6.988000,10.816859
6.989000,10.758367
6.990000,10.809690
6.991000,10.785364
6.992000,10.804166
6.993000,10.869356
6.994000,10.964388
6.995000,10.901919
6.996000,10.859042
6.997000,10.817033
6.998000,10.776496
6.999000,10.791446
7.000000,10.682635
7.001000,10.705595
7.002000,10.702272
7.003000,10.783716
7.004000,10.696931
7.005000,10.731628
7.006000,10.708630
7.007000,10.668149
7.008000,10.715230
7.009000,10.762811
7.010000,10.685357
7.011000,10.730580
7.012000,10.714041
7.013000,10.691075
7.014000,10.662779
7.015000,10.657050
7.016000,10.622296
7.017000,10.626551
7.018000,10.489307
7.019000,10.539523
7.020000,10.554414
7.021000,10.521665
7.022000,10.541628
7.023000,10.528394
7.024000,10.560175
7.025000,10.617571
7.026000,10.641971
7.027000,10.470504
7.028000,10.542505
7.029000,10.544747
7.030000,10.580923
7.031000,10.534938
7.032000,10.524117
7.033000,10.509593
7.034000,10.539001
7.035000,10.577422
7.036000,10.595325
7.037000,10.607588
7.038000,10.654260
7.039000,10.714119
7.040000,10.749333
7.041000,10.727678
7.042000,10.771462
7.043000,10.735088
7.044000,10.746208
7.045000,10.824873
7.046000,10.740267
7.047000,10.673341
7.048000,10.545266
7.049000,10.646659
7.050000,10.650865
7.051000,10.671860
7.052000,10.681127
7.053000,10.668141
7.054000,10.613797
7.055000,10.620513
7.056000,10.561589
7.057000,10.590737
7.058000,10.672358
7.059000,10.792664
7.060000,10.735880
7.061000,10.707045
7.062000,10.650394
7.063000,10.549007
7.064000,10.476033
7.065000,10.460489
7.066000,10.507927
7.067000,10.568530
7.068000,10.511184
7.069000,10.540538
7.070000,10.521746
7.071000,10.527785
7.072000,10.578174
7.073000,10.626272
7.074000,10.672343
7.075000,10.683556
7.076000,10.693211
7.077000,10.702331
7.078000,10.730332
7.079000,10.720430
7.080000,10.740637
7.081000,10.743742
7.082000,10.815058
7.083000,10.756871
7.084000,10.730485
7.085000,10.730863
7.086000,10.721723
7.087000,10.593422
7.088000,10.648996
7.089000,10.726828
7.090000,10.629479
7.091000,10.549820
7.092000,10.618476
7.093000,10.530690
7.094000,10.532611
7.095000,10.522944
7.096000,10.495666
7.097000,10.511256
7.098000,10.446842
7.099000,10.352912
7.100000,10.315549
7.101000,10.300805
7.102000,10.307799
7.103000,10.348400
7.104000,10.426311
7.105000,10.450582
7.106000,10.442361
7.107000,10.463838
7.108000,10.392148
7.109000,10.347251
7.110000,10.299781
7.111000,10.208235
7.112000,10.246430
7.113000,10.183144
7.114000,10.099135
7.115000,10.038671
7.116000,10.115853
7.117000,10.180402
7.118000,10.189429
7.119000,10.220491
7.120000,10.112769
7.121000,10.056702
7.122000,10.067356
7.123000,10.003244
7.124000,9.918270
7.125000,9.871092
7.126000,9.907918
7.127000,9.983464
7.128000,9.919866
7.129000,9.989096
7.130000,9.912679
7.131000,9.913055
7.132000,9.904188
7.133000,9.877448
7.134000,9.965878
7.135000,10.004007
7.136000,10.000855
7.137000,10.053697
7.138000,10.010436
7.139000,10.028305
7.140000,10.102925
7.141000,10.120815
7.142000,10.223791
7.143000,10.158817
7.144000,10.085757
7.145000,10.065622
7.146000,10.049304
7.147000,10.016156
7.148000,10.091204
7.149000,10.106970
7.150000,10.048015
7.151000,10.006197
7.152000,10.026501
7.153000,9.953997
7.154000,9.970926
7.155000,9.909894
7.156000,9.902972
7.157000,9.912673
7.158000,9.827010
7.159000,9.797405
7.160000,9.771184
7.161000,9.773598
7.162000,9.810646
7.163000,9.801867
7.164000,9.721348
7.165000,9.693872
7.166000,9.639389
7.167000,9.623473
7.168000,9.673226
7.169000,9.718980
7.170000,9.778788
7.171000,9.728765
7.172000,9.630582
7.173000,9.573674
7.174000,9.568553
7.175000,9.531553
7.176000,9.461329
7.177000,9.453849
7.178000,9.518489
7.179000,9.497720
7.180000,9.516619
7.181000,9.628319
7.182000,9.593909
7.183000,9.635801
7.184000,9.551562
7.185000,9.502082
7.186000,9.490281
7.187000,9.548874
7.188000,9.554892
7.189000,9.526010
7.190000,9.560299
7.191000,9.643310
7.192000,9.723916
7.193000,9.674813
7.194000,9.708868
7.195000,9.676546
7.196000,9.715133
7.197000,9.775311
7.198000,9.711935
7.199000,9.830964
7.200000,9.723596
7.201000,9.731926
7.202000,9.632967
7.203000,9.603568
7.204000,9.689836
7.205000,9.762403
7.206000,9.868376
7.207000,9.849472
7.208000,9.794150
7.209000,9.738989
7.210000,9.902191
7.211000,9.958104
7.212000,9.903561
7.213000,9.903618
7.214000,9.898113
7.215000,9.950996
7.216000,9.916443
7.217000,9.816778
7.218000,9.772773
7.219000,9.803063
7.220000,9.806622
7.221000,9.773893
7.222000,9.701316
7.223000,9.768837
7.224000,9.802205
7.225000,9.752656
7.226000,9.720660
7.227000,9.823169
7.228000,9.806024
7.229000,9.880716
7.230000,9.871340
7.231000,9.861981
7.232000,9.835161
7.233000,9.868454
7.234000,9.895449
7.235000,9.845761
7.236000,9.942908
7.237000,9.919835
7.238000,9.888819
7.239000,9.954911
7.240000,9.912333
7.241000,9.901301
7.242000,9.916176
7.243000,9.967812
7.244000,9.876853
7.245000,9.823155
7.246000,9.687546
7.247000,9.718005
7.248000,9.732889
7.249000,9.764629
7.250000,9.780508
7.251000,9.743153
7.252000,9.775025
7.253000,9.713680
7.254000,9.659339
7.255000,9.638840
7.256000,9.693799
7.257000,9.618541
7.258000,9.784750
7.259000,9.741098
7.260000,9.650515
7.261000,9.656705
7.262000,9.605527
7.263000,9.640468
7.264000,9.686495
7.265000,9.626581
7.266000,9.652059
7.267000,9.617666
7.268000,9.629580
7.269000,9.598551
7.270000,9.587893
7.271000,9.603323
7.272000,9.681112
7.273000,9.654338
7.274000,9.694416
7.275000,9.778631
7.276000,9.729804
7.277000,9.788109
7.278000,9.767261
7.279000,9.783465
7.280000,9.806521
7.281000,9.788568
7.282000,9.869098
7.283000,9.937219
7.284000,9.941890
7.285000,9.936610
7.286000,9.937223
7.287000,9.965698
7.288000,9.993472
7.289000,9.912726
7.290000,9.948100
7.291000,9.972964
7.292000,9.950049
7.293000,9.903865
7.294000,9.805824
7.295000,9.821162
7.296000,9.780508
7.297000,9.753426
7.298000,9.895317
7.299000,9.809741
7.300000,9.696578
7.301000,9.734763
7.302000,9.630292
7.303000,9.594695
7.304000,9.591086
7.305000,9.532436
7.306000,9.593118
7.307000,9.588956
7.308000,9.591630
7.309000,9.546009
7.310000,9.481394
7.311000,9.461918
7.312000,9.561846
7.313000,9.550998
7.314000,9.575762
7.315000,9.595557
7.316000,9.538263
7.317000,9.574511
7.318000,9.538276
7.319000,9.433225
7.320000,9.322478
7.321000,9.352768
7.322000,9.454314
7.323000,9.485217
7.324000,9.541477
7.325000,9.470765
7.326000,9.300213
7.327000,9.394759
7.328000,9.444071
7.329000,9.347067
7.330000,9.355460
7.331000,9.348528
7.332000,9.335881
7.333000,9.270666
7.334000,9.288542
7.335000,9.323468
7.336000,9.241829
7.337000,9.258328
7.338000,9.170070
7.339000,9.203890
7.340000,9.187151
7.341000,9.234324
7.342000,9.256365
7.343000,9.159988
7.344000,9.095815
7.345000,9.096111
7.346000,9.125090
7.347000,9.189732
7.348000,9.118728
7.349000,9.107001
7.350000,9.238843
7.351000,9.240989
7.352000,9.184751
7.353000,9.080799
7.354000,9.102351
7.355000,9.151069
7.356000,9.104396
7.357000,9.149481
7.358000,9.210017
7.359000,9.288603
7.360000,9.325029
7.361000,9.307972
7.362000,9.264524
7.363000,9.314675
7.364000,9.235598
7.365000,9.320656
7.366000,9.354852
7.367000,9.337088
7.368000,9.231486
7.369000,9.180899
7.370000,9.093437
7.371000,9.030634
7.372000,9.055607
7.373000,9.180764
7.374000,9.118664
7.375000,9.069341
7.376000,9.185001
7.377000,9.187456
7.378000,9.204699
7.379000,9.162273
7.380000,9.249477
7.381000,9.251920
7.382000,9.292779
7.383000,9.337560
7.384000,9.423375
7.385000,9.444162
7.386000,9.408189
7.387000,9.437150
7.388000,9.430485
7.389000,9.328384
7.390000,9.291416
7.391000,9.202239
7.392000,9.190517
7.393000,9.160839
7.394000,9.137888
7.395000,9.041339
7.396000,9.069503
7.397000,9.076918
7.398000,9.134570
7.399000,9.063414
7.400000,9.031941
7.401000,8.990925
7.402000,9.013566
7.403000,8.970653
7.404000,8.998257
7.405000,8.932174
7.406000,8.954035
7.407000,8.959191
7.408000,8.953133
7.409000,8.939551
7.410000,8.930512
7.411000,8.981281
7.412000,9.035937
7.413000,9.083760
7.414000,9.088265
7.415000,9.055634
7.416000,9.017793
7.417000,9.000087
7.418000,8.992586
7.419000,8.956364
7.420000,8.884966
7.421000,8.822329
7.422000,8.861704
7.423000,8.819156
7.424000,8.813023
7.425000,8.784996
7.426000,8.797515
7.427000,8.779034
7.428000,8.838713
7.429000,8.845609
7.430000,8.777575
7.431000,8.773738
7.432000,8.707308
7.433000,8.681414
7.434000,8.727549
7.435000,8.644835
7.436000,8.671341
7.437000,8.662715
7.438000,8.716171
7.439000,8.712293
7.440000,8.760560
7.441000,8.762201
7.442000,8.824040
7.443000,8.832889
7.444000,8.786440
7.445000,8.791981
7.446000,8.789514
7.447000,8.883772
7.448000,8.834921
7.449000,8.744173
7.450000,8.810562
7.451000,8.770607
7.452000,8.671315
7.453000,8.614902
7.454000,8.568013
7.455000,8.540543
7.456000,8.659806
7.457000,8.641831
7.458000,8.672366
7.459000,8.694812
7.460000,8.657495
7.461000,8.554555
7.462000,8.654806
7.463000,8.622482
7.464000,8.570683
7.465000,8.597408
7.466000,8.544055
7.467000,8.508544
7.468000,8.558055
7.469000,8.526402
7.470000,8.532973
7.471000,8.507288
7.472000,8.586841
7.473000,8.492098
7.474000,8.331038
7.475000,8.332270
7.476000,8.309485
7.477000,8.464617
7.478000,8.465330
7.479000,8.467013
7.480000,8.506686
7.481000,8.519167
7.482000,8.549833
7.483000,8.494683
7.484000,8.473116
7.485000,8.551389
7.486000,8.480372
7.487000,8.455167
7.488000,8.472644
7.489000,8.511196
7.490000,8.510516
7.491000,8.543560
7.492000,8.586389
7.493000,8.589651
7.494000,8.545481
7.495000,8.569350
7.496000,8.534562
7.497000,8.501048
7.498000,8.569176
7.499000,8.593569
7.500000,8.528764
7.501000,8.427541
7.502000,8.379758
7.503000,8.391701
7.504000,8.423106
7.505000,8.419157
7.506000,8.530146
7.507000,8.521034
7.508000,8.462276
7.509000,8.454016
7.510000,8.503930
7.511000,8.526319
7.512000,8.543200
7.513000,8.614745
7.514000,8.671634
7.515000,8.757329
7.516000,8.731782
7.517000,8.753297
7.518000,8.767147
7.519000,8.775632
7.520000,8.882028
7.521000,8.911695
7.522000,8.941516
7.523000,8.878608
7.524000,8.865513
7.525000,8.898669
7.526000,8.910532
7.527000,8.859957
7.528000,8.899341
7.529000,8.901650
7.530000,8.965608
7.531000,9.007844
7.532000,9.069301
7.533000,9.026099
7.534000,8.995695
7.535000,9.052419
7.536000,9.224310
7.537000,9.272308
7.538000,9.314579
7.539000,9.303518
7.540000,9.429874
7.541000,9.458596
7.542000,9.469186
7.543000,9.503663
7.544000,9.488251
7.545000,9.537941
7.546000,9.558439
7.547000,9.561114
7.548000,9.493257
7.549000,9.441784
7.550000,9.432044
7.551000,9.316715
7.552000,9.276728
7.553000,9.283929
7.554000,9.289542
7.555000,9.417782
7.556000,9.310994
7.557000,9.305044
7.558000,9.287792
7.559000,9.309120
7.560000,9.298137
7.561000,9.258907
7.562000,9.273524
7.563000,9.261650
7.564000,9.385490
7.565000,9.369523
7.566000,9.399301
7.567000,9.454877
7.568000,9.482720
7.569000,9.476624
7.570000,9.476167
7.571000,9.468693
7.572000,9.423950
7.573000,9.432043
7.574000,9.527514
7.575000,9.613304
7.576000,9.568498
7.577000,9.619962
7.578000,9.623089
7.579000,9.618834
7.580000,9.607874
7.581000,9.659864
7.582000,9.612858
7.583000,9.567213
7.584000,9.639908
7.585000,9.545008
7.586000,9.519718
7.587000,9.548014
7.588000,9.548150
7.589000,9.535525
7.590000,9.644117
7.591000,9.722410
7.592000,9.746310
7.593000,9.807544
7.594000,9.808961
7.595000,9.795237
7.596000,9.868066
7.597000,9.949983
7.598000,9.888929
7.599000,9.980322
7.600000,10.102067
7.601000,10.161572
7.602000,10.103634
7.603000,10.151381
7.604000,10.122419
7.605000,10.197752
7.606000,10.203286
7.607000,10.204506
7.608000,10.161545
7.609000,10.163541
7.610000,10.178730
7.611000,10.107129
7.612000,10.078938
7.613000,10.028527
7.614000,10.092312
7.615000,10.106618
7.616000,10.083581
7.617000,10.147412
7.618000,10.158231
7.619000,10.149779
7.620000,10.131324
7.621000,10.201093
7.622000,10.211391
7.623000,10.117653
7.624000,10.086448
7.625000,10.074620
7.626000,9.947197
7.627000,10.004190
7.628000,10.079775
7.629000,10.032075
7.630000,10.094958
7.631000,10.126844
7.632000,10.143421
7.633000,10.097765
7.634000,10.205001
7.635000,10.228178
7.636000,10.190638
7.637000,10.239172
7.638000,10.249218
7.639000,10.203751
7.640000,10.247855
7.641000,10.272242
7.642000,10.166108
7.643000,10.167205
7.644000,10.193464
7.645000,10.246998
7.646000,10.314154
7.647000,10.325361
7.648000,10.344524
7.649000,10.284272
7.650000,10.280217
7.651000,10.243185
7.652000,10.293113
7.653000,10.363733
7.654000,10.334407
7.655000,10.213841
7.656000,10.234548
7.657000,10.294905
7.658000,10.283026
7.659000,10.205408
7.660000,10.245408
7.661000,10.200985
7.662000,10.207567
7.663000,10.199252
7.664000,10.242626
7.665000,10.168162
7.666000,10.239558
7.667000,10.259667
7.668000,10.383238
7.669000,10.327140
7.670000,10.206830
7.671000,10.201972
7.672000,10.122859
7.673000,10.125559
7.674000,10.014983
7.675000,10.062287
7.676000,10.068217
7.677000,10.108709
7.678000,10.103338
7.679000,10.027690
7.680000,10.089398
7.681000,10.161896
7.682000,10.249670
7.683000,10.222375
7.684000,10.232624
7.685000,10.266657
7.686000,10.237312
7.687000,10.240831
7.688000,10.249425
7.689000,10.302797
7.690000,10.200125
7.691000,10.287229
7.692000,10.293181
7.693000,10.301552
7.694000,10.274046
7.695000,10.337421
7.696000,10.379596
7.697000,10.388969
7.698000,10.448753
7.699000,10.420530
7.700000,10.470913
7.701000,10.426962
7.702000,10.411231
7.703000,10.518299
7.704000,10.487148
7.705000,10.449034
7.706000,10.442556
7.707000,10.458945
7.708000,10.494601
7.709000,10.506120
7.710000,10.512589
7.711000,10.521582
7.712000,10.673881
7.713000,10.589828
7.714000,10.614524
7.715000,10.670462
7.716000,10.624660
7.717000,10.666708
7.718000,10.707658
7.719000,10.564080
7.720000,10.683355
7.721000,10.750736
7.722000,10.787599
7.723000,10.750236
7.724000,10.749228
7.725000,10.718859
7.726000,10.686737
7.727000,10.755444
7.728000,10.641603
7.729000,10.521673
7.730000,10.494994
7.731000,10.545466
7.732000,10.495226
7.733000,10.545325
7.734000,10.514823
7.735000,10.516203
7.736000,10.520216
7.737000,10.547388
7.738000,10.587398
7.739000,10.584161
7.740000,10.536498
7.741000,10.462665
7.742000,10.540020
7.743000,10.568901
7.744000,10.636980
7.745000,10.605803
7.746000,10.648498
7.747000,10.708800
7.748000,10.788778
7.749000,10.794172
7.750000,10.877181
7.751000,10.811096
7.752000,10.805781
7.753000,10.757120
7.754000,10.690713
7.755000,10.704426
7.756000,10.766513
7.757000,10.731621
7.758000,10.710452
7.759000,10.684874
7.760000,10.660866
7.761000,10.715251
7.762000,10.780836
7.763000,10.702936
7.764000,10.737565
7.765000,10.768888
7.766000,10.747803
7.767000,10.656259
7.768000,10.650866
7.769000,10.585958
7.770000,10.615375
7.771000,10.643274
7.772000,10.730152
7.773000,10.704930
7.774000,10.721912
7.775000,10.708986
7.776000,10.740286
7.777000,10.711539
7.778000,10.689157
7.779000,10.632487
7.780000,10.640608
7.781000,10.652698
7.782000,10.756606
7.783000,10.784364
7.784000,10.776376
7.785000,10.840787
7.786000,10.901599
7.787000,10.882314
7.788000,10.898063
7.789000,10.884974
7.790000,10.876117
7.791000,10.884838
7.792000,10.877049
7.793000,10.844066
7.794000,10.869921
7.795000,10.843397
7.796000,10.740234
7.797000,10.707052
7.798000,10.770234
7.799000,10.790848
7.800000,10.825984
7.801000,10.839529
7.802000,10.794612
7.803000,10.709976
7.804000,10.633315
7.805000,10.633556
7.806000,10.617407
7.807000,10.625827
7.808000,10.592229
7.809000,10.720563
7.810000,10.674662
7.811000,10.753724
7.812000,10.733295
7.813000,10.809732
7.814000,10.920436
7.815000,11.024135
7.816000,11.110775
7.817000,11.144072
7.818000,11.059568
7.819000,10.965893
7.820000,10.981690
7.821000,11.036389
7.822000,10.960341
7.823000,11.029756
7.824000,11.034106
7.825000,10.973743
7.826000,10.988734
7.827000,11.123139
7.828000,11.090616
7.829000,11.110403
7.830000,11.133101
7.831000,11.112837
7.832000,11.180397
7.833000,11.267035
7.834000,11.305924
7.835000,11.396250
7.836000,11.407679
7.837000,11.454745
7.838000,11.395560
7.839000,11.462944
7.840000,11.455978
7.841000,11.355374
7.842000,11.351342
7.843000,11.266212
7.844000,11.201192
7.845000,11.243818
7.846000,11.284374
7.847000,11.220552
7.848000,11.083280
7.849000,11.112501
7.850000,11.035584
7.851000,11.071780
7.852000,11.108395
7.853000,11.126463
7.854000,11.240099
7.855000,11.277088
7.856000,11.262918
7.857000,11.229254
7.858000,11.221836
7.859000,11.234374
7.860000,11.150783
7.861000,11.125908
7.862000,11.119751
7.863000,11.022556
7.864000,10.937364
7.865000,10.947137
7.866000,10.855352
7.867000,10.918885
7.868000,10.941785
7.869000,10.951650
7.870000,10.905580
7.871000,10.837702
7.872000,10.842399
7.873000,10.857204
7.874000,10.909142
7.875000,10.745535
7.876000,10.767554
7.877000,10.806480
7.878000,10.762966
7.879000,10.778307
7.880000,10.737766
7.881000,10.702378
7.882000,10.612309
7.883000,10.648737
7.884000,10.648321
7.885000,10.621391
7.886000,10.594515
7.887000,10.607807
7.888000,10.686686
7.889000,10.765831
7.890000,10.770104
7.891000,10.716945
7.892000,10.746500
7.893000,10.643693
7.894000,10.728776
7.895000,10.769499
7.896000,10.734600
7.897000,10.718614
7.898000,10.672041
7.899000,10.690107
7.900000,10.632442
7.901000,10.631491
7.902000,10.589028
7.903000,10.479720
7.904000,10.473918
7.905000,10.444944
7.906000,10.387789
7.907000,10.308341
7.908000,10.272687
7.909000,10.239799
7.910000,10.187476
7.911000,10.144494
7.912000,10.122587
7.913000,10.063897
7.914000,10.106414
7.915000,10.119363
7.916000,10.150458
7.917000,10.093977
7.918000,10.062801
7.919000,10.067030
7.920000,10.059747
7.921000,10.017509
7.922000,9.978254
7.923000,10.007811
7.924000,10.056637
7.925000,10.143803
7.926000,10.124668
7.927000,10.163502
7.928000,10.207463
7.929000,10.220764
7.930000,10.226797
7.931000,10.225390
7.932000,10.272799
7.933000,10.320549
7.934000,10.271692
7.935000,10.252196
7.936000,10.202611
7.937000,10.211680
7.938000,10.182126
7.939000,10.200705
7.940000,10.278456
7.941000,10.248948
7.942000,10.309008
7.943000,10.320929
7.944000,10.310818
7.945000,10.301762
7.946000,10.294489
7.947000,10.333231
7.948000,10.439631
7.949000,10.445101
7.950000,10.427042
7.951000,10.494571
7.952000,10.533358
7.953000,10.490899
7.954000,10.539030
7.955000,10.521181
7.956000,10.535319
7.957000,10.576408
7.958000,10.545243
7.959000,10.534897
7.960000,10.560985
7.961000,10.477741
7.962000,10.455577
7.963000,10.351530
7.964000,10.362541
7.965000,10.351034
7.966000,10.290309
7.967000,10.247057
7.968000,10.146337
7.969000,10.136934
7.970000,10.083663
7.971000,10.083353
7.972000,10.130028
7.973000,10.099282
7.974000,10.034930
7.975000,10.103358
7.976000,10.065016
7.977000,10.125378
7.978000,10.148041
7.979000,10.211478
7.980000,10.182559
7.981000,10.084737
7.982000,10.052653
7.983000,10.057435
7.984000,10.156098
7.985000,10.105618
7.986000,10.130913
7.987000,10.053576
7.988000,10.031359
7.989000,10.090761
7.990000,10.143959
7.991000,10.167167
7.992000,10.170239
7.993000,10.195462
7.994000,10.247429
7.995000,10.237652
7.996000,10.227991
7.997000,10.235259
7.998000,10.251542
7.999000,10.150770
8.000000,10.134315
8.001000,10.112617
8.002000,10.106299
8.003000,10.066621
8.004000,10.122396
8.005000,10.162827
8.006000,10.165418
8.007000,10.333609
8.008000,10.377524
8.009000,10.448999
8.010000,10.467115
8.011000,10.500294
8.012000,10.558719
8.013000,10.518368
8.014000,10.434233
8.015000,10.548133
8.016000,10.453174
8.017000,10.376076
8.018000,10.360984
8.019000,10.324665
8.020000,10.330410
8.021000,10.418976
8.022000,10.464138
8.023000,10.344953
8.024000,10.309996
8.025000,10.321169
8.026000,10.311110
8.027000,10.196551
8.028000,10.159827
8.029000,10.220220
8.030000,10.218269
8.031000,10.185314
8.032000,10.107938
8.033000,10.162960
8.034000,10.301818
8.035000,10.255850
8.036000,10.311423
8.037000,10.314398
8.038000,10.252103
8.039000,10.168903
8.040000,10.188236
8.041000,10.181394
8.042000,10.140250
8.043000,10.154234
8.044000,10.179920
8.045000,10.325104
8.046000,10.318251
8.047000,10.276166
8.048000,10.218275
8.049000,10.247694
8.050000,10.294369
8.051000,10.284988
8.052000,10.341284
8.053000,10.348843
8.054000,10.336794
8.055000,10.310266
8.056000,10.314303
8.057000,10.329633
8.058000,10.311326
8.059000,10.253468
8.060000,10.194184
8.061000,10.261631
8.062000,10.230926
8.063000,10.336282
8.064000,10.259567
8.065000,10.256481
8.066000,10.240139
8.067000,10.166367
8.068000,10.066170
8.069000,10.017304
8.070000,10.085172
8.071000,10.033913
8.072000,10.051283
8.073000,10.072773
8.074000,10.105747
8.075000,9.971458
8.076000,9.931877
8.077000,9.812711
8.078000,9.835500
8.079000,9.873761
8.080000,9.933252
8.081000,9.972905
8.082000,10.040088
8.083000,10.096750
8.084000,10.118431
8.085000,10.168109
8.086000,10.117157
8.087000,10.127837
8.088000,10.068300
8.089000,10.031283
8.090000,10.038795
8.091000,10.117198
8.092000,10.105015
8.093000,10.141192
8.094000,10.144007
8.095000,10.219700
8.096000,10.259376
8.097000,10.229879
8.098000,10.285259
8.099000,10.303012
8.100000,10.296017
8.101000,10.392900
8.102000,10.393066
8.103000,10.356425
8.104000,10.232601
8.105000,10.145687
8.106000,10.196196
8.107000,10.007224
8.108000,10.063209
8.109000,9.995308
8.110000,9.926800
8.111000,9.980452
8.112000,9.878364
8.113000,9.841829
8.114000,9.787767
8.115000,9.771856
8.116000,9.835603
8.117000,9.939994
8.118000,9.842833
8.119000,9.782054
8.120000,9.927054
8.121000,9.970581
8.122000,10.087017
8.123000,10.197101
8.124000,10.203140
8.125000,10.159382
8.126000,10.212995
8.127000,10.239375
8.128000,10.330396
8.129000,10.358842
8.130000,10.501635
8.131000,10.410084
8.132000,10.314452
8.133000,10.287250
8.134000,10.222539
8.135000,10.229970
8.136000,10.190332
8.137000,10.266709
8.138000,10.276597
8.139000,10.302889
8.140000,10.272622
8.141000,10.272946
8.142000,10.252000
8.143000,10.199140
8.144000,10.215704
8.145000,10.102830
8.146000,10.076093
8.147000,10.039513
8.148000,10.108303
8.149000,10.090194
8.150000,9.988469
8.151000,9.979479
8.152000,9.999658
8.153000,10.025980
8.154000,10.075713
8.155000,10.120475
8.156000,10.149097
8.157000,10.228573
8.158000,10.208999
8.159000,10.240691
8.160000,10.252331
8.161000,10.275956
8.162000,10.305179
8.163000,10.288222
8.164000,10.274678
8.165000,10.277537
8.166000,10.149130
8.167000,10.170172
8.168000,10.225416
8.169000,10.214140
8.170000,10.191728
8.171000,10.178783
8.172000,10.242515
8.173000,10.212695
8.174000,10.271001
8.175000,10.187860
8.176000,10.151935
8.177000,10.239116
8.178000,10.206962
8.179000,10.123660
8.180000,10.139108
8.181000,10.111418
8.182000,10.106647
8.183000,10.137329
8.184000,10.109228
8.185000,10.134252
8.186000,10.118506
8.187000,10.120202
8.188000,10.104270
8.189000,10.025675
8.190000,9.975346
8.191000,9.936836
8.192000,9.980064
8.193000,9.931735
8.194000,9.873062
8.195000,9.881950
8.196000,9.922649
8.197000,9.928156
8.198000,9.909110
8.199000,9.820763
8.200000,9.845163
8.201000,9.907607
8.202000,9.892199
8.203000,9.904681
8.204000,9.856387
8.205000,9.818047
8.206000,9.826024
8.207000,9.817617
8.208000,9.846539
8.209000,9.857679
8.210000,9.830938
8.211000,9.795760
8.212000,9.826193
8.213000,9.758198
8.214000,9.786837
8.215000,9.766194
8.216000,9.686495
8.217000,9.632487
8.218000,9.610385
8.219000,9.750416
8.220000,9.741299
8.221000,9.668330
8.222000,9.721535
8.223000,9.660447
8.224000,9.581863
8.225000,9.601414
8.226000,9.657586
8.227000,9.770777
8.228000,9.789740
8.229000,9.744147
8.230000,9.746494
8.231000,9.823023
8.232000,9.915076
8.233000,9.867164
8.234000,9.962963
8.235000,9.950301
8.236000,9.882854
8.237000,9.921401
8.238000,9.929437
8.239000,9.845438
8.240000,9.790053
8.241000,9.791941
8.242000,9.817860
8.243000,9.753626
8.244000,9.817139
8.245000,9.767586
8.246000,9.712867
8.247000,9.753166
8.248000,9.823215
8.249000,9.804824
8.250000,9.792452
8.251000,9.812383
8.252000,9.876260
8.253000,9.851720
8.254000,9.840699
8.255000,9.805331
8.256000,9.709582
8.257000,9.747537
8.258000,9.723716
8.259000,9.780441
8.260000,9.752017
8.261000,9.827907
8.262000,9.840664
8.263000,9.898425
8.264000,9.824953
8.265000,9.785951
8.266000,9.753333
8.267000,9.860021
8.268000,9.884627
8.269000,9.855595
8.270000,9.727888
8.271000,9.672002
8.272000,9.748231
8.273000,9.719765
8.274000,9.753800
8.275000,9.658431
8.276000,9.680752
8.277000,9.740559
8.278000,9.764981
8.279000,9.707996
8.280000,9.645900
8.281000,9.678991
8.282000,9.617694
8.283000,9.535416
8.284000,9.543488
8.285000,9.479277
8.286000,9.412084
8.287000,9.399725
8.288000,9.392179
8.289000,9.312786
8.290000,9.312676
8.291000,9.382169
8.292000,9.421482
8.293000,9.480466
8.294000,9.535452
8.295000,9.538114
8.296000,9.551187
8.297000,9.494129
8.298000,9.441135
8.299000,9.396434
8.300000,9.329290
8.301000,9.440817
8.302000,9.515765
8.303000,9.425791
8.304000,9.461367
8.305000,9.465720
8.306000,9.489355
8.307000,9.511956
8.308000,9.565396
8.309000,9.496990
8.310000,9.441355
8.311000,9.416014
8.312000,9.468418
8.313000,9.469771
8.314000,9.465935
8.315000,9.452629
8.316000,9.497086
8.317000,9.518641
8.318000,9.599680
8.319000,9.709319
8.320000,9.746943
8.321000,9.698593
8.322000,9.629730
8.323000,9.624008
8.324000,9.637862
8.325000,9.641792
8.326000,9.660973
8.327000,9.664849
8.328000,9.743195
8.329000,9.742669
8.330000,9.814967
8.331000,9.828677
8.332000,9.810340
8.333000,9.817695
8.334000,9.788894
8.335000,9.797092
8.336000,9.674304
8.337000,9.679573
8.338000,9.735640
8.339000,9.800275
8.340000,9.760632
8.341000,9.700804
8.342000,9.771095
8.343000,9.693223
8.344000,9.688778
8.345000,9.671374
8.346000,9.687755
8.347000,9.739592
8.348000,9.816745
8.349000,9.705854
8.350000,9.685188
8.351000,9.568025
8.352000,9.527100
8.353000,9.438436
8.354000,9.420293
8.355000,9.387484
8.356000,9.400905
8.357000,9.430548
8.358000,9.433974
8.359000,9.471237
8.360000,9.530943
8.361000,9.519835
8.362000,9.514480
8.363000,9.467197
8.364000,9.411417
8.365000,9.447800
8.366000,9.532687
8.367000,9.537910
8.368000,9.449322
8.369000,9.403078
8.370000,9.413043
8.371000,9.415423
8.372000,9.360216
8.373000,9.365924
8.374000,9.368836
8.375000,9.284802
8.376000,9.225485
8.377000,9.256694
8.378000,9.202112
8.379000,9.187213
8.380000,9.253824
8.381000,9.297308
8.382000,9.333243
8.383000,9.260546
8.384000,9.215840
8.385000,9.211403
8.386000,9.205993
8.387000,9.246882
8.388000,9.285610
8.389000,9.343588
8.390000,9.424794
8.391000,9.417424
8.392000,9.359831
8.393000,9.409928
8.394000,9.418617
8.395000,9.428842
8.396000,9.401681
8.397000,9.393118
8.398000,9.526384
8.399000,9.421740
8.400000,9.462658
8.401000,9.480771
8.402000,9.519577
8.403000,9.492667
8.404000,9.494535
8.405000,9.469756
8.406000,9.455770
8.407000,9.432147
8.408000,9.527081
8.409000,9.588711
8.410000,9.623010
8.411000,9.648783
8.412000,9.618318
8.413000,9.535369
8.414000,9.556169
8.415000,9.504505
8.416000,9.473038
8.417000,9.420574
8.418000,9.394400
8.419000,9.364757
8.420000,9.438606
8.421000,9.522685
8.422000,9.523050
8.423000,9.555438
8.424000,9.553459
8.425000,9.570139
8.426000,9.545538
8.427000,9.567620
8.428000,9.478407
8.429000,9.337179
8.430000,9.442922
8.431000,9.452115
8.432000,9.453551
8.433000,9.484958
8.434000,9.494368
8.435000,9.540360
8.436000,9.477653
8.437000,9.440634
8.438000,9.513903
8.439000,9.529365
8.440000,9.488004
8.441000,9.410577
8.442000,9.513056
8.443000,9.572353
8.444000,9.605021
8.445000,9.522016
8.446000,9.485824
8.447000,9.419339
8.448000,9.309796
8.449000,9.276603
8.450000,9.253023
8.451000,9.372540
8.452000,9.295205
8.453000,9.351431
8.454000,9.370248
8.455000,9.409996
8.456000,9.417299
8.457000,9.472835
8.458000,9.467029
8.459000,9.533424
8.460000,9.574925
8.461000,9.520163
8.462000,9.508410
8.463000,9.612554
8.464000,9.711680
8.465000,9.663806
8.466000,9.684250
8.467000,9.780949
8.468000,9.810904
8.469000,9.775699
8.470000,9.814411
8.471000,9.825465
8.472000,9.731731
8.473000,9.761468
8.474000,9.773738
8.475000,9.812721
8.476000,9.917892
8.477000,10.023314
8.478000,10.115434
8.479000,10.211848
8.480000,10.158446
8.481000,10.099776
8.482000,10.122397
8.483000,10.123370
8.484000,10.150468
8.485000,10.125364
8.486000,10.160775
8.487000,10.254072
8.488000,10.248620
8.489000,10.244241
8.490000,10.215945
8.491000,10.098440
8.492000,10.087086
8.493000,10.075671
8.494000,10.091463
8.495000,10.052509
8.496000,10.133509
8.497000,10.194836
8.498000,10.305152
8.499000,10.152030
8.500000,10.120973
8.501000,10.161840
8.502000,10.190217
8.503000,10.216033
8.504000,10.218134
8.505000,10.282241
8.506000,10.266811
8.507000,10.260437
8.508000,10.407996
8.509000,10.396222
8.510000,10.456643
8.511000,10.470566
8.512000,10.520919
8.513000,10.528171
8.514000,10.588468
8.515000,10.661449
8.516000,10.659082
8.517000,10.635226
8.518000,10.605364
8.519000,10.559504
8.520000,10.650811
8.521000,10.760558
8.522000,10.660718
8.523000,10.619824
8.524000,10.632678
8.525000,10.689014
8.526000,10.625396
8.527000,10.598541
8.528000,10.610848
8.529000,10.665093
8.530000,10.618302
8.531000,10.680914
8.532000,10.635017
8.533000,10.692102
8.534000,10.659666
8.535000,10.643431
8.536000,10.691828
8.537000,10.718970
8.538000,10.765063
8.539000,10.759646
8.540000,10.747828
8.541000,10.821665
8.542000,10.932780
8.543000,10.960380
8.544000,10.987748
8.545000,10.946491
8.546000,11.055518
8.547000,11.036902
8.548000,11.062782
8.549000,11.143624
8.550000,10.985120
8.551000,10.968011
8.552000,10.891654
8.553000,10.867391
8.554000,10.868832
8.555000,10.785857
8.556000,10.851424
8.557000,10.987667
8.558000,10.970836
8.559000,10.970831
8.560000,11.069687
8.561000,11.092703
8.562000,11.029294
8.563000,11.062809
8.564000,11.027312
8.565000,11.102801
8.566000,11.065153
8.567000,11.148816
8.568000,11.076377
8.569000,11.065116
8.570000,10.944366
8.571000,11.092430
8.572000,11.095302
8.573000,11.078338
8.574000,11.103221
8.575000,11.112702
8.576000,11.141498
8.577000,11.274333
8.578000,11.369246
8.579000,11.344364
8.580000,11.364105
8.581000,11.360209
8.582000,11.390092
8.583000,11.331158
8.584000,11.310527
8.585000,11.222773
8.586000,11.255391
8.587000,11.217664
8.588000,11.286983
8.589000,11.297497
8.590000,11.215894
8.591000,11.316801
8.592000,11.199642
8.593000,11.367805
8.594000,11.469135
8.595000,11.567356
8.596000,11.672172
8.597000,11.744524
8.598000,11.740970
8.599000,11.701364
8.600000,11.710491
8.601000,11.568229
8.602000,11.593186
8.603000,11.589613
8.604000,11.602784
8.605000,11.575482
8.606000,11.488975
8.607000,11.493124
8.608000,11.467201
8.609000,11.441933
8.610000,11.443702
8.611000,11.491978
8.612000,11.566238
8.613000,11.494644
8.614000,11.503570
8.615000,11.387278
8.616000,11.317232
8.617000,11.249664
8.618000,11.231740
8.619000,11.224993
8.620000,11.240187
8.621000,11.239298
8.622000,11.229862
8.623000,11.146751
8.624000,11.171211
8.625000,11.110245
8.626000,11.143739
8.627000,11.120968
8.628000,11.233980
8.629000,11.171882
8.630000,11.197336
8.631000,11.257412
8.632000,11.227373
8.633000,11.206182
8.634000,11.301814
8.635000,11.355912
8.636000,11.373585
8.637000,11.340225
8.638000,11.308041
8.639000,11.213871
8.640000,11.309980
8.641000,11.313062
8.642000,11.350221
8.643000,11.430736
8.644000,11.477842
8.645000,11.470870
8.646000,11.553394
8.647000,11.448476
8.648000,11.525125
8.649000,11.556233
8.650000,11.554527
8.651000,11.596485
8.652000,11.665096
8.653000,11.629143
8.654000,11.649962
8.655000,11.632302
8.656000,11.629819
8.657000,11.682444
8.658000,11.662343
8.659000,11.607278
8.660000,11.595391
8.661000,11.691431
8.662000,11.773602
8.663000,11.824831
8.664000,11.921334
8.665000,11.916437
8.666000,11.884761
8.667000,11.842578
8.668000,11.870685
8.669000,11.902577
8.670000,11.837002
8.671000,11.982685
8.672000,12.034183
8.673000,11.947223
8.674000,11.843976
8.675000,11.856727
8.676000,11.866115
8.677000,11.796847
8.678000,11.792921
8.679000,11.785979
8.680000,11.771970
8.681000,11.838541
8.682000,11.757097
8.683000,11.743762
8.684000,11.662878
8.685000,11.660842
8.686000,11.665683
8.687000,11.786654
8.688000,11.724677
8.689000,11.729744
8.690000,11.713584
8.691000,11.710857
8.692000,11.662700
8.693000,11.585742
8.694000,11.539551
8.695000,11.486189
8.696000,11.535152
8.697000,11.517179
8.698000,11.594292
8.699000,11.535627
8.700000,11.424372
8.701000,11.383914
8.702000,11.355963
8.703000,11.470816
8.704000,11.399389
8.705000,11.441931
8.706000,11.416748
8.707000,11.374466
8.708000,11.424574
8.709000,11.384541
8.710000,11.489869
8.711000,11.524711
8.712000,11.568591
8.713000,11.553959
8.714000,11.576027
8.715000,11.631917
8.716000,11.586286
8.717000,11.580350
8.718000,11.526767
8.719000,11.506140
8.720000,11.514019
8.721000,11.402488
8.722000,11.401145
8.723000,11.361637
8.724000,11.405396
8.725000,11.333049
8.726000,11.307330
8.727000,11.288160
8.728000,11.348841
8.729000,11.344157
8.730000,11.430137
8.731000,11.475061
8.732000,11.416312
8.733000,11.334420
8.734000,11.315765
8.735000,11.344277
8.736000,11.327444
8.737000,11.259746
8.738000,11.279584
8.739000,11.254131
8.740000,11.196583
8.741000,11.201974
8.742000,11.181633
8.743000,11.079282
8.744000,11.062228
8.745000,11.077362
8.746000,11.021408
8.747000,10.926372
8.748000,10.954276
8.749000,11.004872
8.750000,10.982512
8.751000,10.983233
8.752000,10.928246
8.753000,10.920489
8.754000,10.828421
8.755000,10.797273
8.756000,10.798083
8.757000,10.749792
8.758000,10.730270
8.759000,10.723029
8.760000,10.785738
8.761000,10.744120
8.762000,10.652312
8.763000,10.597674
8.764000,10.543888
8.765000,10.558818
8.766000,10.620193
8.767000,10.537270
8.768000,10.531944
8.769000,10.547858
8.770000,10.518665
8.771000,10.496650
8.772000,10.436233
8.773000,10.492127
8.774000,10.516246
8.775000,10.442230
8.776000,10.442646
8.777000,10.356110
8.778000,10.367071
8.779000,10.406721
8.780000,10.284051
8.781000,10.251285
8.782000,10.226178
8.783000,10.337661
8.784000,10.360180
8.785000,10.389075
8.786000,10.372196
8.787000,10.372204
8.788000,10.401945
8.789000,10.403421
8.790000,10.430018
8.791000,10.415366
8.792000,10.337549
8.793000,10.346659
8.794000,10.344729
8.795000,10.254459
8.796000,10.189845
8.797000,10.150824
8.798000,10.225819
8.799000,10.252864
8.800000,10.337995
8.801000,10.203688
8.802000,10.218008
8.803000,10.298550
8.804000,10.265980
8.805000,10.285017
8.806000,10.226628
8.807000,10.241774
8.808000,10.233023
8.809000,10.143972
8.810000,10.202478
8.811000,10.200769
8.812000,10.221146
8.813000,10.120689
8.814000,10.164723
8.815000,10.128004
8.816000,10.167474
8.817000,10.101384
8.818000,10.167223
8.819000,10.146301
8.820000,10.148951
8.821000,10.118423
8.822000,10.021976
8.823000,10.009698
8.824000,10.076777
8.825000,10.146809
8.826000,10.126000
8.827000,10.198870
8.828000,10.191186
8.829000,10.124469
8.830000,10.119494
8.831000,10.122333
8.832000,10.181321
8.833000,10.058148
8.834000,10.127211
8.835000,10.176443
8.836000,10.211716
8.837000,10.133927
8.838000,10.046654
8.839000,10.105128
8.840000,10.089072
8.841000,10.146287
8.842000,10.079701
8.843000,10.117372
8.844000,10.147742
8.845000,10.072201
8.846000,10.055581
8.847000,10.157251
8.848000,10.113691
8.849000,10.176914
8.850000,10.176683
8.851000,10.122550
8.852000,10.090874
8.853000,10.031390
8.854000,10.130845
8.855000,10.041589
8.856000,9.972434
8.857000,9.972632
8.858000,10.027911
8.859000,9.952119
8.860000,9.901295
8.861000,9.886978
8.862000,9.866013
8.863000,9.867704
8.864000,9.829610
8.865000,9.826704
8.866000,9.866663
8.867000,9.799596
8.868000,9.706457
8.869000,9.662517
8.870000,9.668315
8.871000,9.816749
8.872000,9.863462
8.873000,9.891123
8.874000,9.723011
8.875000,9.614391
8.876000,9.649860
8.877000,9.615241
8.878000,9.572891
8.879000,9.616788
8.880000,9.683508
8.881000,9.714301
8.882000,9.723106
8.883000,9.617921
8.884000,9.604036
8.885000,9.651119
8.886000,9.637983
8.887000,9.551496
8.888000,9.411812
8.889000,9.390247
8.890000,9.420999
8.891000,9.377298
8.892000,9.364263
8.893000,9.387022
8.894000,9.356813
8.895000,9.348737
8.896000,9.311858
8.897000,9.269017
8.898000,9.295918
8.899000,9.327642
8.900000,9.314553
8.901000,9.232340
8.902000,9.255875
8.903000,9.301924
8.904000,9.343362
8.905000,9.383735
8.906000,9.384203
8.907000,9.371171
8.908000,9.402579
8.909000,9.438348
8.910000,9.473648
8.911000,9.425563
8.912000,9.322869
8.913000,9.344969
8.914000,9.365163
8.915000,9.381740
8.916000,9.412771
8.917000,9.326579
8.918000,9.291890
8.919000,9.329509
8.920000,9.303609
8.921000,9.295054
8.922000,9.377567
8.923000,9.421400
8.924000,9.394324
8.925000,9.412090
8.926000,9.372438
8.927000,9.398433
8.928000,9.324114
8.929000,9.232273
8.930000,9.320225
8.931000,9.379008
8.932000,9.329853
8.933000,9.358980
8.934000,9.224596
8.935000,9.229734
8.936000,9.295780
8.937000,9.340927
8.938000,9.352522
8.939000,9.351646
8.940000,9.367152
8.941000,9.486746
8.942000,9.463671
8.943000,9.479444
8.944000,9.525614
8.945000,9.479387
8.946000,9.568020
8.947000,9.462614
8.948000,9.452790
8.949000,9.430634
8.950000,9.429333
8.951000,9.359429
8.952000,9.340749
8.953000,9.360011
8.954000,9.316470
8.955000,9.369105
8.956000,9.260274
8.957000,9.254025
8.958000,9.347258
8.959000,9.296671
8.960000,9.303543
8.961000,9.285454
8.962000,9.255997
8.963000,9.295377
8.964000,9.223398
8.965000,9.255198
8.966000,9.178989
8.967000,9.166542
8.968000,9.212579
8.969000,9.181859
8.970000,9.186019
8.971000,9.314352
8.972000,9.325040
8.973000,9.342472
8.974000,9.381018
8.975000,9.415307
8.976000,9.416936
8.977000,9.403492
8.978000,9.418236
8.979000,9.439492
8.980000,9.516152
8.981000,9.521970
8.982000,9.568245
8.983000,9.679742
8.984000,9.588074
8.985000,9.576729
8.986000,9.563208
8.987000,9.554991
8.988000,9.635206
8.989000,9.620238
8.990000,9.631568
8.991000,9.725944
8.992000,9.606582
8.993000,9.535901
8.994000,9.471420
8.995000,9.473605
8.996000,9.504225
8.997000,9.455850
8.998000,9.534857
8.999000,9.627028
9.000000,9.583411
9.001000,9.553238
9.002000,9.496545
9.003000,9.533445
9.004000,9.509299
9.005000,9.563418
9.006000,9.627039
9.007000,9.628915
9.008000,9.582379
9.009000,9.440968
9.010000,9.460547
9.011000,9.490508
9.012000,9.494742
9.013000,9.448372
9.014000,9.510014
9.015000,9.507767
9.016000,9.546615
9.017000,9.592626
9.018000,9.649310
9.019000,9.688013
9.020000,9.599334
9.021000,9.620928
9.022000,9.616577
9.023000,9.587368
9.024000,9.537764
9.025000,9.484456
9.026000,9.458463
9.027000,9.442872
9.028000,9.447067
9.029000,9.341031
9.030000,9.291325
9.031000,9.330272
9.032000,9.392874
9.033000,9.377780
9.034000,9.351191
9.035000,9.457835
9.036000,9.400362
9.037000,9.459683
9.038000,9.508028
9.039000,9.529665
9.040000,9.590641
9.041000,9.629338
9.042000,9.621637
9.043000,9.663758
9.044000,9.806690
9.045000,9.818296
9.046000,9.876761
9.047000,9.985725
9.048000,9.935189
9.049000,9.935167
9.050000,9.881991
9.051000,9.890413
9.052000,9.862805
9.053000,9.930631
9.054000,9.916625
9.055000,9.957257
9.056000,9.969691
9.057000,9.996329
9.058000,9.946641
9.059000,10.002596
9.060000,9.998458
9.061000,9.988167
9.062000,9.945136
9.063000,9.972782
9.064000,9.946226
9.065000,9.906134
9.066000,9.905156
9.067000,9.779066
9.068000,9.846976
9.069000,9.822024
9.070000,9.877924
9.071000,9.809756
9.072000,9.695726
9.073000,9.644012
9.074000,9.666917
9.075000,9.739865
9.076000,9.818953
9.077000,9.883080
9.078000,9.840863
9.079000,9.811409
9.080000,9.833496
9.081000,9.875778
9.082000,9.822618
9.083000,9.769063
9.084000,9.694554
9.085000,9.763035
9.086000,9.711164
9.087000,9.728576
9.088000,9.733546
9.089000,9.761571
9.090000,9.675538
9.091000,9.679401
9.092000,9.730902
9.093000,9.766420
9.094000,9.746516
9.095000,9.790442
9.096000,9.805558
9.097000,9.788425
9.098000,9.794141
9.099000,9.924369
9.100000,9.898593
9.101000,9.813831
9.102000,9.854493
9.103000,9.900835
9.104000,9.931815
9.105000,9.926963
9.106000,9.985545
9.107000,10.098785
9.108000,10.183353
9.109000,10.067383
9.110000,10.021283
9.111000,10.037151
9.112000,9.916365
9.113000,10.019217
9.114000,10.066640
9.115000,10.024262
9.116000,9.969085
9.117000,10.037160
9.118000,10.020874
9.119000,10.040630
9.120000,9.982743
9.121000,9.922152
9.122000,9.898571
9.123000,9.903119
9.124000,9.951898
9.125000,9.924782
9.126000,9.971290
9.127000,9.947187
9.128000,9.899643
9.129000,9.877488
9.130000,9.852548
9.131000,9.783835
9.132000,9.680106
9.133000,9.711220
9.134000,9.725170
9.135000,9.768594
9.136000,9.680770
9.137000,9.662617
9.138000,9.587550
9.139000,9.663936
9.140000,9.761004
9.141000,9.797478
9.142000,9.878912
9.143000,9.797739
9.144000,9.791108
9.145000,9.805289
9.146000,9.838606
9.147000,9.845961
9.148000,9.888628
9.149000,9.907594
9.150000,9.893211
9.151000,9.966306
9.152000,9.945245
9.153000,9.989577
9.154000,10.026197
9.155000,9.967411
9.156000,9.946865
9.157000,10.069288
9.158000,10.075781
9.159000,10.119614
9.160000,10.100104
9.161000,10.168019
9.162000,10.178081
9.163000,10.240299
9.164000,10.297621
9.165000,10.256623
9.166000,10.264004
9.167000,10.307956
9.168000,10.258492
9.169000,10.269317
9.170000,10.263822
9.171000,10.307910
9.172000,10.256117
9.173000,10.288069
9.174000,10.345976
9.175000,10.324477
9.176000,10.308374
9.177000,10.356656
9.178000,10.334937
9.179000,10.370422
9.180000,10.445227
9.181000,10.377250
9.182000,10.410170
9.183000,10.485879
9.184000,10.411249
9.185000,10.429368
9.186000,10.462595
9.187000,10.446900
9.188000,10.467456
9.189000,10.414675
9.190000,10.422588
9.191000,10.386388
9.192000,10.431759
9.193000,10.438277
9.194000,10.446882
9.195000,10.506026
9.196000,10.533188
9.197000,10.503575
9.198000,10.495223
9.199000,10.461031
9.200000,10.496787
9.201000,10.574784
9.202000,10.688749
9.203000,10.740151
9.204000,10.703565
9.205000,10.751129
9.206000,10.697830
9.207000,10.625473
9.208000,10.573020
9.209000,10.598970
9.210000,10.512125
9.211000,10.547259
9.212000,10.545430
9.213000,10.645505
9.214000,10.649812
9.215000,10.632290
9.216000,10.574823
9.217000,10.532754
9.218000,10.550092
9.219000,10.476045
9.220000,10.331740
9.221000,10.304322
9.222000,10.298522
9.223000,10.288100
9.224000,10.270436
9.225000,10.224267
9.226000,10.141128
9.227000,10.225297
9.228000,10.268932
9.229000,10.291672
9.230000,10.267060
9.231000,10.225362
9.232000,10.214098
9.233000,10.251735
9.234000,10.259180
9.235000,10.260419
9.236000,10.295547
9.237000,10.260440
9.238000,10.213899
9.239000,10.194693
9.240000,10.185858
9.241000,10.286819
9.242000,10.415937
9.243000,10.356775
9.244000,10.313100
9.245000,10.314064
9.246000,10.205569
9.247000,10.171947
9.248000,10.247452
9.249000,10.205352
9.250000,10.178832
9.251000,10.239273
9.252000,10.339273
9.253000,10.326604
9.254000,10.325486
9.255000,10.342063
9.256000,10.393174
9.257000,10.294922
9.258000,10.312373
9.259000,10.288868
9.260000,10.305240
9.261000,10.340922
9.262000,10.208438
9.263000,10.265838
9.264000,10.270942
9.265000,10.252267
9.266000,10.282133
9.267000,10.311967
9.268000,10.429507
9.269000,10.473565
9.270000,10.522332
9.271000,10.538417
9.272000,10.579492
9.273000,10.531679
9.274000,10.576773
9.275000,10.589799
9.276000,10.637915
9.277000,10.688963
9.278000,10.610464
9.279000,10.636659
9.280000,10.677992
9.281000,10.736816
9.282000,10.627389
9.283000,10.650300
9.284000,10.574716
9.285000,10.534446
9.286000,10.553511
9.287000,10.585143
9.288000,10.590611
9.289000,10.571681
9.290000,10.548059
9.291000,10.590722
9.292000,10.637075
9.293000,10.644095
9.294000,10.545368
9.295000,10.417673
9.296000,10.328368
9.297000,10.300811
9.298000,10.342878
9.299000,10.320105
9.300000,10.288613
9.301000,10.278281
9.302000,10.261522
9.303000,10.233825
9.304000,10.186897
9.305000,10.144672
9.306000,10.131072
9.307000,10.129244
9.308000,10.094756
9.309000,10.140482
9.310000,10.077074
9.311000,10.101744
9.312000,10.059936
9.313000,10.092474
9.314000,10.033322
9.315000,10.030760
9.316000,10.082596
9.317000,10.125915
9.318000,10.076578
9.319000,10.040397
9.320000,9.972411
9.321000,9.950346
9.322000,9.860318
9.323000,9.835324
9.324000,9.785583
9.325000,9.776828
9.326000,9.760007
9.327000,9.752715
9.328000,9.750563
9.329000,9.800879
9.330000,9.783723
9.331000,9.751010
9.332000,9.808890
9.333000,9.632696
9.334000,9.575098
9.335000,9.515476
9.336000,9.600665
9.337000,9.634292
9.338000,9.663666
9.339000,9.662915
9.340000,9.682409
9.341000,9.760644
9.342000,9.664389
9.343000,9.613142
9.344000,9.637975
9.345000,9.590392
9.346000,9.633667
9.347000,9.678349
9.348000,9.741385
9.349000,9.648641
9.350000,9.658413
9.351000,9.718466
9.352000,9.694893
9.353000,9.752510
9.354000,9.737448
9.355000,9.672214
9.356000,9.767948
9.357000,9.687271
9.358000,9.693925
9.359000,9.686788
9.360000,9.653309
9.361000,9.620413
9.362000,9.522528
9.363000,9.537656
9.364000,9.476548
9.365000,9.581949
9.366000,9.558502
9.367000,9.465701
9.368000,9.486157
9.369000,9.535006
9.370000,9.600356
9.371000,9.580720
9.372000,9.577215
9.373000,9.568715
9.374000,9.601919
9.375000,9.680217
9.376000,9.735324
9.377000,9.713710
9.378000,9.704005
9.379000,9.698967
9.380000,9.665631
9.381000,9.605460
9.382000,9.580370
9.383000,9.609007
9.384000,9.637321
9.385000,9.576946
9.386000,9.593928
9.387000,9.580388
9.388000,9.596892
9.389000,9.635224
9.390000,9.660555
9.391000,9.711573
9.392000,9.749595
9.393000,9.794720
9.394000,9.785811
9.395000,9.688829
9.396000,9.561875
9.397000,9.549929
9.398000,9.533799
9.399000,9.442517
9.400000,9.359384
9.401000,9.230394
9.402000,9.294573
9.403000,9.159223
9.404000,9.035076
9.405000,9.063531
9.406000,9.108530
9.407000,9.072248
9.408000,9.096712
9.409000,9.125627
9.410000,9.091134
9.411000,9.237932
9.412000,9.268075
9.413000,9.292287
9.414000,9.294311
9.415000,9.321086
9.416000,9.269630
9.417000,9.266769
9.418000,9.277153
9.419000,9.297334
9.420000,9.278260
9.421000,9.293120
9.422000,9.266319
9.423000,9.346705
9.424000,9.283099
9.425000,9.203788
9.426000,9.202895
9.427000,9.243586
9.428000,9.213485
9.429000,9.217732
9.430000,9.218561
9.431000,9.236769
9.432000,9.321061
9.433000,9.260964
9.434000,9.220404
9.435000,9.220133
9.436000,9.202486
9.437000,9.221239
9.438000,9.315625
9.439000,9.352779
9.440000,9.328248
9.441000,9.373142
9.442000,9.409071
9.443000,9.524437
9.444000,9.471727
9.445000,9.492337
9.446000,9.552909
9.447000,9.602225
9.448000,9.616901
9.449000,9.581415
9.450000,9.532848
9.451000,9.478861
9.452000,9.492485
9.453000,9.521286
9.454000,9.506583
9.455000,9.472047
9.456000,9.483208
9.457000,9.398091
9.458000,9.536675
9.459000,9.496063
9.460000,9.512945
9.461000,9.515181
9.462000,9.517372
9.463000,9.538442
9.464000,9.481181
9.465000,9.593333
9.466000,9.611771
9.467000,9.529089
9.468000,9.615237
9.469000,9.659232
9.470000,9.659945
9.471000,9.677244
9.472000,9.635603
9.473000,9.759406
9.474000,9.774358
9.475000,9.750177
9.476000,9.666544
9.477000,9.615659
9.478000,9.514364
9.479000,9.508069
9.480000,9.481934
9.481000,9.433613
9.482000,9.420207
9.483000,9.439192
9.484000,9.438803
9.485000,9.406992
9.486000,9.442307
9.487000,9.432272
9.488000,9.445150
9.489000,9.435463
9.490000,9.411228
9.491000,9.517976
9.492000,9.469647
9.493000,9.364811
9.494000,9.277764
9.495000,9.214912
9.496000,9.323325
9.497000,9.493934
9.498000,9.382864
9.499000,9.437663
9.500000,9.436006
9.501000,9.550015
9.502000,9.576593
9.503000,9.547654
9.504000,9.604806
9.505000,9.618387
9.506000,9.629694
9.507000,9.531971
9.508000,9.553285
9.509000,9.569124
9.510000,9.577583
9.511000,9.567717
9.512000,9.596550
9.513000,9.591153
9.514000,9.520891
9.515000,9.544049
9.516000,9.465109
9.517000,9.482926
9.518000,9.495774
9.519000,9.601474
9.520000,9.658006
9.521000,9.727600
9.522000,9.788235
9.523000,9.769238
9.524000,9.818140
9.525000,9.872664
9.526000,9.810383
9.527000,9.785345
9.528000,9.875361
9.529000,9.973873
9.530000,10.082864
9.531000,10.160527
9.532000,10.047246
9.533000,10.003539
9.534000,9.906895
9.535000,9.823975
9.536000,9.861841
9.537000,9.833060
9.538000,9.789870
9.539000,9.742191
9.540000,9.700708
9.541000,9.636259
9.542000,9.562686
9.543000,9.617266
9.544000,9.613858
9.545000,9.515140
9.546000,9.482131
9.547000,9.480287
9.548000,9.432568
9.549000,9.460873
9.550000,9.428814
9.551000,9.447633
9.552000,9.481826
9.553000,9.487575
9.554000,9.467994
9.555000,9.501173
9.556000,9.555425
9.557000,9.636388
9.558000,9.662337
9.559000,9.578856
9.560000,9.661178
9.561000,9.574309
9.562000,9.514182
9.563000,9.639894
9.564000,9.660049
9.565000,9.780923
9.566000,9.785462
9.567000,9.781290
9.568000,9.653831
9.569000,9.651782
9.570000,9.689917
9.571000,9.710485
9.572000,9.854424
9.573000,9.905745
9.574000,9.939362
9.575000,10.004043
9.576000,10.035439
9.577000,10.073214
9.578000,10.035333
9.579000,9.932618
9.580000,9.921708
9.581000,9.901136
9.582000,9.917027
9.583000,9.963167
9.584000,9.962870
9.585000,9.889302
9.586000,9.903168
9.587000,9.954831
9.588000,9.893716
9.589000,9.944288
9.590000,9.905750
9.591000,9.877344
9.592000,9.958870
9.593000,9.953167
9.594000,10.005972
9.595000,10.051273
9.596000,10.069759
9.597000,10.179270
9.598000,10.221539
9.599000,10.286360
9.600000,10.316174
9.601000,10.220258
9.602000,10.113051
9.603000,10.096654
9.604000,10.109912
9.605000,10.211488
9.606000,10.272876
9.607000,10.252777
9.608000,10.259141
9.609000,10.275877
9.610000,10.305833
9.611000,10.332005
9.612000,10.290735
9.613000,10.329227
9.614000,10.360914
9.615000,10.346904
9.616000,10.445919
9.617000,10.500808
9.618000,10.579898
9.619000,10.579070
9.620000,10.454463
9.621000,10.501003
9.622000,10.445997
9.623000,10.380554
9.624000,10.309577
9.625000,10.223000
9.626000,10.213834
9.627000,10.140403
9.628000,10.038426
9.629000,9.951581
9.630000,9.907147
9.631000,9.813411
9.632000,9.755757
9.633000,9.778153
9.634000,9.726093
9.635000,9.697638
9.636000,9.696970
9.637000,9.553941
9.638000,9.603974
9.639000,9.676001
9.640000,9.552359
9.641000,9.530291
9.642000,9.548264
9.643000,9.525759
9.644000,9.549030
9.645000,9.526863
9.646000,9.507361
9.647000,9.537886
9.648000,9.535708
9.649000,9.564558
9.650000,9.522625
9.651000,9.494254
9.652000,9.465515
9.653000,9.470224
9.654000,9.515153
9.655000,9.485201
9.656000,9.447889
9.657000,9.387235
9.658000,9.426630
9.659000,9.404825
9.660000,9.350302
9.661000,9.356892
9.662000,9.345994
9.663000,9.385962
9.664000,9.390791
9.665000,9.404013
9.666000,9.362825
9.667000,9.313443
9.668000,9.390883
9.669000,9.378557
9.670000,9.306586
9.671000,9.349835
9.672000,9.377454
9.673000,9.391220
9.674000,9.363774
9.675000,9.379418
9.676000,9.399986
9.677000,9.301661
9.678000,9.324489
9.679000,9.256924
9.680000,9.369502
9.681000,9.426010
9.682000,9.389279
9.683000,9.367742
9.684000,9.358235
9.685000,9.324560
9.686000,9.301851
9.687000,9.237597
9.688000,9.333891
9.689000,9.358999
9.690000,9.350010
9.691000,9.417934
9.692000,9.395200
9.693000,9.576776
9.694000,9.531069
9.695000,9.632264
9.696000,9.565306
9.697000,9.526169
9.698000,9.504867
9.699000,9.591783
9.700000,9.567448
9.701000,9.596326
9.702000,9.457790
9.703000,9.362102
9.704000,9.365448
9.705000,9.335764
9.706000,9.395817
9.707000,9.393056
9.708000,9.443524
9.709000,9.436922
9.710000,9.370752
9.711000,9.443569
9.712000,9.363964
9.713000,9.270738
9.714000,9.287130
9.715000,9.245827
9.716000,9.210331
9.717000,9.168977
9.718000,9.218227
9.719000,9.135925
9.720000,9.038750
9.721000,9.014507
9.722000,8.919016
9.723000,8.916824
9.724000,8.940169
9.725000,9.018940
9.726000,8.983040
9.727000,8.903754
9.728000,8.864585
9.729000,8.936052
9.730000,8.956709
9.731000,9.076824
9.732000,9.052108
9.733000,9.054923
9.734000,9.156846
9.735000,9.127286
9.736000,9.096624
9.737000,9.114254
9.738000,9.140292
9.739000,9.167729
9.740000,9.165849
9.741000,9.190649
9.742000,9.204639
9.743000,9.166666
9.744000,9.210112
9.745000,9.275545
9.746000,9.359134
9.747000,9.318269
9.748000,9.267706
9.749000,9.206045
9.750000,9.164447
9.751000,9.070321
9.752000,9.060355
9.753000,9.187466
9.754000,9.174677
9.755000,9.184923
9.756000,9.141171
9.757000,9.138521
9.758000,9.127043
9.759000,9.148505
9.760000,9.159907
9.761000,9.098090
9.762000,9.161799
9.763000,9.256040
9.764000,9.227278
9.765000,9.217753
9.766000,9.203084
9.767000,9.234222
9.768000,9.327052
9.769000,9.299532
9.770000,9.256985
9.771000,9.414950
9.772000,9.468880
9.773000,9.533462
9.774000,9.494454
9.775000,9.545188
9.776000,9.615483
9.777000,9.611503
9.778000,9.547656
9.779000,9.700264
9.780000,9.729572
9.781000,9.683114
9.782000,9.657563
9.783000,9.673460
9.784000,9.626375
9.785000,9.579948
9.786000,9.546742
9.787000,9.579699
9.788000,9.624501
9.789000,9.644766
9.790000,9.618951
9.791000,9.671505
9.792000,9.691534
9.793000,9.622931
9.794000,9.643935
9.795000,9.653209
9.796000,9.607855
9.797000,9.586001
9.798000,9.506524
9.799000,9.463454
9.800000,9.437314
9.801000,9.439946
9.802000,9.470979
9.803000,9.500699
9.804000,9.497613
9.805000,9.468579
9.806000,9.413427
9.807000,9.414822
9.808000,9.467033
9.809000,9.507151
9.810000,9.400522
9.811000,9.416943
9.812000,9.402619
9.813000,9.429727
9.814000,9.450691
9.815000,9.529861
9.816000,9.613819
9.817000,9.659746
9.818000,9.675595
9.819000,9.609935
9.820000,9.688727
9.821000,9.697672
9.822000,9.752660
9.823000,9.733256
9.824000,9.777006
9.825000,9.867140
9.826000,9.897853
9.827000,9.882779
9.828000,9.933599
9.829000,9.935107
9.830000,9.853786
9.831000,9.903041
9.832000,9.841692
9.833000,9.813336
9.834000,9.899778
9.835000,9.976384
9.836000,9.966534
9.837000,9.927706
9.838000,9.916483
9.839000,9.957501
9.840000,9.908854
9.841000,9.929280
9.842000,9.806927
9.843000,9.845112
9.844000,9.758992
9.845000,9.687514
9.846000,9.711564
9.847000,9.730796
9.848000,9.702282
9.849000,9.648592
9.850000,9.725391
9.851000,9.616678
9.852000,9.606347
9.853000,9.583300
9.854000,9.582252
9.855000,9.538357
9.856000,9.523705
9.857000,9.504976
9.858000,9.446603
9.859000,9.433434
9.860000,9.430453
9.861000,9.425710
9.862000,9.469276
9.863000,9.423494
9.864000,9.459514
9.865000,9.453557
9.866000,9.431957
9.867000,9.521139
9.868000,9.560046
9.869000,9.491901
9.870000,9.505509
9.871000,9.534477
9.872000,9.629178
9.873000,9.618154
9.874000,9.600355
9.875000,9.590053
9.876000,9.649135
9.877000,9.583836
9.878000,9.516304
9.879000,9.440112
9.880000,9.414212
9.881000,9.436807
9.882000,9.394837
9.883000,9.490195
9.884000,9.525071
9.885000,9.488341
9.886000,9.445744
9.887000,9.408544
9.888000,9.405258
9.889000,9.287414
9.890000,9.321387
9.891000,9.373380
9.892000,9.267864
9.893000,9.159452
9.894000,9.118628
9.895000,9.089541
9.896000,9.053079
9.897000,8.958035
9.898000,8.920038
9.899000,8.839152
9.900000,8.773701
9.901000,8.781479
9.902000,8.673561
9.903000,8.683613
9.904000,8.593597
9.905000,8.502130
9.906000,8.424067
9.907000,8.389235
9.908000,8.434261
9.909000,8.437114
9.910000,8.490005
9.911000,8.610557
9.912000,8.559913
9.913000,8.517938
9.914000,8.511446
9.915000,8.398758
9.916000,8.451805
9.917000,8.427687
9.918000,8.442045
9.919000,8.415270
9.920000,8.424767
9.921000,8.315429
9.922000,8.400561
9.923000,8.363158
9.924000,8.322874
9.925000,8.403482
9.926000,8.412700
9.927000,8.451736
9.928000,8.443972
9.929000,8.561411
9.930000,8.552701
9.931000,8.491408
9.932000,8.498519
9.933000,8.445087
9.934000,8.451981
9.935000,8.449501
9.936000,8.489123
9.937000,8.521376
9.938000,8.549282
9.939000,8.617305
9.940000,8.655135
9.941000,8.600129
9.942000,8.590476
9.943000,8.567335
9.944000,8.732643
9.945000,8.805718
9.946000,8.839010
9.947000,8.787302
9.948000,8.805937
9.949000,8.919855
9.950000,8.932994
9.951000,8.902369
9.952000,8.957888
9.953000,8.925426
9.954000,8.950786
9.955000,8.954654
9.956000,8.929029
9.957000,9.032076
9.958000,8.931326
9.959000,8.986997
9.960000,9.005557
9.961000,9.026335
9.962000,9.018920
9.963000,9.107672
9.964000,9.125056
9.965000,8.916196
9.966000,8.935096
9.967000,8.916231
9.968000,8.939854
9.969000,8.967017
9.970000,8.918049
9.971000,8.887562
9.972000,8.860860
9.973000,8.857223
9.974000,8.883591
9.975000,8.954684
9.976000,8.948723
9.977000,8.911383
9.978000,8.862366
9.979000,8.847939
9.980000,8.894520
9.981000,8.860039
9.982000,8.879881
9.983000,8.847679
9.984000,8.813710
9.985000,8.817960
9.986000,8.832919
9.987000,8.868568
9.988000,8.879518
9.989000,8.830625
9.990000,8.785096
9.991000,8.665367
9.992000,8.587757
9.993000,8.536594
9.994000,8.597084
9.995000,8.565516
9.996000,8.624935
9.997000,8.580838
9.998000,8.607387
9.999000,8.615734
10.000000,8.618070
10.001000,8.573354
10.002000,8.573264
10.003000,8.641488
10.004000,8.641983
10.005000,8.583735
10.006000,8.520925
10.007000,8.515029
10.008000,8.479670
10.009000,8.454303
10.010000,8.429934
10.011000,8.498888
10.012000,8.513751
10.013000,8.479649
10.014000,8.433389
10.015000,8.416604
10.016000,8.533813
10.017000,8.518078
10.018000,8.379116
10.019000,8.359166
10.020000,8.382710
10.021000,8.340253
10.022000,8.347706
10.023000,8.463125
10.024000,8.525720
10.025000,8.580094
10.026000,8.507654
10.027000,8.489357
10.028000,8.481969
10.029000,8.480022
10.030000,8.586680
10.031000,8.671409
10.032000,8.658917
10.033000,8.689121
10.034000,8.634352
10.035000,8.685042
10.036000,8.581447
10.037000,8.638480
10.038000,8.576415
10.039000,8.675602
10.040000,8.742387
10.041000,8.724991
10.042000,8.706393
10.043000,8.641350
10.044000,8.585326
10.045000,8.528346
10.046000,8.479737
10.047000,8.511421
10.048000,8.480300
10.049000,8.522947
10.050000,8.499818
10.051000,8.506222
10.052000,8.524352
10.053000,8.526976
10.054000,8.462163
10.055000,8.514453
10.056000,8.445485
10.057000,8.471105
10.058000,8.490492
10.059000,8.471066
10.060000,8.468113
10.061000,8.483237
10.062000,8.595616
10.063000,8.607094
10.064000,8.568390
10.065000,8.627829
10.066000,8.699426
10.067000,8.705819
10.068000,8.764571
10.069000,8.847795
10.070000,8.732217
10.071000,8.777095
10.072000,8.750825
10.073000,8.708551
10.074000,8.683235
10.075000,8.678173
10.076000,8.622370
10.077000,8.595420
10.078000,8.524588
10.079000,8.534680
10.080000,8.550223
10.081000,8.518836
10.082000,8.509391
10.083000,8.593827
10.084000,8.534287
10.085000,8.602700
10.086000,8.664250
10.087000,8.691120
10.088000,8.750592
10.089000,8.657137
10.090000,8.749664
10.091000,8.699400
10.092000,8.778549
10.093000,8.857885
10.094000,8.835080
10.095000,8.883279
10.096000,8.925364
10.097000,8.949177
10.098000,8.960675
10.099000,8.993832
10.100000,8.920297
10.101000,8.831298
10.102000,8.907301
10.103000,8.840953
10.104000,8.782200
10.105000,8.813428
10.106000,8.793456
10.107000,8.777048
10.108000,8.774832
10.109000,8.863577
10.110000,8.897759
10.111000,8.904238
10.112000,9.027922
10.113000,9.055182
10.114000,9.064878
10.115000,9.119431
10.116000,9.103323
10.117000,9.036264
10.118000,8.992608
10.119000,8.973043
10.120000,9.066376
10.121000,9.135881
10.122000,9.015551
10.123000,8.937279
10.124000,8.933328
10.125000,8.939943
10.126000,8.940861
10.127000,8.914464
10.128000,8.975292
10.129000,8.989381
10.130000,8.931531
10.131000,8.930847
10.132000,8.972481
10.133000,9.022157
10.134000,9.008377
10.135000,8.955844
10.136000,9.068134
10.137000,9.051151
10.138000,9.066672
10.139000,9.032942
10.140000,9.171050
10.141000,9.261363
10.142000,9.231997
10.143000,9.274502
10.144000,9.258431
10.145000,9.297380
10.146000,9.319642
10.147000,9.346169
10.148000,9.442934
10.149000,9.381149
10.150000,9.397600
10.151000,9.336895
10.152000,9.373608
10.153000,9.313517
10.154000,9.415274
10.155000,9.441846
10.156000,9.326303
10.157000,9.326581
10.158000,9.231798
10.159000,9.235902
10.160000,9.219685
10.161000,9.123385
10.162000,9.101393
10.163000,9.102069
10.164000,9.147448
10.165000,9.080117
10.166000,9.138095
10.167000,9.140998
10.168000,9.092783
10.169000,9.104064
10.170000,9.064958
10.171000,9.053001
10.172000,9.101630
10.173000,9.160003
10.174000,9.200678
10.175000,9.126295
10.176000,9.094930
10.177000,9.105407
10.178000,9.100144
10.179000,9.096026
10.180000,9.056471
10.181000,8.967665
10.182000,8.908916
10.183000,8.756572
10.184000,8.743175
10.185000,8.776646
10.186000,8.713691
10.187000,8.765064
10.188000,8.771209
10.189000,8.710485
10.190000,8.715368
10.191000,8.734625
10.192000,8.737057
10.193000,8.706553
10.194000,8.709049
10.195000,8.687780
10.196000,8.718792
10.197000,8.670700
10.198000,8.662418
10.199000,8.625569
10.200000,8.652347
10.201000,8.723643
10.202000,8.658132
10.203000,8.624321
10.204000,8.563033
10.205000,8.555311
10.206000,8.591751
10.207000,8.677190
10.208000,8.649523
10.209000,8.684174
10.210000,8.686100
10.211000,8.695580
10.212000,8.645200
10.213000,8.579146
10.214000,8.584543
10.215000,8.611491
10.216000,8.580765
10.217000,8.615345
10.218000,8.574655
10.219000,8.616803
10.220000,8.644806
10.221000,8.636980
10.222000,8.621885
10.223000,8.662624
10.224000,8.704850
10.225000,8.711846
10.226000,8.673922
10.227000,8.748435
10.228000,8.799134
10.229000,8.715099
10.230000,8.683528
10.231000,8.710658
10.232000,8.738791
10.233000,8.665933
10.234000,8.650652
10.235000,8.637781
10.236000,8.752332
10.237000,8.730936
10.238000,8.735974
10.239000,8.700001
10.240000,8.740647
10.241000,8.722041
10.242000,8.741178
10.243000,8.624616
10.244000,8.648493
10.245000,8.682512
10.246000,8.722238
10.247000,8.624369
10.248000,8.607947
10.249000,8.659083
10.250000,8.662528
10.251000,8.655068
10.252000,8.640716
10.253000,8.623160
10.254000,8.614687
10.255000,8.615322
10.256000,8.635020
10.257000,8.594443
10.258000,8.552615
10.259000,8.560524
10.260000,8.619889
10.261000,8.638374
10.262000,8.734220
10.263000,8.614153
10.264000,8.605648
10.265000,8.608439
10.266000,8.551749
10.267000,8.530927
10.268000,8.557633
10.269000,8.634373
10.270000,8.582107
10.271000,8.662787
10.272000,8.697098
10.273000,8.766119
10.274000,8.800220
10.275000,8.790486
10.276000,8.927867
10.277000,8.884628
10.278000,8.917573
10.279000,8.874225
10.280000,8.905545
10.281000,8.881687
10.282000,8.933709
10.283000,9.064590
10.284000,9.112557
10.285000,9.165476
10.286000,9.112903
10.287000,9.055834
10.288000,8.963447
10.289000,8.919969
10.290000,8.868700
10.291000,8.906938
10.292000,8.973741
10.293000,8.939270
10.294000,8.928255
10.295000,8.855766
10.296000,8.838573
10.297000,8.872643
10.298000,8.919477
10.299000,8.877851
10.300000,8.937562
10.301000,8.966924
10.302000,8.983823
10.303000,9.035080
10.304000,9.003779
10.305000,8.948313
10.306000,8.983492
10.307000,9.067643
10.308000,9.154710
10.309000,8.951017
10.310000,8.962942
10.311000,8.933408
10.312000,8.842356
10.313000,8.838969
10.314000,8.835093
10.315000,8.878001
10.316000,8.759205
10.317000,8.686930
10.318000,8.659587
10.319000,8.751974
10.320000,8.853045
10.321000,8.909332
10.322000,8.974635
10.323000,8.953807
10.324000,8.960760
10.325000,8.981202
10.326000,8.977320
10.327000,8.931250
10.328000,8.984879
10.329000,9.061793
10.330000,8.967838
10.331000,8.963096
10.332000,9.085585
10.333000,9.041858
10.334000,9.003408
10.335000,8.960481
10.336000,8.863919
10.337000,8.957656
10.338000,9.026027
10.339000,9.033627
10.340000,9.175016
10.341000,9.084436
10.342000,9.085111
10.343000,9.102887
10.344000,9.071589
10.345000,9.080448
10.346000,9.093883
10.347000,9.065034
10.348000,9.119135
10.349000,9.208206
10.350000,9.165756
10.351000,9.145713
10.352000,9.094551
10.353000,8.960489
10.354000,8.916402
10.355000,8.900334
10.356000,8.975577
10.357000,8.929162
10.358000,8.884835
10.359000,8.953255
10.360000,8.917545
10.361000,8.945127
10.362000,8.903721
10.363000,8.737279
10.364000,8.673563
10.365000,8.601064
10.366000,8.615046
10.367000,8.607924
10.368000,8.776956
10.369000,8.709794
10.370000,8.680452
10.371000,8.678735
10.372000,8.832211
10.373000,8.764771
10.374000,8.880703
10.375000,8.814691
10.376000,8.780945
10.377000,8.874117
10.378000,8.815866
10.379000,8.750674
10.380000,8.739775
10.381000,8.784445
10.382000,8.718500
10.383000,8.738385
10.384000,8.685709
10.385000,8.593563
10.386000,8.597397
10.387000,8.701715
10.388000,8.756192
10.389000,8.698562
10.390000,8.630322
10.391000,8.652129
10.392000,8.687235
10.393000,8.619488
10.394000,8.695804
10.395000,8.683581
10.396000,8.716058
10.397000,8.770882
10.398000,8.839198
10.399000,8.860629
10.400000,8.849821
10.401000,8.799396
10.402000,8.800877
10.403000,8.894071
10.404000,8.840799
10.405000,8.774751
10.406000,8.662040
10.407000,8.683272
10.408000,8.660906
10.409000,8.587286
10.410000,8.621658
10.411000,8.633321
10.412000,8.628327
10.413000,8.563474
10.414000,8.573918
10.415000,8.481121
10.416000,8.450411
10.417000,8.489657
10.418000,8.505124
10.419000,8.457035
10.420000,8.419103
10.421000,8.384468
10.422000,8.326132
10.423000,8.295700
10.424000,8.252086
10.425000,8.195785
10.426000,8.201675
10.427000,8.103338
10.428000,8.029761
10.429000,7.969346
10.430000,7.924885
10.431000,7.814597
10.432000,7.865986
10.433000,7.965322
10.434000,8.110619
10.435000,8.027510
10.436000,8.013826
10.437000,7.975243
10.438000,7.959319
10.439000,8.007350
10.440000,7.995357
10.441000,7.909340
10.442000,7.910496
10.443000,8.030877
10.444000,8.046237
10.445000,8.150752
10.446000,8.159432
10.447000,8.196498
10.448000,8.311944
10.449000,8.249154
10.450000,8.353687
10.451000,8.448792
10.452000,8.435765
10.453000,8.497950
10.454000,8.491844
10.455000,8.528998
10.456000,8.542658
10.457000,8.497557
10.458000,8.606063
10.459000,8.709019
10.460000,8.722596
10.461000,8.785506
10.462000,8.839800
10.463000,8.833101
10.464000,8.940083
10.465000,8.989155
10.466000,8.911116
10.467000,8.773175
10.468000,8.742089
10.469000,8.760807
10.470000,8.758211
10.471000,8.742765
10.472000,8.692676
10.473000,8.666726
10.474000,8.726499
10.475000,8.772589
10.476000,8.749048
10.477000,8.711305
10.478000,8.757324
10.479000,8.709719
10.480000,8.731157
10.481000,8.748300
10.482000,8.695433
10.483000,8.680625
10.484000,8.683370
10.485000,8.634371
10.486000,8.546315
10.487000,8.532731
10.488000,8.511797
10.489000,8.548845
10.490000,8.547352
10.491000,8.567348
10.492000,8.427233
10.493000,8.351831
10.494000,8.366732
10.495000,8.399282
10.496000,8.308533
10.497000,8.289671
10.498000,8.361644
10.499000,8.287168
10.500000,8.186647
10.501000,8.171540
10.502000,8.257040
10.503000,8.269207
10.504000,8.298513
10.505000,8.356778
10.506000,8.329429
10.507000,8.328936
10.508000,8.275012
10.509000,8.286349
10.510000,8.290725
10.511000,8.302839
10.512000,8.280180
10.513000,8.317952
10.514000,8.277129
10.515000,8.306038
10.516000,8.386992
10.517000,8.359896
10.518000,8.377742
10.519000,8.316596
10.520000,8.290532
10.521000,8.330461
10.522000,8.272161
10.523000,8.231016
10.524000,8.122950
10.525000,8.069363
10.526000,8.116397
10.527000,8.170624
10.528000,8.206944
10.529000,8.140903
10.530000,8.126146
10.531000,8.171974
10.532000,8.206047
10.533000,8.219235
10.534000,8.275648
10.535000,8.217593
10.536000,8.237668
10.537000,8.265140
10.538000,8.207565
10.539000,8.174672
10.540000,8.252163
10.541000,8.280304
10.542000,8.211092
10.543000,8.202236
10.544000,8.192878
10.545000,8.180006
10.546000,8.231664
10.547000,8.281709
10.548000,8.362221
10.549000,8.300136
10.550000,8.351566
10.551000,8.297436
10.552000,8.352382
10.553000,8.394489
10.554000,8.488077
10.555000,8.537811
10.556000,8.533169
10.557000,8.557954
10.558000,8.608842
10.559000,8.513832
10.560000,8.455512
10.561000,8.467837
10.562000,8.502278
10.563000,8.541024
10.564000,8.478951
10.565000,8.550124
10.566000,8.549211
10.567000,8.580388
10.568000,8.606961
10.569000,8.572828
10.570000,8.514147
10.571000,8.622998
10.572000,8.628311
10.573000,8.726797
10.574000,8.662552
10.575000,8.623577
10.576000,8.576068
10.577000,8.633033
10.578000,8.626882
10.579000,8.574652
10.580000,8.620956
10.581000,8.562412
10.582000,8.464788
10.583000,8.414402
10.584000,8.355463
10.585000,8.296437
10.586000,8.258477
10.587000,8.168298
10.588000,8.161272
10.589000,8.109677
10.590000,8.124277
10.591000,8.138681
10.592000,8.137038
10.593000,8.098294
10.594000,8.078782
10.595000,8.037096
10.596000,8.021103
10.597000,8.066192
10.598000,8.123420
10.599000,8.196050
10.600000,8.200910
10.601000,8.258021
10.602000,8.161918
10.603000,8.244016
10.604000,8.296170
10.605000,8.244036
10.606000,8.247652
10.607000,8.261964
10.608000,8.235107
10.609000,8.198802
10.610000,8.161603
10.611000,8.154939
10.612000,8.127744
10.613000,8.066482
10.614000,8.086706
10.615000,8.115797
10.616000,8.127381
10.617000,8.153754
10.618000,8.260359
10.619000,8.294824
10.620000,8.285149
10.621000,8.244247
10.622000,8.258464
10.623000,8.314499
10.624000,8.267658
10.625000,8.295152
10.626000,8.248839
10.627000,8.156460
10.628000,8.123326
10.629000,8.204976
10.630000,8.205272
10.631000,8.133366
10.632000,8.150705
10.633000,8.179989
10.634000,8.201740
10.635000,8.131049
10.636000,8.179039
10.637000,8.135937
10.638000,8.242528
10.639000,8.144008
10.640000,8.089985
10.641000,8.067620
10.642000,7.993221
10.643000,7.981299
10.644000,7.914847
10.645000,7.847901
10.646000,7.870109
10.647000,7.765553
10.648000,7.806047
10.649000,7.797610
10.650000,7.695924
10.651000,7.736330
10.652000,7.811818
10.653000,7.787819
10.654000,7.876039
10.655000,7.891396
10.656000,7.901831
10.657000,7.955915
10.658000,7.898837
10.659000,7.930267
10.660000,7.896337
10.661000,7.900495
10.662000,7.906678
10.663000,7.831258
10.664000,7.828271
10.665000,7.782652
10.666000,7.786085
10.667000,7.786109
10.668000,7.714790
10.669000,7.659592
10.670000,7.748491
10.671000,7.842906
10.672000,7.832371
10.673000,7.850851
10.674000,7.875500
10.675000,7.809033
10.676000,7.865082
10.677000,7.869115
10.678000,7.852781
10.679000,7.920749
10.680000,7.934008
10.681000,7.848730
10.682000,7.816878
10.683000,7.779374
10.684000,7.724495
10.685000,7.680492
10.686000,7.637939
10.687000,7.598432
10.688000,7.691834
10.689000,7.699571
10.690000,7.745589
10.691000,7.800473
10.692000,7.889640
10.693000,7.899384
10.694000,7.901729
10.695000,7.921274
10.696000,7.852112
10.697000,7.816422
10.698000,7.886694
10.699000,7.926345
10.700000,7.915591
10.701000,7.882080
10.702000,7.905080
10.703000,7.807037
10.704000,7.749114
10.705000,7.846749
10.706000,7.869564
10.707000,7.879066
10.708000,7.840404
10.709000,7.830660
10.710000,7.779966
10.711000,7.802943
10.712000,7.821669
10.713000,7.817548
10.714000,7.905684
10.715000,7.943208
10.716000,7.861054
10.717000,7.902277
10.718000,8.011409
10.719000,8.012905
10.720000,8.083551
10.721000,8.106201
10.722000,8.064463
10.723000,8.031868
10.724000,8.007657
10.725000,7.929400
10.726000,7.926010
10.727000,7.880525
10.728000,7.974382
10.729000,7.978258
10.730000,7.912789
10.731000,7.838486
10.732000,7.909212
10.733000,7.904757
10.734000,7.833023
10.735000,7.798704
10.736000,7.810352
10.737000,7.813249
10.738000,7.929725
10.739000,7.953058
10.740000,7.923848
10.741000,7.809825
10.742000,7.841974
10.743000,7.867549
10.744000,7.861376
10.745000,7.914688
10.746000,7.918866
10.747000,7.934669
10.748000,8.059636
10.749000,7.994883
10.750000,8.049453
10.751000,8.107447
10.752000,8.072863
10.753000,8.230737
10.754000,8.141059
10.755000,8.169242
10.756000,8.109788
10.757000,8.044650
10.758000,8.048859
10.759000,8.030689
10.760000,8.059683
10.761000,8.059312
10.762000,8.031207
10.763000,8.009090
10.764000,7.960448
10.765000,7.974812
10.766000,8.037314
10.767000,8.026861
10.768000,8.014361
10.769000,8.022192
10.770000,7.922026
10.771000,7.815174
10.772000,7.794664
10.773000,7.850011
10.774000,7.927920
10.775000,7.990133
10.776000,7.995743
10.777000,7.972068
10.778000,7.974853
10.779000,7.942915
10.780000,7.942455
10.781000,7.966648
10.782000,7.951708
10.783000,7.855881
10.784000,7.940548
10.785000,8.076672
10.786000,8.029612
10.787000,7.970927
10.788000,8.038578
10.789000,7.954680
10.790000,7.899083
10.791000,7.929806
10.792000,8.068861
10.793000,8.131181
10.794000,8.058518
10.795000,8.178256
10.796000,8.130505
10.797000,8.165547
10.798000,8.079466
10.799000,8.110404
10.800000,8.135480
10.801000,8.059958
10.802000,7.985627
10.803000,8.039153
10.804000,8.079307
10.805000,8.029955
10.806000,8.026563
10.807000,8.052437
10.808000,7.995431
10.809000,7.897411
10.810000,7.898248
10.811000,7.897566
10.812000,7.925361
10.813000,7.879443
10.814000,7.832086
10.815000,7.788807
10.816000,7.785637
10.817000,7.859365
10.818000,7.866108
10.819000,7.827602
10.820000,7.906266
10.821000,7.892385
10.822000,7.942808
10.823000,8.035958
10.824000,8.140187
10.825000,8.102547
10.826000,8.048875
10.827000,7.995628
10.828000,8.005727
10.829000,8.066282
10.830000,7.995599
10.831000,7.968881
10.832000,7.950346
10.833000,7.915002
10.834000,7.943179
10.835000,8.043097
10.836000,8.017436
10.837000,7.983713
10.838000,7.938571
10.839000,7.922337
10.840000,7.962510
10.841000,7.930657
10.842000,8.000672
10.843000,7.992801
10.844000,7.928826
10.845000,7.911118
10.846000,7.939257
10.847000,7.929144
10.848000,7.863337
10.849000,7.884013
10.850000,7.831249
10.851000,7.802248
10.852000,7.841584
10.853000,7.881937
10.854000,7.903407
10.855000,7.859246
10.856000,7.942442
10.857000,7.918939
10.858000,8.070597
10.859000,8.026505
10.860000,7.971471
10.861000,7.956542
10.862000,8.006254
10.863000,7.938139
10.864000,7.951704
10.865000,7.890143
10.866000,7.882909
10.867000,7.935441
10.868000,7.986629
10.869000,7.939284
10.870000,7.948132
10.871000,7.972036
10.872000,7.936063
10.873000,7.905896
10.874000,7.901355
10.875000,7.916367
10.876000,7.921945
10.877000,8.088002
10.878000,8.055409
10.879000,8.040820
10.880000,8.102573
10.881000,8.128177
10.882000,7.993333
10.883000,7.981407
10.884000,8.037205
10.885000,8.036826
10.886000,7.998260
10.887000,8.005079
10.888000,8.079712
10.889000,8.100812
10.890000,8.057197
10.891000,8.001234
10.892000,7.924225
10.893000,7.943087
10.894000,8.009208
10.895000,8.037054
10.896000,8.117732
10.897000,8.095885
10.898000,8.198342
10.899000,8.122956
10.900000,8.184816
10.901000,8.176140
10.902000,8.162993
10.903000,8.110576
10.904000,8.085052
10.905000,8.127456
10.906000,8.084775
10.907000,8.101957
10.908000,8.061624
10.909000,7.959172
10.910000,7.995429
10.911000,7.959291
10.912000,7.955219
10.913000,8.041684
10.914000,8.128775
10.915000,8.080109
10.916000,8.080379
10.917000,8.139036
10.918000,8.123505
10.919000,8.042464
10.920000,8.109160
10.921000,8.227935
10.922000,8.264872
10.923000,8.238437
10.924000,8.177221
10.925000,8.136399
10.926000,8.111323
10.927000,8.088549
10.928000,8.033060
10.929000,7.991483
10.930000,8.033133
10.931000,8.017687
10.932000,8.018969
10.933000,8.022394
10.934000,8.092997
10.935000,8.164923
10.936000,8.169722
10.937000,8.082553
10.938000,8.155966
10.939000,8.192470
10.940000,8.176072
10.941000,8.243413
10.942000,8.257101
10.943000,8.235715
10.944000,8.352390
10.945000,8.457013
10.946000,8.297906
10.947000,8.376194
10.948000,8.367029
10.949000,8.471106
10.950000,8.400777
10.951000,8.429887
10.952000,8.397988
10.953000,8.393810
10.954000,8.391388
10.955000,8.421360
10.956000,8.361306
10.957000,8.326860
10.958000,8.338501
10.959000,8.284687
10.960000,8.290726
10.961000,8.221924
10.962000,8.222259
10.963000,8.144849
10.964000,8.045084
10.965000,8.025426
10.966000,8.102974
10.967000,8.146640
10.968000,8.218529
10.969000,8.242596
10.970000,8.238547
10.971000,8.272320
10.972000,8.206766
10.973000,8.200167
10.974000,8.150191
10.975000,8.220305
10.976000,8.240055
10.977000,8.206863
10.978000,8.205176
10.979000,8.254848
10.980000,8.248242
10.981000,8.255769
10.982000,8.283867
10.983000,8.278674
10.984000,8.410746
10.985000,8.431623
10.986000,8.392399
10.987000,8.357503
10.988000,8.495951
10.989000,8.506123
10.990000,8.444090
10.991000,8.342174
10.992000,8.378202
10.993000,8.525267
10.994000,8.561414
10.995000,8.546792
10.996000,8.615541
10.997000,8.597888
10.998000,8.579606
10.999000,8.565618
11.000000,8.533588
11.001000,8.453271
11.002000,8.464155
11.003000,8.586710
11.004000,8.503620
11.005000,8.439992
11.006000,8.468989
11.007000,8.451652
11.008000,8.445152
11.009000,8.460903
11.010000,8.497433
11.011000,8.507332
11.012000,8.544444
11.013000,8.587746
11.014000,8.555675
11.015000,8.606729
11.016000,8.610824
11.017000,8.547914
11.018000,8.637743
11.019000,8.601160
11.020000,8.639690
11.021000,8.606801
11.022000,8.668872
11.023000,8.582372
11.024000,8.560259
11.025000,8.537192
11.026000,8.500581
11.027000,8.624062
11.028000,8.535104
11.029000,8.489960
11.030000,8.466557
11.031000,8.543068
11.032000,8.544414
11.033000,8.491779
11.034000,8.502951
11.035000,8.464080
11.036000,8.435842
11.037000,8.553482
11.038000,8.510954
11.039000,8.503991
11.040000,8.513856
11.041000,8.402537
11.042000,8.396486
11.043000,8.313198
11.044000,8.176355
11.045000,8.196659
11.046000,8.187443
11.047000,8.217002
11.048000,8.102100
11.049000,8.200188
11.050000,8.277118
11.051000,8.218374
11.052000,8.237536
11.053000,8.213073
11.054000,8.250780
11.055000,8.263789
11.056000,8.269331
11.057000,8.277928
11.058000,8.235335
11.059000,8.180021
11.060000,8.153862
11.061000,8.187453
11.062000,8.168746
11.063000,8.173843
11.064000,8.114451
11.065000,8.118407
11.066000,8.154176
11.067000,8.154792
11.068000,8.099227
11.069000,8.188985
11.070000,8.223782
11.071000,8.174984
11.072000,8.229189
11.073000,8.214448
11.074000,8.247368
11.075000,8.236621
11.076000,8.144124
11.077000,8.121510
11.078000,8.252318
11.079000,8.328247
11.080000,8.340145
11.081000,8.310982
11.082000,8.246334
11.083000,8.219786
11.084000,8.263231
11.085000,8.332157
11.086000,8.437375
11.087000,8.356024
11.088000,8.313688
11.089000,8.341415
11.090000,8.300800
11.091000,8.345376
11.092000,8.304272
11.093000,8.342384
11.094000,8.307853
11.095000,8.393471
11.096000,8.386091
11.097000,8.352159
11.098000,8.389055
11.099000,8.359415
11.100000,8.556954
11.101000,8.584875
11.102000,8.582609
11.103000,8.482164
11.104000,8.539338
11.105000,8.600774
11.106000,8.545217
11.107000,8.500741
11.108000,8.547811
11.109000,8.632899
11.110000,8.545684
11.111000,8.481043
11.112000,8.513450
11.113000,8.612274
11.114000,8.537527
11.115000,8.544524
11.116000,8.644753
11.117000,8.632852
11.118000,8.693569
11.119000,8.746296
11.120000,8.758761
11.121000,8.690931
11.122000,8.727700
11.123000,8.747279
11.124000,8.811194
11.125000,8.741238
11.126000,8.785657
11.127000,8.925268
11.128000,8.921263
11.129000,8.837589
11.130000,8.853203
11.131000,8.762495
11.132000,8.764064
11.133000,8.798376
11.134000,8.822768
11.135000,8.900246
11.136000,8.873941
11.137000,8.892246
11.138000,8.930512
11.139000,8.918354
11.140000,8.897887
11.141000,8.924767
11.142000,8.934500
11.143000,8.923823
11.144000,8.905934
11.145000,8.904955
11.146000,8.913434
11.147000,8.944784
11.148000,8.839054
11.149000,8.801371
11.150000,8.774398
11.151000,8.834900
11.152000,8.884623
11.153000,8.847773
11.154000,8.803163
11.155000,8.783399
11.156000,8.792338
11.157000,8.736033
11.158000,8.674519
11.159000,8.650026
11.160000,8.672573
11.161000,8.741894
11.162000,8.790860
11.163000,8.731265
11.164000,8.646359
11.165000,8.721914
11.166000,8.628063
11.167000,8.604525
11.168000,8.563344
11.169000,8.609603
11.170000,8.618896
11.171000,8.624119
11.172000,8.640441
11.173000,8.575196
11.174000,8.571102
11.175000,8.550829
11.176000,8.616388
11.177000,8.564350
11.178000,8.525776
11.179000,8.710683
11.180000,8.713454
11.181000,8.768219
11.182000,8.765751
11.183000,8.751280
11.184000,8.736389
11.185000,8.648327
11.186000,8.561579
11.187000,8.507280
11.188000,8.484094
11.189000,8.487480
11.190000,8.436185
11.191000,8.413969
11.192000,8.364937
11.193000,8.386162
11.194000,8.338256
11.195000,8.333659
11.196000,8.330348
11.197000,8.244926
11.198000,8.235788
11.199000,8.150253
11.200000,8.262004
11.201000,8.224561
11.202000,8.216658
11.203000,8.124982
11.204000,8.131202
11.205000,8.198056
11.206000,8.200936
11.207000,8.179791
11.208000,8.207137
11.209000,8.227298
11.210000,8.289744
11.211000,8.232354
11.212000,8.304792
11.213000,8.313352
11.214000,8.386919
11.215000,8.408474
11.216000,8.403808
11.217000,8.483882
11.218000,8.441789
11.219000,8.431744
11.220000,8.377590
11.221000,8.437403
11.222000,8.494639
11.223000,8.591110
11.224000,8.526601
11.225000,8.541560
11.226000,8.488625
11.227000,8.528912
11.228000,8.501358
11.229000,8.414121
11.230000,8.533566
11.231000,8.593611
11.232000,8.697449
11.233000,8.785535
11.234000,8.831618
11.235000,8.841591
11.236000,8.883429
11.237000,8.890295
11.238000,8.891207
11.239000,8.770849
11.240000,8.803164
11.241000,8.829114
11.242000,8.788929
11.243000,8.819273
11.244000,8.826452
11.245000,8.759841
11.246000,8.805396
11.247000,8.755829
11.248000,8.831616
11.249000,8.892064
11.250000,8.914696
11.251000,8.871749
11.252000,8.880373
11.253000,8.902388
11.254000,8.851909
11.255000,8.843188
11.256000,8.811131
11.257000,8.761092
11.258000,8.846812
11.259000,8.850851
11.260000,8.836953
11.261000,8.795207
11.262000,8.872909
11.263000,8.811995
11.264000,8.910241
11.265000,8.987107
11.266000,8.870926
11.267000,8.836791
11.268000,8.940953
11.269000,8.948335
11.270000,8.910305
11.271000,8.950631
11.272000,8.932045
11.273000,8.955153
11.274000,8.917377
11.275000,8.968069
11.276000,9.022716
11.277000,9.064399
11.278000,9.012566
11.279000,8.977879
11.280000,8.938268
11.281000,9.089434
11.282000,9.024478
11.283000,9.024374
11.284000,8.931899
11.285000,9.004695
11.286000,8.923907
11.287000,8.900226
11.288000,8.911352
11.289000,8.877316
11.290000,8.977720
11.291000,8.987372
11.292000,9.048113
11.293000,9.054208
11.294000,9.066319
11.295000,9.129574
11.296000,9.148628
11.297000,9.112333
11.298000,9.055073
11.299000,9.149021
11.300000,9.164865
11.301000,9.182864
11.302000,9.215626
11.303000,9.298427
11.304000,9.313477
11.305000,9.251832
11.306000,9.174850
11.307000,9.172085
11.308000,9.080707
11.309000,9.135832
11.310000,9.215907
11.311000,9.093379
11.312000,9.062165
11.313000,9.001613
11.314000,9.142307
11.315000,9.098227
11.316000,9.175629
11.317000,9.283333
11.318000,9.278860
11.319000,9.290277
11.320000,9.361184
11.321000,9.212542
11.322000,9.180851
11.323000,9.156878
11.324000,9.048276
11.325000,8.966963
11.326000,8.966725
11.327000,8.952455
11.328000,8.811111
11.329000,8.828889
11.330000,8.865948
11.331000,8.892964
11.332000,8.858921
11.333000,8.758984
11.334000,8.717603
11.335000,8.690922
11.336000,8.666112
11.337000,8.603135
11.338000,8.580928
11.339000,8.513111
11.340000,8.429048
11.341000,8.474624
11.342000,8.439038
11.343000,8.366346
11.344000,8.389884
11.345000,8.383145
11.346000,8.329240
11.347000,8.309249
11.348000,8.360012
11.349000,8.294561
11.350000,8.309480
11.351000,8.379287
11.352000,8.402678
11.353000,8.460968
11.354000,8.375569
11.355000,8.360764
11.356000,8.476037
11.357000,8.494998
11.358000,8.574585
11.359000,8.562134
11.360000,8.586561
11.361000,8.629438
11.362000,8.705151
11.363000,8.702000
11.364000,8.768340
11.365000,8.716802
11.366000,8.638826
11.367000,8.575366
11.368000,8.577549
11.369000,8.558559
11.370000,8.493298
11.371000,8.479285
11.372000,8.487998
11.373000,8.538487
11.374000,8.555783
11.375000,8.475073
11.376000,8.447505
11.377000,8.508862
11.378000,8.576857
11.379000,8.519982
11.380000,8.518850
11.381000,8.477412
11.382000,8.436778
11.383000,8.410628
11.384000,8.425262
11.385000,8.428282
11.386000,8.395068
11.387000,8.330569
11.388000,8.284728
11.389000,8.428743
11.390000,8.446222
11.391000,8.569987
11.392000,8.658441
11.393000,8.705242
11.394000,8.714048
11.395000,8.627049
11.396000,8.641128
11.397000,8.748984
11.398000,8.676607
11.399000,8.649652
11.400000,8.721668
11.401000,8.720006
11.402000,8.779429
11.403000,8.773622
11.404000,8.791458
11.405000,8.775129
11.406000,8.752757
11.407000,8.742493
11.408000,8.771963
11.409000,8.764718
11.410000,8.643374
11.411000,8.643845
11.412000,8.726293
11.413000,8.708853
11.414000,8.627128
11.415000,8.607888
11.416000,8.521711
11.417000,8.586831
11.418000,8.595436
11.419000,8.607823
11.420000,8.586441
11.421000,8.615097
11.422000,8.610117
11.423000,8.681179
11.424000,8.717169
11.425000,8.631874
11.426000,8.567385
11.427000,8.551949
11.428000,8.578732
11.429000,8.558520
11.430000,8.490534
11.431000,8.437363
11.432000,8.418217
11.433000,8.495931
11.434000,8.436705
11.435000,8.396397
11.436000,8.411920
11.437000,8.416227
11.438000,8.434275
11.439000,8.454437
11.440000,8.486410
11.441000,8.545561
11.442000,8.524854
11.443000,8.605754
11.444000,8.601124
11.445000,8.575526
11.446000,8.547371
11.447000,8.589794
11.448000,8.650584
11.449000,8.605323
11.450000,8.647444
11.451000,8.671011
11.452000,8.623348
11.453000,8.623360
11.454000,8.664229
11.455000,8.759674
11.456000,8.776667
11.457000,8.756321
11.458000,8.728502
11.459000,8.694425
11.460000,8.752883
11.461000,8.710350
11.462000,8.696696
11.463000,8.658465
11.464000,8.672528
11.465000,8.710044
11.466000,8.777062
11.467000,8.863093
11.468000,8.850143
11.469000,8.807430
11.470000,8.866947
11.471000,8.893382
11.472000,8.901743
11.473000,8.894951
11.474000,8.917862
11.475000,8.864539
11.476000,8.834536
11.477000,8.829557
11.478000,8.851339
11.479000,8.881753
11.480000,8.859141
11.481000,8.865024
11.482000,8.876629
11.483000,8.925702
11.484000,8.959828
11.485000,8.917407
11.486000,8.957059
11.487000,9.080191
11.488000,8.994489
11.489000,9.029840
11.490000,9.007888
11.491000,8.927348
11.492000,8.947121
11.493000,9.009492
11.494000,8.940927
11.495000,8.946113
11.496000,9.010671
11.497000,8.981533
11.498000,9.003289
11.499000,9.009543
11.500000,8.924391
11.501000,8.973891
11.502000,8.946762
11.503000,8.997033
11.504000,8.919517
11.505000,8.838610
11.506000,8.801341
11.507000,8.905536
11.508000,8.926628
11.509000,8.956024
11.510000,8.921974
11.511000,8.831656
11.512000,8.722370
11.513000,8.662881
11.514000,8.675662
11.515000,8.775505
11.516000,8.680790
11.517000,8.560629
11.518000,8.606911
11.519000,8.670023
11.520000,8.679292
11.521000,8.615756
11.522000,8.679798
11.523000,8.624003
11.524000,8.765531
11.525000,8.749903
11.526000,8.703002
11.527000,8.662443
11.528000,8.805447
11.529000,8.839331
11.530000,8.862985
11.531000,8.796751
11.532000,8.810878
11.533000,8.800388
11.534000,8.878548
11.535000,8.830143
11.536000,8.912350
11.537000,8.855621
11.538000,8.801920
11.539000,8.809683
11.540000,8.815960
11.541000,8.716490
11.542000,8.630275
11.543000,8.572694
11.544000,8.609363
11.545000,8.668210
11.546000,8.712596
11.547000,8.732675
11.548000,8.766602
11.549000,8.729203
11.550000,8.737671
11.551000,8.718059
11.552000,8.688021
11.553000,8.795180
11.554000,8.793629
11.555000,8.856399
11.556000,8.794007
11.557000,8.774113
11.558000,8.735203
11.559000,8.708612
11.560000,8.695479
11.561000,8.712675
11.562000,8.715429
11.563000,8.682633
11.564000,8.772018
11.565000,8.727799
11.566000,8.786550
11.567000,8.753418
11.568000,8.692775
11.569000,8.764570
11.570000,8.684334
11.571000,8.628325
11.572000,8.658174
11.573000,8.637764
11.574000,8.564386
11.575000,8.568335
11.576000,8.645979
11.577000,8.677293
11.578000,8.689053
11.579000,8.718865
11.580000,8.686822
11.581000,8.737839
11.582000,8.733563
11.583000,8.647403
11.584000,8.597990
11.585000,8.598397
11.586000,8.601799
11.587000,8.593561
11.588000,8.533034
11.589000,8.546435
11.590000,8.491370
11.591000,8.384103
11.592000,8.349197
11.593000,8.422838
11.594000,8.482200
11.595000,8.477952
11.596000,8.532947
11.597000,8.563711
11.598000,8.523668
11.599000,8.567355
11.600000,8.557475
11.601000,8.542742
11.602000,8.578790
11.603000,8.529015
11.604000,8.550804
11.605000,8.627927
11.606000,8.696496
11.607000,8.693109
11.608000,8.757332
11.609000,8.680398
11.610000,8.715649
11.611000,8.683124
11.612000,8.753990
11.613000,8.754431
11.614000,8.768291
11.615000,8.788448
11.616000,8.730158
11.617000,8.563462
11.618000,8.518519
11.619000,8.516510
11.620000,8.602279
11.621000,8.601032
11.622000,8.639624
11.623000,8.636686
11.624000,8.643214
11.625000,8.684779
11.626000,8.672468
11.627000,8.730565
11.628000,8.842694
11.629000,8.919535
11.630000,8.872898
11.631000,8.927143
11.632000,8.975484
11.633000,9.041380
11.634000,9.034189
11.635000,9.108208
11.636000,9.131087
11.637000,9.113165
11.638000,9.174377
11.639000,9.167231
11.640000,9.086646
11.641000,9.093344
11.642000,9.020418
11.643000,8.984064
11.644000,8.993905
11.645000,8.875759
11.646000,8.838975
11.647000,8.816283
11.648000,8.761055
11.649000,8.705687
11.650000,8.612208
11.651000,8.564862
11.652000,8.515241
11.653000,8.541966
11.654000,8.535040
11.655000,8.599465
11.656000,8.642577
11.657000,8.665338
11.658000,8.705549
11.659000,8.674509
11.660000,8.775082
11.661000,8.832401
11.662000,8.825391
11.663000,8.819529
11.664000,8.813747
11.665000,8.756267
11.666000,8.807702
11.667000,8.751412
11.668000,8.780236
11.669000,8.798409
11.670000,8.787518
11.671000,8.818101
11.672000,8.860228
11.673000,8.789005
11.674000,8.674245
11.675000,8.646909
11.676000,8.685074
11.677000,8.703955
11.678000,8.727525
11.679000,8.747994
11.680000,8.832305
11.681000,8.777710
11.682000,8.769008
11.683000,8.908960
11.684000,8.825593
11.685000,8.741253
11.686000,8.702962
11.687000,8.702416
11.688000,8.720645
11.689000,8.711493
11.690000,8.754200
11.691000,8.841788
11.692000,8.843590
11.693000,8.774618
11.694000,8.753837
11.695000,8.743979
11.696000,8.768705
11.697000,8.712522
11.698000,8.786060
11.699000,8.798469
11.700000,8.876808
11.701000,8.844229
11.702000,8.812394
11.703000,8.967724
11.704000,8.849313
11.705000,8.828113
11.706000,8.813268
11.707000,8.775345
11.708000,8.711879
11.709000,8.766746
11.710000,8.740253
11.711000,8.701625
11.712000,8.714068
11.713000,8.698327
11.714000,8.629469
11.715000,8.546112
11.716000,8.548274
11.717000,8.592700
11.718000,8.593024
11.719000,8.626889
11.720000,8.661136
11.721000,8.606244
11.722000,8.652999
11.723000,8.663817
11.724000,8.788520
11.725000,8.822609
11.726000,8.780814
11.727000,8.782130
11.728000,8.660000
11.729000,8.624665
11.730000,8.644158
11.731000,8.668086
11.732000,8.712860
11.733000,8.686981
11.734000,8.634015
11.735000,8.595693
11.736000,8.530489
11.737000,8.617494
11.738000,8.555110
11.739000,8.481060
11.740000,8.586828
11.741000,8.561264
11.742000,8.593983
11.743000,8.611359
11.744000,8.575285
11.745000,8.576401
11.746000,8.647690
11.747000,8.620607
11.748000,8.506561
11.749000,8.371218
11.750000,8.298680
11.751000,8.280290
11.752000,8.321921
11.753000,8.377568
11.754000,8.445790
11.755000,8.508147
11.756000,8.606036
11.757000,8.595299
11.758000,8.604853
11.759000,8.466793
11.760000,8.463034
11.761000,8.550947
11.762000,8.534926
11.763000,8.574051
11.764000,8.565681
11.765000,8.581457
11.766000,8.542376
11.767000,8.561339
11.768000,8.506951
11.769000,8.521259
11.770000,8.471504
11.771000,8.435400
11.772000,8.489929
11.773000,8.435847
11.774000,8.465033
11.775000,8.510141
11.776000,8.456333
11.777000,8.394922
11.778000,8.340802
11.779000,8.381943
11.780000,8.370055
11.781000,8.383592
11.782000,8.477450
11.783000,8.450041
11.784000,8.510361
11.785000,8.504663
11.786000,8.487776
11.787000,8.411323
11.788000,8.361480
11.789000,8.496084
11.790000,8.508112
11.791000,8.459336
11.792000,8.532165
11.793000,8.568513
11.794000,8.612920
11.795000,8.659971
11.796000,8.552391
11.797000,8.452781
11.798000,8.434200
11.799000,8.447103
11.800000,8.444484
11.801000,8.489694
11.802000,8.416866
11.803000,8.475082
11.804000,8.349145
11.805000,8.353410
11.806000,8.382503
11.807000,8.413450
11.808000,8.448796
11.809000,8.453172
11.810000,8.453066
11.811000,8.375047
11.812000,8.376931
11.813000,8.360705
11.814000,8.374918
11.815000,8.333865
11.816000,8.250448
11.817000,8.322788
11.818000,8.212897
11.819000,8.190839
11.820000,8.268195
11.821000,8.348612
11.822000,8.244455
11.823000,8.286097
11.824000,8.248719
11.825000,8.268711
11.826000,8.304337
11.827000,8.352895
11.828000,8.240668
11.829000,8.187447
11.830000,8.222132
11.831000,8.255467
11.832000,8.349325
11.833000,8.394050
11.834000,8.462359
11.835000,8.525104
11.836000,8.567418
11.837000,8.485291
11.838000,8.592908
11.839000,8.612523
11.840000,8.582965
11.841000,8.566018
11.842000,8.525796
11.843000,8.521953
11.844000,8.420815
11.845000,8.471232
11.846000,8.408549
11.847000,8.465195
11.848000,8.429785
11.849000,8.464395
11.850000,8.539472
11.851000,8.563079
11.852000,8.561148
11.853000,8.568616
11.854000,8.552192
11.855000,8.536322
11.856000,8.650541
11.857000,8.581399
11.858000,8.533406
11.859000,8.503554
11.860000,8.498359
11.861000,8.532230
11.862000,8.522744
11.863000,8.579668
11.864000,8.516084
11.865000,8.534962
11.866000,8.544362
11.867000,8.482359
11.868000,8.473134
11.869000,8.449843
11.870000,8.408081
11.871000,8.357702
11.872000,8.406543
11.873000,8.357888
11.874000,8.408279
11.875000,8.465232
11.876000,8.496940
11.877000,8.529977
11.878000,8.438957
11.879000,8.445243
11.880000,8.484104
11.881000,8.529476
11.882000,8.601636
11.883000,8.640961
11.884000,8.633632
11.885000,8.600858
11.886000,8.557644
11.887000,8.558800
11.888000,8.543623
11.889000,8.620604
11.890000,8.588891
11.891000,8.532299
11.892000,8.492672
11.893000,8.625317
11.894000,8.630276
11.895000,8.556690
11.896000,8.640248
11.897000,8.623358
11.898000,8.633417
11.899000,8.592276
11.900000,8.627760
11.901000,8.669453
11.902000,8.622584
11.903000,8.624299
11.904000,8.543429
11.905000,8.621762
11.906000,8.564137
11.907000,8.512064
11.908000,8.453851
11.909000,8.391078
11.910000,8.397373
11.911000,8.359850
11.912000,8.394800
11.913000,8.421848
11.914000,8.486361
11.915000,8.564144
11.916000,8.522516
11.917000,8.524634
11.918000,8.470076
11.919000,8.455598
11.920000,8.490882
11.921000,8.511912
11.922000,8.472039
11.923000,8.497935
11.924000,8.499472
11.925000,8.530344
11.926000,8.390987
11.927000,8.336043
11.928000,8.392127
11.929000,8.299240
11.930000,8.272441
11.931000,8.255258
11.932000,8.211006
11.933000,8.187963
11.934000,8.195574
11.935000,8.184191
11.936000,8.150317
11.937000,8.181224
11.938000,8.228844
11.939000,8.275156
11.940000,8.163762
11.941000,8.240586
11.942000,8.263283
11.943000,8.251001
11.944000,8.308136
11.945000,8.354345
11.946000,8.404144
11.947000,8.358633
11.948000,8.259892
11.949000,8.345836
11.950000,8.377540
11.951000,8.350714
11.952000,8.325334
11.953000,8.313007
11.954000,8.357932
11.955000,8.287225
11.956000,8.237474
11.957000,8.374263
11.958000,8.298860
11.959000,8.326348
11.960000,8.338367
11.961000,8.345843
11.962000,8.418532
11.963000,8.395418
11.964000,8.463230
11.965000,8.464425
11.966000,8.425914
11.967000,8.382773
11.968000,8.351364
11.969000,8.403984
11.970000,8.463892
11.971000,8.467831
11.972000,8.421910
11.973000,8.369079
11.974000,8.358365
11.975000,8.435853
11.976000,8.478254
11.977000,8.459480
11.978000,8.543602
11.979000,8.450248
11.980000,8.332249
11.981000,8.243264
11.982000,8.293826
11.983000,8.227148
11.984000,8.197339
11.985000,8.196684
11.986000,8.163935
11.987000,8.211678
11.988000,8.232303
11.989000,8.216834
11.990000,8.260221
11.991000,8.144630
11.992000,8.211242
11.993000,8.180727
11.994000,8.126681
11.995000,8.125458
11.996000,8.157776
11.997000,8.158252
11.998000,8.179868
11.999000,8.167268
12.000000,8.130557
12.001000,8.219384
12.002000,8.279517
12.003000,8.195588
12.004000,8.226375
12.005000,8.177155
12.006000,8.130442
12.007000,8.152901
12.008000,8.208037
12.009000,8.297872
12.010000,8.358658
12.011000,8.327081
12.012000,8.293246
12.013000,8.249997
12.014000,8.231100
12.015000,8.322665
12.016000,8.342784
12.017000,8.355731
12.018000,8.173953
12.019000,8.189884
12.020000,8.149540
12.021000,8.135360
12.022000,8.155609
12.023000,8.195245
12.024000,8.155870
12.025000,8.110042
12.026000,8.114808
12.027000,8.075626
12.028000,8.160563
12.029000,8.134615
12.030000,8.033800
12.031000,8.031727
12.032000,7.995711
12.033000,7.986238
12.034000,7.987052
12.035000,8.049373
12.036000,8.118574
12.037000,8.094384
12.038000,7.989765
12.039000,7.866789
12.040000,7.968324
12.041000,7.959946
12.042000,7.993127
12.043000,7.966575
12.044000,7.976302
12.045000,8.017182
12.046000,7.989300
12.047000,7.981336
12.048000,8.007996
12.049000,7.937887
12.050000,7.882992
12.051000,7.912447
12.052000,7.885473
12.053000,7.870644
12.054000,7.779664
12.055000,7.802286
12.056000,7.823169
12.057000,7.934435
12.058000,7.931062
12.059000,7.917139
12.060000,7.964089
12.061000,7.966496
12.062000,8.055296
12.063000,8.056710
12.064000,8.050672
12.065000,8.097287
12.066000,8.168201
12.067000,8.198729
12.068000,8.276662
12.069000,8.206023
12.070000,8.209738
12.071000,8.237806
12.072000,8.333249
12.073000,8.262817
12.074000,8.356885
12.075000,8.355809
12.076000,8.406515
12.077000,8.429161
12.078000,8.314290
12.079000,8.282024
12.080000,8.293475
12.081000,8.259428
12.082000,8.228436
12.083000,8.239695
12.084000,8.228161
12.085000,8.216095
12.086000,8.250247
12.087000,8.223041
12.088000,8.144508
12.089000,8.087892
12.090000,8.102369
12.091000,8.026273
12.092000,7.996005
12.093000,8.025532
12.094000,7.985895
12.095000,7.952827
12.096000,7.873539
12.097000,7.921533
12.098000,7.962602
12.099000,7.946958
12.100000,7.985939
12.101000,7.949087
12.102000,7.881313
12.103000,7.798584
12.104000,7.832386
12.105000,7.785712
12.106000,7.808611
12.107000,7.794156
12.108000,7.851645
12.109000,7.864321
12.110000,7.804227
12.111000,7.721367
12.112000,7.711909
12.113000,7.766682
12.114000,7.767479
12.115000,7.845157
12.116000,7.909015
12.117000,7.889378
12.118000,7.857106
12.119000,7.833161
12.120000,7.825814
12.121000,7.846851
12.122000,7.861282
12.123000,7.800814
12.124000,7.806978
12.125000,7.797261
12.126000,7.841030
12.127000,7.775229
12.128000,7.860220
12.129000,7.866812
12.130000,7.845941
12.131000,7.832788
12.132000,7.793565
12.133000,7.815713
12.134000,7.875414
12.135000,7.894468
12.136000,7.909591
12.137000,7.963138
12.138000,8.057823
12.139000,8.123194
12.140000,8.008988
12.141000,8.023442
12.142000,8.047930
12.143000,8.058189
12.144000,8.080616
12.145000,8.181108
12.146000,8.206128
12.147000,8.213866
12.148000,8.214294
12.149000,8.133456
12.150000,8.065720
12.151000,7.977295
12.152000,8.073690
12.153000,8.084589
12.154000,8.025635
12.155000,8.012470
12.156000,8.019095
12.157000,7.993361
12.158000,8.065355
12.159000,8.090363
12.160000,8.148070
12.161000,8.112447
12.162000,8.046718
12.163000,8.035646
12.164000,8.031531
12.165000,8.076711
12.166000,7.970453
12.167000,8.025928
12.168000,8.026984
12.169000,8.043400
12.170000,8.098468
12.171000,8.065270
12.172000,8.065523
12.173000,8.095465
12.174000,8.082588
12.175000,8.015496
12.176000,8.049864
12.177000,8.039784
12.178000,8.023160
12.179000,8.052912
12.180000,8.020601
12.181000,8.103593
12.182000,8.158436
12.183000,8.243667
12.184000,8.212148
12.185000,8.216925
12.186000,8.204679
12.187000,8.176912
12.188000,8.127992
12.189000,8.116871
12.190000,8.114055
12.191000,8.067481
12.192000,7.940529
12.193000,7.889637
12.194000,7.987732
12.195000,7.965460
12.196000,8.023497
12.197000,7.976771
12.198000,7.873353
12.199000,7.891642
12.200000,7.931438
12.201000,7.955820
12.202000,7.956051
12.203000,7.955406
12.204000,8.009124
12.205000,7.981347
12.206000,7.992388
12.207000,8.100529
12.208000,7.992358
12.209000,8.014241
12.210000,8.133449
12.211000,8.038765
12.212000,7.942894
12.213000,7.905827
12.214000,7.894128
12.215000,7.984906
12.216000,7.945532
12.217000,7.851250
12.218000,7.941296
12.219000,7.932992
12.220000,7.943465
12.221000,7.945382
12.222000,7.880878
12.223000,7.844056
12.224000,7.879980
12.225000,7.926580
12.226000,7.840671
12.227000,7.851434
12.228000,7.796391
12.229000,7.845465
12.230000,7.837672
12.231000,7.821189
12.232000,7.842321
12.233000,7.945024
12.234000,7.960423
12.235000,8.097700
12.236000,8.135095
12.237000,8.155734
12.238000,8.176116
12.239000,8.197531
12.240000,8.209429
12.241000,8.351290
12.242000,8.293524
12.243000,8.306993
12.244000,8.313588
12.245000,8.334575
12.246000,8.339249
12.247000,8.400459
12.248000,8.339604
12.249000,8.414379
12.250000,8.495553
12.251000,8.475729
12.252000,8.510543
12.253000,8.423036
12.254000,8.494149
12.255000,8.563146
12.256000,8.664403
12.257000,8.671984
12.258000,8.803674
12.259000,8.863846
12.260000,8.940415
12.261000,8.999075
12.262000,9.010871
12.263000,8.974252
12.264000,9.001877
12.265000,8.985866
12.266000,9.061749
12.267000,9.014958
12.268000,8.963637
12.269000,8.998824
12.270000,8.967204
12.271000,9.015697
12.272000,9.047174
12.273000,9.108276
12.274000,9.151397
12.275000,9.152114
12.276000,9.135349
12.277000,9.127163
12.278000,9.172936
12.279000,9.170550
12.280000,9.270146
12.281000,9.382440
12.282000,9.344118
12.283000,9.393337
12.284000,9.319879
12.285000,9.295592
12.286000,9.376698
12.287000,9.305859
12.288000,9.284403
12.289000,9.273059
12.290000,9.182167
12.291000,9.121745
12.292000,9.158534
12.293000,9.166848
12.294000,9.229429
12.295000,9.209705
12.296000,9.075434
12.297000,9.070732
12.298000,8.998984
12.299000,9.038605
12.300000,8.984658
12.301000,9.096740
12.302000,8.995559
12.303000,8.968346
12.304000,9.099082
12.305000,9.143202
12.306000,9.160218
12.307000,9.210229
12.308000,9.292364
12.309000,9.242567
12.310000,9.255696
12.311000,9.342234
12.312000,9.401396
12.313000,9.368626
12.314000,9.392305
12.315000,9.438518
12.316000,9.369574
12.317000,9.440529
12.318000,9.516383
12.319000,9.432394
12.320000,9.408484
12.321000,9.363594
12.322000,9.282858
12.323000,9.242165
12.324000,9.145453
12.325000,9.192022
12.326000,9.215910
12.327000,9.124086
12.328000,9.040310
12.329000,9.085113
12.330000,9.056939
12.331000,9.135143
12.332000,9.104038
12.333000,9.083843
12.334000,9.089944
12.335000,9.030733
12.336000,9.007459
12.337000,9.028066
12.338000,9.171452
12.339000,9.152468
12.340000,9.165208
12.341000,9.104007
12.342000,9.089585
12.343000,9.033142
12.344000,8.978460
12.345000,8.928176
12.346000,8.862215
12.347000,8.911587
12.348000,8.945072
12.349000,8.852790
12.350000,8.923045
12.351000,8.945882
12.352000,8.923923
12.353000,8.853179
12.354000,8.856331
12.355000,8.875794
12.356000,8.791302
12.357000,8.694536
12.358000,8.763251
12.359000,8.708009
12.360000,8.723939
12.361000,8.683580
12.362000,8.644359
12.363000,8.704549
12.364000,8.656778
12.365000,8.748726
12.366000,8.786284
12.367000,8.906025
12.368000,8.903752
12.369000,8.896471
12.370000,8.890796
12.371000,8.910410
12.372000,9.002563
12.373000,8.934285
12.374000,9.047575
12.375000,9.063801
12.376000,9.040140
12.377000,9.013763
12.378000,9.069636
12.379000,9.107180
12.380000,9.147638
12.381000,9.162332
12.382000,9.238423
12.383000,9.261925
12.384000,9.235546
12.385000,9.260247
12.386000,9.272334
12.387000,9.283043
12.388000,9.352220
12.389000,9.363908
12.390000,9.293886
12.391000,9.209480
12.392000,9.155445
12.393000,9.084124
12.394000,9.050124
12.395000,9.023089
12.396000,9.119352
12.397000,9.156536
12.398000,9.229140
12.399000,9.230572
12.400000,9.214206
12.401000,9.112219
12.402000,9.084275
12.403000,9.123979
12.404000,9.065834
12.405000,9.127595
12.406000,9.171700
12.407000,9.169398
12.408000,9.164137
12.409000,9.241343
12.410000,9.217228
12.411000,9.192540
12.412000,9.169926
12.413000,9.086297
12.414000,9.058543
12.415000,8.990718
12.416000,9.051849
12.417000,9.047885
12.418000,8.952065
12.419000,9.020017
12.420000,8.989286
12.421000,8.958296
12.422000,8.929172
12.423000,8.855845
12.424000,8.832686
12.425000,8.861810
12.426000,8.781296
12.427000,8.764826
12.428000,8.722046
12.429000,8.748667
12.430000,8.743907
12.431000,8.602800
12.432000,8.623566
12.433000,8.657599
12.434000,8.591855
12.435000,8.556916
12.436000,8.538331
12.437000,8.513376
12.438000,8.466923
12.439000,8.562480
12.440000,8.530225
12.441000,8.512821
12.442000,8.506737
12.443000,8.502268
12.444000,8.603641
12.445000,8.647280
12.446000,8.751792
12.447000,8.714832
12.448000,8.774209
12.449000,8.787658
12.450000,8.816015
12.451000,8.719518
12.452000,8.688328
12.453000,8.679964
12.454000,8.651616
12.455000,8.668447
12.456000,8.694637
12.457000,8.732830
12.458000,8.749276
12.459000,8.681269
12.460000,8.711121
12.461000,8.651891
12.462000,8.706537
12.463000,8.643811
12.464000,8.688570
12.465000,8.541861
12.466000,8.617919
12.467000,8.619310
12.468000,8.641259
12.469000,8.614552
12.470000,8.590718
12.471000,8.549424
12.472000,8.595311
12.473000,8.578068
12.474000,8.556509
12.475000,8.517729
12.476000,8.428646
12.477000,8.371060
12.478000,8.351724
12.479000,8.276292
12.480000,8.352740
12.481000,8.308580
12.482000,8.302254
12.483000,8.315036
12.484000,8.242150
12.485000,8.264683
12.486000,8.239050
12.487000,8.241077
12.488000,8.223478
12.489000,8.221325
12.490000,8.264209
12.491000,8.271261
12.492000,8.258402
12.493000,8.377105
12.494000,8.377967
12.495000,8.389395
12.496000,8.381969
12.497000,8.399569
12.498000,8.325180
12.499000,8.389886
12.500000,8.486411
12.501000,8.431339
12.502000,8.494022
12.503000,8.528954
12.504000,8.521357
12.505000,8.449698
12.506000,8.370643
12.507000,8.375259
12.508000,8.473055
12.509000,8.538021
12.510000,8.628875
12.511000,8.575905
12.512000,8.535951
12.513000,8.509969
12.514000,8.595332
12.515000,8.543419
12.516000,8.494472
12.517000,8.528164
12.518000,8.522535
12.519000,8.450750
12.520000,8.506472
12.521000,8.386571
12.522000,8.363683
12.523000,8.355811
12.524000,8.318077
12.525000,8.309410
12.526000,8.330032
12.527000,8.265122
12.528000,8.285148
12.529000,8.253383
12.530000,8.232166
12.531000,8.184835
12.532000,8.175251
12.533000,8.157473
12.534000,8.150375
12.535000,8.090684
12.536000,8.080396
12.537000,8.076483
12.538000,8.164215
12.539000,8.188412
12.540000,8.166197
12.541000,8.206075
12.542000,8.244166
12.543000,8.228511
12.544000,8.202870
12.545000,8.310849
12.546000,8.312332
12.547000,8.335414
12.548000,8.278087
12.549000,8.270772
12.550000,8.177355
12.551000,8.179133
12.552000,8.212107
12.553000,8.134150
12.554000,8.076630
12.555000,8.070735
12.556000,8.103835
12.557000,8.105254
12.558000,8.041186
12.559000,7.994532
12.560000,7.981410
12.561000,7.984981
12.562000,7.945045
12.563000,7.897275
12.564000,7.904954
12.565000,7.928787
12.566000,7.924784
12.567000,7.890555
12.568000,7.773400
12.569000,7.777516
12.570000,7.777943
12.571000,7.747299
12.572000,7.676083
12.573000,7.658400
12.574000,7.771519
12.575000,7.673287
12.576000,7.613883
12.577000,7.623207
12.578000,7.544226
12.579000,7.503737
12.580000,7.507378
12.581000,7.479198
12.582000,7.452509
12.583000,7.441656
12.584000,7.387170
12.585000,7.432316
12.586000,7.378893
12.587000,7.326859
12.588000,7.304546
12.589000,7.284980
12.590000,7.332802
12.591000,7.349208
12.592000,7.331358
12.593000,7.301990
12.594000,7.242061
12.595000,7.290729
12.596000,7.243884
12.597000,7.295224
12.598000,7.211911
12.599000,7.238082
12.600000,7.210239
12.601000,7.135062
12.602000,6.993507
12.603000,7.002201
12.604000,7.044669
12.605000,7.045628
12.606000,6.950121
12.607000,7.053259
12.608000,7.028430
12.609000,6.978455
12.610000,7.005224
12.611000,6.958467
12.612000,7.036657
12.613000,7.037108
12.614000,7.020054
12.615000,7.021223
12.616000,6.992763
12.617000,6.998385
12.618000,7.092958
12.619000,7.159468
12.620000,7.222618
12.621000,7.266742
12.622000,7.265593
12.623000,7.352212
12.624000,7.365121
12.625000,7.428055
12.626000,7.435669
12.627000,7.403393
12.628000,7.332998
12.629000,7.366933
12.630000,7.302430
12.631000,7.303811
12.632000,7.363365
12.633000,7.387906
12.634000,7.355123
12.635000,7.358244
12.636000,7.461127
12.637000,7.447646
12.638000,7.508454
12.639000,7.542147
12.640000,7.629119
12.641000,7.621497
12.642000,7.688796
12.643000,7.702804
12.644000,7.741437
12.645000,7.686776
12.646000,7.654682
12.647000,7.634671
12.648000,7.636481
12.649000,7.638853
12.650000,7.618068
12.651000,7.654150
12.652000,7.627855
12.653000,7.663311
12.654000,7.609094
12.655000,7.607941
12.656000,7.597035
12.657000,7.629711
12.658000,7.549011
12.659000,7.558773
12.660000,7.485561
12.661000,7.524231
12.662000,7.481419
12.663000,7.573667
12.664000,7.592465
12.665000,7.664744
12.666000,7.693795
12.667000,7.739598
12.668000,7.688137
12.669000,7.675723
12.670000,7.602697
12.671000,7.625115
12.672000,7.598157
12.673000,7.644052
12.674000,7.685903
12.675000,7.708042
12.676000,7.693002
12.677000,7.718426
12.678000,7.717226
12.679000,7.704981
12.680000,7.709422
12.681000,7.757012
12.682000,7.769631
12.683000,7.773407
12.684000,7.754674
12.685000,7.696254
12.686000,7.692330
12.687000,7.697675
12.688000,7.729854
12.689000,7.689651
12.690000,7.645856
12.691000,7.568222
12.692000,7.590433
12.693000,7.530863
12.694000,7.597113
12.695000,7.553449
12.696000,7.523477
12.697000,7.505286
12.698000,7.522098
12.699000,7.607797
12.700000,7.567000
12.701000,7.528302
12.702000,7.630553
12.703000,7.734405
12.704000,7.834571
12.705000,7.808058
12.706000,7.927843
12.707000,7.925739
12.708000,8.017239
12.709000,7.968726
12.710000,7.965461
12.711000,7.892924
12.712000,7.902893
12.713000,7.983083
12.714000,8.022557
12.715000,8.071460
12.716000,8.136704
12.717000,8.192172
12.718000,8.169140
12.719000,8.151228
12.720000,8.148358
12.721000,8.133181
12.722000,8.190333
12.723000,8.225107
12.724000,8.246338
12.725000,8.287774
12.726000,8.308040
12.727000,8.291273
12.728000,8.350833
12.729000,8.384354
12.730000,8.449093
12.731000,8.438343
12.732000,8.577716
12.733000,8.632373
12.734000,8.663988
12.735000,8.737193
12.736000,8.677753
12.737000,8.570988
12.738000,8.534513
12.739000,8.604345
12.740000,8.594809
12.741000,8.486540
12.742000,8.449281
12.743000,8.422238
12.744000,8.508947
12.745000,8.510787
12.746000,8.600025
12.747000,8.579195
12.748000,8.573381
12.749000,8.576123
12.750000,8.554436
12.751000,8.388796
12.752000,8.309604
12.753000,8.394418
12.754000,8.369388
12.755000,8.419186
12.756000,8.320537
12.757000,8.335307
12.758000,8.300591
12.759000,8.161919
12.760000,8.181766
12.761000,8.150136
12.762000,8.119318
12.763000,8.206920
12.764000,8.256801
12.765000,8.225091
12.766000,8.312864
12.767000,8.229438
12.768000,8.204399
12.769000,8.140845
12.770000,8.100262
12.771000,8.148269
12.772000,8.181837
12.773000,8.256295
12.774000,8.317068
12.775000,8.335887
12.776000,8.297872
12.777000,8.300273
12.778000,8.274777
12.779000,8.261688
12.780000,8.246854
12.781000,8.290747
12.782000,8.256601
12.783000,8.318250
12.784000,8.360020
12.785000,8.370019
12.786000,8.408314
12.787000,8.359291
12.788000,8.438081
12.789000,8.463361
12.790000,8.491596
12.791000,8.506736
12.792000,8.517371
12.793000,8.466374
12.794000,8.387549
12.795000,8.362324
12.796000,8.432206
12.797000,8.396040
12.798000,8.360687
12.799000,8.370307
12.800000,8.274309
12.801000,8.283671
12.802000,8.312557
12.803000,8.386322
12.804000,8.397298
12.805000,8.431136
12.806000,8.401292
12.807000,8.360795
12.808000,8.248505
12.809000,8.344300
12.810000,8.314208
12.811000,8.270338
12.812000,8.253629
12.813000,8.274001
12.814000,8.286321
12.815000,8.316947
12.816000,8.365234
12.817000,8.504230
12.818000,8.446139
12.819000,8.506122
12.820000,8.406577
12.821000,8.452442
12.822000,8.489682
12.823000,8.542456
12.824000,8.497793
12.825000,8.479464
12.826000,8.527682
12.827000,8.377106
12.828000,8.349098
12.829000,8.336204
12.830000,8.257828
12.831000,8.291829
12.832000,8.267135
12.833000,8.333216
12.834000,8.356816
12.835000,8.366168
12.836000,8.400272
12.837000,8.407787
12.838000,8.359059
12.839000,8.241851
12.840000,8.277847
12.841000,8.290090
12.842000,8.244583
12.843000,8.233653
12.844000,8.180796
12.845000,8.171158
12.846000,8.161990
12.847000,8.137909
12.848000,8.073104
12.849000,8.070558
12.850000,7.987391
12.851000,7.929858
12.852000,7.960157
12.853000,7.962819
12.854000,7.996052
12.855000,8.069778
12.856000,8.104555
12.857000,8.163474
12.858000,8.196557
12.859000,8.208829
12.860000,8.204590
12.861000,8.254437
12.862000,8.307485
12.863000,8.246712
12.864000,8.267903
12.865000,8.315702
12.866000,8.316064
12.867000,8.212215
12.868000,8.209916
12.869000,8.101135
12.870000,8.120418
12.871000,8.067572
12.872000,8.109051
12.873000,8.054965
12.874000,8.119418
12.875000,8.193180
12.876000,8.136625
12.877000,8.162324
12.878000,8.228983
12.879000,8.174254
12.880000,8.060737
12.881000,8.074312
12.882000,8.049095
12.883000,8.042822
12.884000,8.071779
12.885000,7.967161
12.886000,8.030941
12.887000,7.999061
12.888000,7.992806
12.889000,8.087628
12.890000,8.123340
12.891000,8.127214
12.892000,8.028398
12.893000,8.110893
12.894000,8.067250
12.895000,8.103900
12.896000,8.092247
12.897000,8.155624
12.898000,8.084689
12.899000,8.068111
12.900000,8.066544
12.901000,8.032376
12.902000,7.903861
12.903000,7.959107
12.904000,7.998663
12.905000,7.951937
12.906000,7.956359
12.907000,7.996559
12.908000,8.034083
12.909000,8.116114
12.910000,8.126671
12.911000,8.112382
12.912000,8.051213
12.913000,8.053877
12.914000,8.040752
12.915000,8.109821
12.916000,8.039180
12.917000,8.025542
12.918000,8.084797
12.919000,8.150497
12.920000,8.128793
12.921000,8.176477
12.922000,8.109448
12.923000,8.206713
12.924000,8.158100
12.925000,8.195132
12.926000,8.178503
12.927000,8.065403
12.928000,8.025142
12.929000,8.137525
12.930000,8.149060
12.931000,8.070879
12.932000,7.998020
12.933000,8.017353
12.934000,8.018928
12.935000,8.026939
12.936000,8.015241
12.937000,8.033387
12.938000,8.046992
12.939000,8.036253
12.940000,7.920072
12.941000,7.900871
12.942000,7.910827
12.943000,7.963620
12.944000,8.052199
12.945000,8.062478
12.946000,8.154635
12.947000,8.161931
12.948000,8.238976
12.949000,8.256889
12.950000,8.294206
12.951000,8.223498
12.952000,8.196230
12.953000,8.255122
12.954000,8.310546
12.955000,8.352088
12.956000,8.331012
12.957000,8.286191
12.958000,8.252563
12.959000,8.236433
12.960000,8.251819
12.961000,8.201471
12.962000,8.191904
12.963000,8.157677
12.964000,7.999790
12.965000,7.921650
12.966000,7.920530
12.967000,7.896848
12.968000,7.921026
12.969000,7.765050
12.970000,7.785912
12.971000,7.741549
12.972000,7.721869
12.973000,7.640213
12.974000,7.671914
12.975000,7.651970
12.976000,7.705279
12.977000,7.632532
12.978000,7.644530
12.979000,7.684746
12.980000,7.756250
12.981000,7.817505
12.982000,7.844138
12.983000,7.863474
12.984000,7.804695
12.985000,7.726514
12.986000,7.829945
12.987000,7.910998
12.988000,7.887151
12.989000,7.794897
12.990000,7.862403
12.991000,7.911080
12.992000,7.888845
12.993000,7.894664
12.994000,7.890327
12.995000,7.943455
12.996000,7.936761
12.997000,8.007841
12.998000,8.038832
12.999000,8.096380
13.000000,8.059978
13.001000,8.086589
13.002000,7.965065
13.003000,8.018893
13.004000,7.916187
13.005000,7.927698
13.006000,7.928208
13.007000,7.988712
13.008000,7.972515
13.009000,8.050928
13.010000,8.110025
13.011000,8.082347
13.012000,8.115896
13.013000,8.148451
13.014000,8.171527
13.015000,8.074559
13.016000,8.080818
13.017000,8.075819
13.018000,8.045183
13.019000,7.961136
13.020000,7.982173
13.021000,8.005221
13.022000,7.929994
13.023000,7.858896
13.024000,7.855867
13.025000,7.877248
13.026000,7.868589
13.027000,7.807820
13.028000,7.789212
13.029000,7.792585
13.030000,7.749055
13.031000,7.701817
13.032000,7.753557
13.033000,7.824253
13.034000,7.891445
13.035000,7.937206
13.036000,7.959795
13.037000,8.004044
13.038000,8.029218
13.039000,8.014593
13.040000,8.087989
13.041000,8.129602
13.042000,8.088877
13.043000,8.060200
13.044000,8.058506
13.045000,8.084426
13.046000,8.003307
13.047000,7.974556
13.048000,8.014438
13.049000,8.018638
13.050000,8.105286
13.051000,8.133863
13.052000,8.012760
13.053000,7.865066
13.054000,7.979434
13.055000,7.949391
13.056000,7.864340
13.057000,7.872328
13.058000,7.845911
13.059000,7.866231
13.060000,7.903857
13.061000,7.883266
13.062000,8.000309
13.063000,7.980949
13.064000,7.957880
13.065000,7.876278
13.066000,7.895855
13.067000,7.887297
13.068000,7.906524
13.069000,7.937288
13.070000,7.950334
13.071000,8.010862
13.072000,7.950976
13.073000,7.856002
13.074000,7.782274
13.075000,7.776709
13.076000,7.917138
13.077000,7.920268
13.078000,7.979917
13.079000,8.022042
13.080000,7.998547
13.081000,8.013349
13.082000,8.072982
13.083000,8.006895
13.084000,7.949842
13.085000,8.022733
13.086000,8.016892
13.087000,8.018786
13.088000,8.004243
13.089000,7.919566
13.090000,7.949770
13.091000,7.913404
13.092000,7.875201
13.093000,7.965279
13.094000,8.057209
13.095000,8.023824
13.096000,7.953411
13.097000,7.969249
13.098000,7.904835
13.099000,7.920238
13.100000,7.850322
13.101000,7.874891
13.102000,7.860004
13.103000,7.932493
13.104000,8.003867
13.105000,8.119525
13.106000,8.118359
13.107000,8.066260
13.108000,8.037812
13.109000,8.009724
13.110000,7.962827
13.111000,7.979747
13.112000,8.000004
13.113000,7.973338
13.114000,7.926802
13.115000,7.951856
13.116000,7.870370
13.117000,7.862232
13.118000,7.791540
13.119000,7.771274
13.120000,7.839853
13.121000,7.817178
13.122000,7.827746
13.123000,7.849858
13.124000,7.908830
13.125000,7.868532
13.126000,7.868980
13.127000,7.787026
13.128000,7.816749
13.129000,7.825653
13.130000,7.826475
13.131000,7.813027
13.132000,7.745730
13.133000,7.850700
13.134000,7.781249
13.135000,7.753630
13.136000,7.723393
13.137000,7.737263
13.138000,7.617473
13.139000,7.728225
13.140000,7.685955
13.141000,7.670245
13.142000,7.653321
13.143000,7.627977
13.144000,7.718021
13.145000,7.843840
13.146000,7.910556
13.147000,7.770051
13.148000,7.789307
13.149000,7.838861
13.150000,7.785649
13.151000,7.870595
13.152000,7.911875
13.153000,7.842897
13.154000,7.808414
13.155000,7.782321
13.156000,7.696817
13.157000,7.621683
13.158000,7.674992
13.159000,7.787258
13.160000,7.859032
13.161000,7.906756
13.162000,8.032138
13.163000,8.135985
13.164000,8.160858
13.165000,8.152988
13.166000,8.207860
13.167000,8.102809
13.168000,8.043544
13.169000,8.009083
13.170000,7.991894
13.171000,8.121779
13.172000,8.122803
13.173000,8.055196
13.174000,8.059813
13.175000,7.974237
13.176000,8.016580
13.177000,8.168688
13.178000,8.252275
13.179000,8.339444
13.180000,8.322296
13.181000,8.298812
13.182000,8.338649
13.183000,8.300889
13.184000,8.197789
13.185000,8.241837
13.186000,8.212856
13.187000,8.135340
13.188000,8.112681
13.189000,8.169310
13.190000,8.155295
13.191000,8.132807
13.192000,8.082253
13.193000,8.011501
13.194000,8.057560
13.195000,8.055193
13.196000,8.066535
13.197000,8.064906
13.198000,8.052892
13.199000,7.990466
13.200000,7.958146
13.201000,7.991319
13.202000,8.009441
13.203000,8.026730
13.204000,8.066833
13.205000,8.209569
13.206000,8.176188
13.207000,8.231532
13.208000,8.133078
13.209000,8.158209
13.210000,8.141349
13.211000,8.092649
13.212000,8.089923
13.213000,8.069712
13.214000,7.961050
13.215000,7.960081
13.216000,7.947740
13.217000,7.991085
13.218000,8.016861
13.219000,8.084151
13.220000,8.050867
13.221000,8.163796
13.222000,8.194546
13.223000,8.215599
13.224000,8.217237
13.225000,8.193068
13.226000,8.229442
13.227000,8.282288
13.228000,8.384298
13.229000,8.434414
13.230000,8.438469
13.231000,8.451900
13.232000,8.443544
13.233000,8.425684
13.234000,8.436120
13.235000,8.557958
13.236000,8.495313
13.237000,8.477733
13.238000,8.465824
13.239000,8.392782
13.240000,8.479003
13.241000,8.427967
13.242000,8.485121
13.243000,8.602261
13.244000,8.575971
13.245000,8.590042
13.246000,8.509588
13.247000,8.513507
13.248000,8.451561
13.249000,8.476901
13.250000,8.388653
13.251000,8.357105
13.252000,8.313215
13.253000,8.307245
13.254000,8.355297
13.255000,8.400091
13.256000,8.366299
13.257000,8.433064
13.258000,8.451663
13.259000,8.488588
13.260000,8.529464
13.261000,8.626182
13.262000,8.606888
13.263000,8.504213
13.264000,8.521663
13.265000,8.474146
13.266000,8.405972
13.267000,8.338908
13.268000,8.406366
13.269000,8.430561
13.270000,8.332714
13.271000,8.257297
13.272000,8.181013
13.273000,8.164409
13.274000,8.225890
13.275000,8.194393
13.276000,8.241753
13.277000,8.263345
13.278000,8.272582
13.279000,8.322504
13.280000,8.296103
13.281000,8.241210
13.282000,8.189965
13.283000,8.192078
13.284000,8.210067
13.285000,8.133109
13.286000,8.080462
13.287000,8.004669
13.288000,8.017443
13.289000,8.060398
13.290000,7.973345
13.291000,8.048298
13.292000,8.015497
13.293000,8.008213
13.294000,7.983747
13.295000,8.006871
13.296000,7.990673
13.297000,7.979785
13.298000,8.000793
13.299000,8.014493
13.300000,8.004286
13.301000,7.961874
13.302000,7.944428
13.303000,7.986797
13.304000,7.961655
13.305000,7.890673
13.306000,7.885713
13.307000,7.950595
13.308000,8.001113
13.309000,7.927013
13.310000,7.949416
13.311000,8.019547
13.312000,8.060064
13.313000,7.949574
13.314000,7.897831
13.315000,7.833404
13.316000,7.888437
13.317000,7.882492
13.318000,7.852590
13.319000,7.921557
13.320000,7.930597
13.321000,7.942482
13.322000,8.014110
13.323000,8.103531
13.324000,8.073695
13.325000,7.983321
13.326000,7.906676
13.327000,7.906877
13.328000,7.904138
13.329000,7.895236
13.330000,7.954946
13.331000,7.944286
13.332000,7.882310
13.333000,7.948876
13.334000,7.855589
13.335000,7.746987
13.336000,7.804782
13.337000,7.876529
13.338000,7.948233
13.339000,7.898798
13.340000,7.932571
13.341000,7.944313
13.342000,8.018243
13.343000,8.083662
13.344000,8.068204
13.345000,8.039765
13.346000,7.984137
13.347000,7.971676
13.348000,7.927276
13.349000,7.963736
13.350000,8.019255
13.351000,8.156977
13.352000,8.199968
13.353000,8.203160
13.354000,8.201616
13.355000,8.252465
13.356000,8.176544
13.357000,8.143323
13.358000,8.156223
13.359000,8.152114
13.360000,8.097481
13.361000,8.183693
13.362000,8.208229
13.363000,8.234181
13.364000,8.280169
13.365000,8.304467
13.366000,8.342710
13.367000,8.441279
13.368000,8.415179
13.369000,8.441306
13.370000,8.409975
13.371000,8.463594
13.372000,8.525879
13.373000,8.422065
13.374000,8.432336
13.375000,8.440944
13.376000,8.493344
13.377000,8.475169
13.378000,8.516171
13.379000,8.485326
13.380000,8.460771
13.381000,8.371656
13.382000,8.374107
13.383000,8.379858
13.384000,8.330952
13.385000,8.385425
13.386000,8.464255
13.387000,8.510008
13.388000,8.496633
13.389000,8.517393
13.390000,8.576168
13.391000,8.579088
13.392000,8.597206
13.393000,8.574794
13.394000,8.588790
13.395000,8.654418
13.396000,8.630271
13.397000,8.643269
13.398000,8.601659
13.399000,8.542900
13.400000,8.538890
13.401000,8.514140
13.402000,8.526573
13.403000,8.557337
13.404000,8.492281
13.405000,8.489060
13.406000,8.508589
13.407000,8.509174
13.408000,8.585680
13.409000,8.458788
13.410000,8.528251
13.411000,8.598731
13.412000,8.616131
13.413000,8.485005
13.414000,8.546877
13.415000,8.519103
13.416000,8.608171
13.417000,8.649859
13.418000,8.597721
13.419000,8.545746
13.420000,8.539726
13.421000,8.609035
13.422000,8.630227
13.423000,8.598570
13.424000,8.507048
13.425000,8.458344
13.426000,8.480663
13.427000,8.474161
13.428000,8.383570
13.429000,8.392029
13.430000,8.400251
13.431000,8.393980
13.432000,8.391397
13.433000,8.383610
13.434000,8.417172
13.435000,8.433095
13.436000,8.338681
13.437000,8.290363
13.438000,8.244997
13.439000,8.305987
13.440000,8.228711
13.441000,8.295492
13.442000,8.175827
13.443000,8.240552
13.444000,8.264943
13.445000,8.193910
13.446000,8.252985
13.447000,8.200824
13.448000,8.179909
13.449000,8.109255
13.450000,8.121790
13.451000,8.152995
13.452000,8.209406
13.453000,8.196849
13.454000,8.147326
13.455000,8.141563
13.456000,8.115673
13.457000,8.184201
13.458000,8.206625
13.459000,8.108560
13.460000,8.182496
13.461000,8.151553
13.462000,8.082387
13.463000,8.052130
13.464000,7.960178
13.465000,7.979945
13.466000,7.867997
13.467000,7.812359
13.468000,7.742705
13.469000,7.811057
13.470000,7.834298
13.471000,7.787216
13.472000,7.832862
13.473000,7.918191
13.474000,7.972652
13.475000,8.015389
13.476000,8.024750
13.477000,7.980770
13.478000,7.955469
13.479000,7.937397
13.480000,7.979969
13.481000,7.986567
13.482000,8.027206
13.483000,8.108642
13.484000,8.034643
13.485000,8.038362
13.486000,7.978260
13.487000,7.845523
13.488000,7.883477
13.489000,7.890592
13.490000,7.841287
13.491000,7.864255
13.492000,7.747196
13.493000,7.894955
13.494000,7.936180
13.495000,7.899685
13.496000,7.904704
13.497000,7.873656
13.498000,7.755258
13.499000,7.735503
13.500000,7.716793
13.501000,7.636333
13.502000,7.680669
13.503000,7.746486
13.504000,7.767542
13.505000,7.870025
13.506000,7.894612
13.507000,7.848664
13.508000,7.957924
13.509000,7.978822
13.510000,8.003693
13.511000,7.961561
13.512000,7.881097
13.513000,7.879212
13.514000,7.858837
13.515000,7.883494
13.516000,7.830058
13.517000,7.753661
13.518000,7.691955
13.519000,7.663413
13.520000,7.600061
13.521000,7.645954
13.522000,7.653136
13.523000,7.586509
13.524000,7.591667
13.525000,7.546730
13.526000,7.598846
13.527000,7.611028
13.528000,7.555392
13.529000,7.526601
13.530000,7.545969
13.531000,7.478177
13.532000,7.466846
13.533000,7.544422
13.534000,7.544949
13.535000,7.537993
13.536000,7.544397
13.537000,7.544010
13.538000,7.549318
13.539000,7.407160
13.540000,7.337527
13.541000,7.261439
13.542000,7.191119
13.543000,7.124442
13.544000,7.232279
13.545000,7.241419
13.546000,7.247880
13.547000,7.216100
13.548000,7.166469
13.549000,7.159480
13.550000,7.185555
13.551000,7.173997
13.552000,7.252163
13.553000,7.287748
13.554000,7.146614
13.555000,7.288611
13.556000,7.230559
13.557000,7.239677
13.558000,7.283867
13.559000,7.226861
13.560000,7.160932
13.561000,7.246158
13.562000,7.183250
13.563000,7.315072
13.564000,7.384674
13.565000,7.381048
13.566000,7.450733
13.567000,7.531604
13.568000,7.523525
13.569000,7.422887
13.570000,7.483511
13.571000,7.526210
13.572000,7.419096
13.573000,7.497812
13.574000,7.462004
13.575000,7.388853
13.576000,7.337227
13.577000,7.400514
13.578000,7.497144
13.579000,7.575159
13.580000,7.587312
13.581000,7.570417
13.582000,7.604604
13.583000,7.593744
13.584000,7.591300
13.585000,7.581341
13.586000,7.582344
13.587000,7.504066
13.588000,7.444914
13.589000,7.436360
13.590000,7.478673
13.591000,7.441507
13.592000,7.530434
13.593000,7.621426
13.594000,7.545114
13.595000,7.545959
13.596000,7.569956
13.597000,7.529739
13.598000,7.661821
13.599000,7.525287
13.600000,7.520726
13.601000,7.519276
13.602000,7.482742
13.603000,7.449998
13.604000,7.372995
13.605000,7.374648
13.606000,7.449907
13.607000,7.375190
13.608000,7.378792
13.609000,7.433902
13.610000,7.513760
13.611000,7.487491
13.612000,7.542163
13.613000,7.435570
13.614000,7.494970
13.615000,7.417052
13.616000,7.468187
13.617000,7.530585
13.618000,7.527877
13.619000,7.500511
13.620000,7.508609
13.621000,7.512001
13.622000,7.494864
13.623000,7.478401
13.624000,7.447561
13.625000,7.517666
13.626000,7.530765
13.627000,7.507176
13.628000,7.567743
13.629000,7.548163
13.630000,7.537080
13.631000,7.544323
13.632000,7.526787
13.633000,7.573330
13.634000,7.607067
13.635000,7.728282
13.636000,7.729432
13.637000,7.855787
13.638000,7.794107
13.639000,7.797001
13.640000,7.824015
13.641000,7.698973
13.642000,7.765120
13.643000,7.765306
13.644000,7.685249
13.645000,7.757314
13.646000,7.813167
13.647000,7.764658
13.648000,7.778797
13.649000,7.785488
13.650000,7.744539
13.651000,7.797946
13.652000,7.713726
13.653000,7.760223
13.654000,7.722081
13.655000,7.783114
13.656000,7.918808
13.657000,7.990154
13.658000,7.926950
13.659000,7.965561
13.660000,7.946509
13.661000,7.995846
13.662000,8.087405
13.663000,8.011920
13.664000,7.892613
13.665000,7.870627
13.666000,7.850735
13.667000,7.787363
13.668000,7.793683
13.669000,7.786618
13.670000,7.794791
13.671000,7.794729
13.672000,7.726414
13.673000,7.813938
13.674000,7.840876
13.675000,7.802287
13.676000,7.871285
13.677000,7.820843
13.678000,7.710312
13.679000,7.719835
13.680000,7.670410
13.681000,7.602177
13.682000,7.658978
13.683000,7.643647
13.684000,7.657766
13.685000,7.727321
13.686000,7.661456
13.687000,7.700840
13.688000,7.706986
13.689000,7.773751
13.690000,7.799793
13.691000,7.813829
13.692000,7.849435
13.693000,7.839704
13.694000,7.768686
13.695000,7.724970
13.696000,7.686200
13.697000,7.668857
13.698000,7.661079
13.699000,7.657193
13.700000,7.708986
13.701000,7.679397
13.702000,7.649764
13.703000,7.648354
13.704000,7.634642
13.705000,7.599299
13.706000,7.667446
13.707000,7.677211
13.708000,7.761807
13.709000,7.791670
13.710000,7.777215
13.711000,7.855194
13.712000,7.823285
13.713000,7.848803
13.714000,7.929613
13.715000,7.986291
13.716000,7.942069
13.717000,7.952786
13.718000,7.966540
13.719000,7.953147
13.720000,7.928604
13.721000,7.932372
13.722000,7.816998
13.723000,7.899560
13.724000,7.968715
13.725000,8.025051
13.726000,8.073860
13.727000,8.010812
13.728000,8.019479
13.729000,8.203344
13.730000,8.153250
13.731000,8.236884
13.732000,8.208358
13.733000,8.110673
13.734000,8.092998
13.735000,8.150215
13.736000,8.110055
13.737000,8.142300
13.738000,8.166027
13.739000,8.222034
13.740000,8.201113
13.741000,8.227530
13.742000,8.239303
13.743000,8.258526
13.744000,8.284444
13.745000,8.213323
13.746000,8.176294
13.747000,8.227089
13.748000,8.296720
13.749000,8.343518
13.750000,8.396037
13.751000,8.413666
13.752000,8.390361
13.753000,8.460532
13.754000,8.494916
13.755000,8.508403
13.756000,8.498223
13.757000,8.512689
13.758000,8.434165
13.759000,8.371723
13.760000,8.364147
13.761000,8.268416
13.762000,8.283060
13.763000,8.236655
13.764000,8.217222
13.765000,8.250363
13.766000,8.189398
13.767000,8.215662
13.768000,8.195055
13.769000,8.237465
13.770000,8.295026
13.771000,8.406497
13.772000,8.494977
13.773000,8.502179
13.774000,8.416058
13.775000,8.453448
13.776000,8.550088
13.777000,8.536584
13.778000,8.510715
13.779000,8.464648
13.780000,8.489322
13.781000,8.500733
13.782000,8.468380
13.783000,8.363873
13.784000,8.331651
13.785000,8.312563
13.786000,8.340756
13.787000,8.326280
13.788000,8.327936
13.789000,8.300975
13.790000,8.274733
13.791000,8.283143
13.792000,8.314046
13.793000,8.253916
13.794000,8.154201
13.795000,8.180796
13.796000,8.175504
13.797000,8.248871
13.798000,8.294303
13.799000,8.325383
13.800000,8.316016
13.801000,8.370848
13.802000,8.391653
13.803000,8.363098
13.804000,8.246543
13.805000,8.162075
13.806000,8.183813
13.807000,8.320755
13.808000,8.379494
13.809000,8.367940
13.810000,8.372649
13.811000,8.390259
13.812000,8.349006
13.813000,8.370252
13.814000,8.327223
13.815000,8.303521
13.816000,8.361889
13.817000,8.453095
13.818000,8.478757
13.819000,8.420064
13.820000,8.430842
13.821000,8.363826
13.822000,8.454445
13.823000,8.383970
13.824000,8.356398
13.825000,8.259962
13.826000,8.288085
13.827000,8.257457
13.828000,8.185998
13.829000,8.118636
13.830000,8.043158
13.831000,7.976831
13.832000,7.960282
13.833000,7.872214
13.834000,7.804748
13.835000,7.795992
13.836000,7.841123
13.837000,7.840941
13.838000,7.959558
13.839000,8.016685
13.840000,8.058467
13.841000,8.194455
13.842000,8.164834
13.843000,8.251484
13.844000,8.203144
13.845000,8.145057
13.846000,8.183349
13.847000,8.138647
13.848000,8.076363
13.849000,8.086879
13.850000,8.037125
13.851000,8.104606
13.852000,8.239072
13.853000,8.329132
13.854000,8.340797
13.855000,8.307172
13.856000,8.276955
13.857000,8.302117
13.858000,8.185292
13.859000,8.244959
13.860000,8.132318
13.861000,8.090020
13.862000,8.062450
13.863000,8.078870
13.864000,8.097579
13.865000,8.150976
13.866000,8.123185
13.867000,8.200659
13.868000,8.132088
13.869000,8.163018
13.870000,8.096451
13.871000,8.168629
13.872000,8.128818
13.873000,8.118331
13.874000,8.181114
13.875000,8.180917
13.876000,8.181813
13.877000,8.210683
13.878000,8.109090
13.879000,8.105469
13.880000,8.070377
13.881000,8.027625
13.882000,8.019060
13.883000,7.954088
13.884000,7.940092
13.885000,7.998581
13.886000,8.010328
13.887000,8.076886
13.888000,8.094711
13.889000,8.059036
13.890000,8.021553
13.891000,7.954408
13.892000,7.912805
13.893000,7.968225
13.894000,7.958031
13.895000,7.989116
13.896000,8.064516
13.897000,7.986477
13.898000,7.956204
13.899000,7.875135
13.900000,7.923529
13.901000,7.951865
13.902000,7.985533
13.903000,7.973849
13.904000,7.971572
13.905000,7.968824
13.906000,8.042922
13.907000,7.912247
13.908000,7.928220
13.909000,7.993880
13.910000,7.941639
13.911000,7.941764
13.912000,7.964976
13.913000,7.988521
13.914000,7.887724
13.915000,7.887223
13.916000,7.912577
13.917000,7.809834
13.918000,7.803232
13.919000,7.761483
13.920000,7.760276
13.921000,7.777692
13.922000,7.694112
13.923000,7.749375
13.924000,7.714773
13.925000,7.722889
13.926000,7.695044
13.927000,7.755285
13.928000,7.846765
13.929000,7.835646
13.930000,7.799242
13.931000,7.857189
13.932000,7.924584
13.933000,7.955732
13.934000,7.914232
13.935000,7.912243
13.936000,7.886217
13.937000,7.957682
13.938000,7.980518
13.939000,8.070059
13.940000,8.095856
13.941000,8.164095
13.942000,8.268211
13.943000,8.289070
13.944000,8.362195
13.945000,8.278645
13.946000,8.276133
13.947000,8.241404
13.948000,8.174726
13.949000,8.133899
13.950000,8.155376
13.951000,8.155924
13.952000,8.200914
13.953000,8.125732
13.954000,8.118569
13.955000,8.106260
13.956000,8.160611
13.957000,8.133076
13.958000,8.135629
13.959000,8.156153
13.960000,8.085513
13.961000,8.096167
13.962000,8.054975
13.963000,8.053620
13.964000,8.111970
13.965000,8.166999
13.966000,8.162171
13.967000,8.168878
13.968000,8.161944
13.969000,8.117892
13.970000,8.198873
13.971000,8.192597
13.972000,8.168348
13.973000,8.205541
13.974000,8.172382
13.975000,8.238970
13.976000,8.140436
13.977000,8.078217
13.978000,8.032242
13.979000,8.024913
13.980000,7.997862
13.981000,7.982938
13.982000,8.026670
13.983000,8.003298
13.984000,8.070436
13.985000,8.092561
13.986000,8.099871
13.987000,8.054966
13.988000,8.051600
13.989000,8.056259
13.990000,8.033480
13.991000,8.017392
13.992000,8.045866
13.993000,8.132215
13.994000,8.111990
13.995000,8.024973
13.996000,8.087786
13.997000,8.019292
13.998000,8.064137
13.999000,8.090695
14.000000,8.090709
14.001000,8.082450
14.002000,7.994796
14.003000,8.073270
14.004000,8.045648
14.005000,8.104811
14.006000,8.079214
14.007000,8.073904
14.008000,7.988127
14.009000,7.989981
14.010000,7.873460
14.011000,7.836675
14.012000,7.944128
14.013000,7.946578
14.014000,7.890806
14.015000,7.916526
14.016000,7.892282
14.017000,7.891351
14.018000,7.835532
14.019000,7.851568
14.020000,7.815846
14.021000,7.847922
14.022000,7.852559
14.023000,7.806870
14.024000,7.765587
14.025000,7.768577
14.026000,7.698866
14.027000,7.705556
14.028000,7.757927
14.029000,7.829335
14.030000,7.737847
14.031000,7.750930
14.032000,7.817778
14.033000,7.921859
14.034000,7.856931
14.035000,7.815179
14.036000,7.828921
14.037000,7.929331
14.038000,7.931982
14.039000,7.934887
14.040000,7.949652
14.041000,8.061711
14.042000,7.916632
14.043000,7.945486
14.044000,7.884049
14.045000,7.880039
14.046000,7.924054
14.047000,7.987306
14.048000,7.957768
14.049000,7.902754
14.050000,7.930798
14.051000,7.909805
14.052000,7.887921
14.053000,7.923163
14.054000,7.955669
14.055000,8.066937
14.056000,8.064136
14.057000,8.027889
14.058000,8.004437
14.059000,8.040186
14.060000,8.137724
14.061000,8.112840
14.062000,8.036907
14.063000,8.065018
14.064000,8.057264
14.065000,8.058525
14.066000,8.040173
14.067000,8.108368
14.068000,8.144788
14.069000,8.196993
14.070000,8.122537
14.071000,8.171172
14.072000,8.293466
14.073000,8.308289
14.074000,8.305294
14.075000,8.290738
14.076000,8.287467
14.077000,8.264791
14.078000,8.262538
14.079000,8.285554
14.080000,8.208080
14.081000,8.215615
14.082000,8.217612
14.083000,8.238563
14.084000,8.237311
14.085000,8.205609
14.086000,8.254413
14.087000,8.237094
14.088000,8.159505
14.089000,8.107815
14.090000,8.119800
14.091000,8.051145
14.092000,8.127310
14.093000,8.178587
14.094000,8.132341
14.095000,8.080703
14.096000,8.087168
14.097000,8.103666
14.098000,8.160554
14.099000,8.228617
14.100000,8.304812
14.101000,8.262698
14.102000,8.228006
14.103000,8.211082
14.104000,8.202913
14.105000,8.114280
14.106000,8.044894
14.107000,8.054175
14.108000,8.063367
14.109000,8.082316
14.110000,8.173437
14.111000,8.227547
14.112000,8.197978
14.113000,8.190426
14.114000,8.176815
14.115000,8.204410
14.116000,8.159906
14.117000,8.164146
14.118000,8.047461
14.119000,8.080050
14.120000,8.137657
14.121000,8.107236
14.122000,8.162231
14.123000,8.153433
14.124000,8.101648
14.125000,8.058142
14.126000,8.021978
14.127000,8.036215
14.128000,8.007451
14.129000,8.044702
14.130000,8.072259
14.131000,8.040855
14.132000,8.028178
14.133000,7.972019
14.134000,7.953031
14.135000,7.942601
14.136000,8.002188
14.137000,7.921882
14.138000,7.927595
14.139000,7.966284
14.140000,7.992854
14.141000,8.000303
14.142000,8.013596
14.143000,7.935510
14.144000,7.936041
14.145000,7.986761
14.146000,8.016642
14.147000,8.087385
14.148000,8.159841
14.149000,8.113168
14.150000,8.119534
14.151000,8.061549
14.152000,8.091913
14.153000,8.024031
14.154000,8.024157
14.155000,8.020634
14.156000,8.064160
14.157000,8.009772
14.158000,7.972798
14.159000,7.937299
14.160000,7.879474
14.161000,7.760060
14.162000,7.664372
14.163000,7.697187
14.164000,7.673793
14.165000,7.686560
14.166000,7.638959
14.167000,7.599094
14.168000,7.569272
14.169000,7.618774
14.170000,7.686942
14.171000,7.631465
14.172000,7.716493
14.173000,7.727206
14.174000,7.792345
14.175000,7.785115
14.176000,7.728380
14.177000,7.667437
14.178000,7.599190
14.179000,7.690244
14.180000,7.596980
14.181000,7.624836
14.182000,7.584808
14.183000,7.644742
14.184000,7.685535
14.185000,7.725858
14.186000,7.729345
14.187000,7.752310
14.188000,7.813234
14.189000,7.768968
14.190000,7.738072
14.191000,7.695379
14.192000,7.550775
14.193000,7.554134
14.194000,7.537837
14.195000,7.653713
14.196000,7.635405
14.197000,7.621295
14.198000,7.526740
14.199000,7.553375
14.200000,7.566732
14.201000,7.607710
14.202000,7.564590
14.203000,7.518910
14.204000,7.526317
14.205000,7.527396
14.206000,7.442911
14.207000,7.401531
14.208000,7.475561
14.209000,7.475495
14.210000,7.434660
14.211000,7.425883
14.212000,7.474684
14.213000,7.399073
14.214000,7.373598
14.215000,7.422694
14.216000,7.350613
14.217000,7.409574
14.218000,7.361853
14.219000,7.369806
14.220000,7.327590
14.221000,7.398094
14.222000,7.318630
14.223000,7.263647
14.224000,7.190040
14.225000,7.185822
14.226000,7.131434
14.227000,7.199345
14.228000,7.131456
14.229000,7.186323
14.230000,7.147219
14.231000,7.184889
14.232000,7.145102
14.233000,7.070613
14.234000,7.057808
14.235000,6.958150
14.236000,6.922457
14.237000,6.978588
14.238000,7.073066
14.239000,7.015850
14.240000,6.974217
14.241000,6.946775
14.242000,6.866458
14.243000,6.929846
14.244000,6.972032
14.245000,6.932161
14.246000,6.959050
14.247000,6.862981
14.248000,6.938676
14.249000,6.954141
14.250000,7.022617
14.251000,7.075526
14.252000,7.003604
14.253000,7.012258
14.254000,7.023143
14.255000,7.073527
14.256000,7.000220
14.257000,6.976659
14.258000,6.910746
14.259000,6.953273
14.260000,6.937344
14.261000,7.048743
14.262000,7.042559
14.263000,6.961468
14.264000,7.021983
14.265000,7.017769
14.266000,7.010432
14.267000,7.013592
14.268000,7.075963
14.269000,7.074178
14.270000,7.015030
14.271000,7.047740
14.272000,7.122822
14.273000,6.916095
14.274000,6.948415
14.275000,6.912820
14.276000,6.906612
14.277000,7.021074
14.278000,7.111320
14.279000,7.255634
14.280000,7.359693
14.281000,7.258734
14.282000,7.195053
14.283000,7.222584
14.284000,7.281336
14.285000,7.307484
14.286000,7.365361
14.287000,7.537066
14.288000,7.610787
14.289000,7.660283
14.290000,7.610130
14.291000,7.719577
14.292000,7.661746
14.293000,7.748281
14.294000,7.622971
14.295000,7.522735
14.296000,7.531552
14.297000,7.592343
14.298000,7.532925
14.299000,7.485176
14.300000,7.501380
14.301000,7.433972
14.302000,7.422180
14.303000,7.325456
14.304000,7.386111
14.305000,7.362410
14.306000,7.428185
14.307000,7.388429
14.308000,7.398278
14.309000,7.412616
14.310000,7.435924
14.311000,7.437410
14.312000,7.440140
14.313000,7.456764
14.314000,7.365215
14.315000,7.384306
14.316000,7.354680
14.317000,7.377288
14.318000,7.334069
14.319000,7.199384
14.320000,7.233361
14.321000,7.257705
14.322000,7.286699
14.323000,7.209386
14.324000,7.220692
14.325000,7.240969
14.326000,7.251083
14.327000,7.204829
14.328000,7.272623
14.329000,7.324657
14.330000,7.266852
14.331000,7.290392
14.332000,7.381592
14.333000,7.322127
14.334000,7.214806
14.335000,7.227479
14.336000,7.218545
14.337000,7.164892
14.338000,7.186218
14.339000,7.182013
14.340000,7.199999
14.341000,7.248116
14.342000,7.174751
14.343000,7.090352
14.344000,7.131957
14.345000,7.167129
14.346000,7.153032
14.347000,7.142683
14.348000,7.245483
14.349000,7.338207
14.350000,7.380244
14.351000,7.366420
14.352000,7.473310
14.353000,7.428622
14.354000,7.426273
14.355000,7.375184
14.356000,7.431895
14.357000,7.464186
14.358000,7.554581
14.359000,7.538238
14.360000,7.563727
14.361000,7.520547
14.362000,7.421287
14.363000,7.363470
14.364000,7.426522
14.365000,7.370815
14.366000,7.294351
14.367000,7.317386
14.368000,7.349713
14.369000,7.366525
14.370000,7.457194
14.371000,7.427295
14.372000,7.447703
14.373000,7.506553
14.374000,7.478689
14.375000,7.483973
14.376000,7.409220
14.377000,7.365553
14.378000,7.363068
14.379000,7.275022
14.380000,7.218126
14.381000,7.139206
14.382000,7.059917
14.383000,7.078029
14.384000,7.072498
14.385000,6.959207
14.386000,6.890509
14.387000,6.928610
14.388000,7.009172
14.389000,6.920125
14.390000,6.917576
14.391000,6.906735
14.392000,6.856718
14.393000,6.845995
14.394000,6.783310
14.395000,6.813773
14.396000,6.721387
14.397000,6.705631
14.398000,6.728968
14.399000,6.781818
14.400000,6.739492
14.401000,6.759115
14.402000,6.699291
14.403000,6.669192
14.404000,6.669201
14.405000,6.694262
14.406000,6.732423
14.407000,6.704873
14.408000,6.815929
14.409000,6.797809
14.410000,6.825978
14.411000,6.874625
14.412000,6.939207
14.413000,6.969243
14.414000,7.009246
14.415000,7.010327
14.416000,7.007326
14.417000,7.047167
14.418000,7.082510
14.419000,7.134823
14.420000,7.060549
14.421000,7.163430
14.422000,7.229760
14.423000,7.280271
14.424000,7.350278
14.425000,7.353914
14.426000,7.439234
14.427000,7.505941
14.428000,7.590542
14.429000,7.591157
14.430000,7.556427
14.431000,7.480083
14.432000,7.541846
14.433000,7.494112
14.434000,7.451624
14.435000,7.513203
14.436000,7.526985
14.437000,7.527559
14.438000,7.480699
14.439000,7.500868
14.440000,7.399280
14.441000,7.358944
14.442000,7.405146
14.443000,7.476765
14.444000,7.449524
14.445000,7.450680
14.446000,7.452298
14.447000,7.376330
14.448000,7.431729
14.449000,7.461685
14.450000,7.507032
14.451000,7.542220
14.452000,7.508597
14.453000,7.534037
14.454000,7.641617
14.455000,7.645156
14.456000,7.608782
14.457000,7.528860
14.458000,7.632712
14.459000,7.500924
14.460000,7.485367
14.461000,7.521849
14.462000,7.460619
14.463000,7.558202
14.464000,7.607939
14.465000,7.694894
14.466000,7.719836
14.467000,7.665783
14.468000,7.764422
14.469000,7.769268
14.470000,7.733700
14.471000,7.722131
14.472000,7.691847
14.473000,7.700157
14.474000,7.616151
14.475000,7.634592
14.476000,7.608385
14.477000,7.611525
14.478000,7.599020
14.479000,7.633300
14.480000,7.596028
14.481000,7.691270
14.482000,7.772000
14.483000,7.773370
14.484000,7.745684
14.485000,7.679497
14.486000,7.666285
14.487000,7.746657
14.488000,7.685229
14.489000,7.743117
14.490000,7.747094
14.491000,7.768323
14.492000,7.771544
14.493000,7.743860
14.494000,7.733294
14.495000,7.750313
14.496000,7.781134
14.497000,7.838524
14.498000,7.912155
14.499000,7.891388
14.500000,7.926491
14.501000,7.922833
14.502000,7.862130
14.503000,7.880649
14.504000,7.898089
14.505000,7.835207
14.506000,7.899104
14.507000,7.964851
14.508000,7.966485
14.509000,7.946465
14.510000,7.979442
14.511000,7.951337
14.512000,7.814420
14.513000,7.815997
14.514000,7.805532
14.515000,7.760730
14.516000,7.754158
14.517000,7.720122
14.518000,7.710644
14.519000,7.771511
14.520000,7.806829
14.521000,7.767637
14.522000,7.732084
14.523000,7.824957
14.524000,7.811861
14.525000,7.810400
14.526000,7.821126
14.527000,7.812763
14.528000,7.916217
14.529000,8.048633
14.530000,8.029266
14.531000,8.113318
14.532000,8.187948
14.533000,8.116281
14.534000,8.081643
14.535000,8.223158
14.536000,8.275859
14.537000,8.256659
14.538000,8.212429
14.539000,8.186483
14.540000,8.176295
14.541000,8.243356
14.542000,8.305233
14.543000,8.343485
14.544000,8.362857
14.545000,8.301079
14.546000,8.239394
14.547000,8.328527
14.548000,8.280990
14.549000,8.211010
14.550000,8.239694
14.551000,8.255033
14.552000,8.228546
14.553000,8.285609
14.554000,8.379393
14.555000,8.396751
14.556000,8.290597
14.557000,8.251442
14.558000,8.199377
14.559000,8.236973
14.560000,8.161811
14.561000,8.250037
14.562000,8.239834
14.563000,8.155016
14.564000,8.152168
14.565000,8.215738
14.566000,8.215115
14.567000,8.217953
14.568000,8.171801
14.569000,8.233402
14.570000,8.179258
14.571000,8.227138
14.572000,8.199410
14.573000,8.234337
14.574000,8.278077
14.575000,8.308197
14.576000,8.225562
14.577000,8.124068
14.578000,8.082356
14.579000,8.037517
14.580000,8.074974
14.581000,8.075416
14.582000,8.101656
14.583000,8.068662
14.584000,8.014054
14.585000,8.022735
14.586000,8.074712
14.587000,8.074482
14.588000,8.011557
14.589000,8.051670
14.590000,8.038869
14.591000,7.978983
14.592000,7.993144
14.593000,7.981760
14.594000,7.994658
14.595000,8.116696
14.596000,8.240441
14.597000,8.238476
14.598000,8.290580
14.599000,8.238234
14.600000,8.115687
14.601000,8.123622
14.602000,8.164136
14.603000,8.101577
14.604000,8.124274
14.605000,8.116067
14.606000,8.033595
14.607000,8.001270
14.608000,7.970908
14.609000,7.933870
14.610000,7.989249
14.611000,8.017557
14.612000,8.048579
14.613000,8.011922
14.614000,7.852708
14.615000,7.777317
14.616000,7.844065
14.617000,7.895222
14.618000,7.884127
14.619000,7.770062
14.620000,7.762715
14.621000,7.751755
14.622000,7.683214
14.623000,7.654706
14.624000,7.705020
14.625000,7.705239
14.626000,7.688068
14.627000,7.676168
14.628000,7.727544
14.629000,7.630656
14.630000,7.589573
14.631000,7.534436
14.632000,7.442011
14.633000,7.499900
14.634000,7.632819
14.635000,7.627681
14.636000,7.627559
14.637000,7.704563
14.638000,7.669813
14.639000,7.659699
14.640000,7.604029
14.641000,7.601259
14.642000,7.766451
14.643000,7.790849
14.644000,7.796080
14.645000,7.794809
14.646000,7.772842
14.647000,7.857802
14.648000,7.868012
14.649000,7.892014
14.650000,7.905879
14.651000,7.941736
14.652000,7.956058
14.653000,7.870920
14.654000,7.898690
14.655000,7.887090
14.656000,7.917855
14.657000,7.891001
14.658000,7.823312
14.659000,7.828892
14.660000,7.802751
14.661000,7.771537
14.662000,7.830391
14.663000,7.853020
14.664000,7.786906
14.665000,7.826498
14.666000,7.813387
14.667000,7.865137
14.668000,7.903934
14.669000,7.961958
14.670000,7.931970
14.671000,7.920806
14.672000,7.921002
14.673000,7.794748
14.674000,7.734829
14.675000,7.564855
14.676000,7.578751
14.677000,7.552583
14.678000,7.582250
14.679000,7.555519
14.680000,7.459959
14.681000,7.521133
14.682000,7.442825
14.683000,7.505624
14.684000,7.432044
14.685000,7.428832
14.686000,7.484933
14.687000,7.518720
14.688000,7.494150
14.689000,7.530216
14.690000,7.512744
14.691000,7.456914
14.692000,7.467955
14.693000,7.447787
14.694000,7.314463
14.695000,7.344102
14.696000,7.360453
14.697000,7.318179
14.698000,7.348800
14.699000,7.366782
14.700000,7.446603
14.701000,7.384065
14.702000,7.334933
14.703000,7.353177
14.704000,7.406621
14.705000,7.382507
14.706000,7.413577
14.707000,7.422359
14.708000,7.431987
14.709000,7.466785
14.710000,7.367085
14.711000,7.304371
14.712000,7.336468
14.713000,7.375812
14.714000,7.518768
14.715000,7.521963
14.716000,7.589183
14.717000,7.608341
14.718000,7.695154
14.719000,7.719813
14.720000,7.646821
14.721000,7.620698
14.722000,7.626843
14.723000,7.656017
14.724000,7.578477
14.725000,7.642233
14.726000,7.668785
14.727000,7.674134
14.728000,7.568648
14.729000,7.547912
14.730000,7.479802
14.731000,7.569107
14.732000,7.569603
14.733000,7.617927
14.734000,7.686351
14.735000,7.626773
14.736000,7.599069
14.737000,7.537658
14.738000,7.638975
14.739000,7.610633
14.740000,7.556190
14.741000,7.580132
14.742000,7.607397
14.743000,7.627044
14.744000,7.625349
14.745000,7.655471
14.746000,7.697276
14.747000,7.776809
14.748000,7.661095
14.749000,7.592367
14.750000,7.611337
14.751000,7.568262
14.752000,7.577963
14.753000,7.505363
14.754000,7.531812
14.755000,7.574669
14.756000,7.519973
14.757000,7.557951
14.758000,7.621066
14.759000,7.675774
14.760000,7.691010
14.761000,7.725468
14.762000,7.757657
14.763000,7.734906
14.764000,7.737705
14.765000,7.771445
14.766000,7.843992
14.767000,7.791647
14.768000,7.689534
14.769000,7.723582
14.770000,7.800191
14.771000,7.691459
14.772000,7.670464
14.773000,7.722873
14.774000,7.818625
14.775000,7.795451
14.776000,7.883307
14.777000,7.927451
14.778000,7.991422
14.779000,7.915671
14.780000,7.754484
14.781000,7.741274
14.782000,7.683064
14.783000,7.739781
14.784000,7.713158
14.785000,7.742845
14.786000,7.686197
14.787000,7.753369
14.788000,7.756784
14.789000,7.699412
14.790000,7.784563
14.791000,7.844818
14.792000,7.818482
14.793000,7.804001
14.794000,7.846397
14.795000,7.970027
14.796000,7.974202
14.797000,7.987854
14.798000,7.937420
14.799000,7.916982
14.800000,7.946632
14.801000,7.920512
14.802000,7.941929
14.803000,7.937563
14.804000,7.946324
14.805000,7.901719
14.806000,7.856224
14.807000,7.925327
14.808000,7.932610
14.809000,7.907489
14.810000,7.964317
14.811000,8.008822
14.812000,7.998810
14.813000,8.029539
14.814000,8.049100
14.815000,7.997920
14.816000,7.983469
14.817000,8.016586
14.818000,7.965115
14.819000,7.923755
14.820000,7.899728
14.821000,7.938556
14.822000,7.907331
14.823000,7.916250
14.824000,7.957659
14.825000,8.006485
14.826000,7.947024
14.827000,7.955775
14.828000,7.945035
14.829000,7.950472
14.830000,7.995297
14.831000,8.074542
14.832000,8.092760
14.833000,8.059920
14.834000,7.965040
14.835000,7.908501
14.836000,7.934769
14.837000,7.941087
14.838000,7.943753
14.839000,7.838973
14.840000,7.961402
14.841000,7.919223
14.842000,7.820516
14.843000,7.838370
14.844000,7.718931
14.845000,7.765656
14.846000,7.752641
14.847000,7.666712
14.848000,7.565262
14.849000,7.552995
14.850000,7.519748
14.851000,7.489502
14.852000,7.497116
14.853000,7.416957
14.854000,7.410546
14.855000,7.446772
14.856000,7.446562
14.857000,7.446660
14.858000,7.395134
14.859000,7.412344
14.860000,7.366221
14.861000,7.263311
14.862000,7.363518
14.863000,7.280348
14.864000,7.251898
14.865000,7.245489
14.866000,7.164319
14.867000,7.167093
14.868000,7.165594
14.869000,7.181243
14.870000,7.260834
14.871000,7.155610
14.872000,7.197523
14.873000,7.235941
14.874000,7.222927
14.875000,7.214592
14.876000,7.115878
14.877000,7.144206
14.878000,7.117923
14.879000,7.114679
14.880000,7.100976
14.881000,7.096446
14.882000,7.056121
14.883000,7.100407
14.884000,7.120353
14.885000,7.105336
14.886000,7.235070
14.887000,7.329891
14.888000,7.350934
14.889000,7.284587
14.890000,7.267954
14.891000,7.247527
14.892000,7.217888
14.893000,7.253286
14.894000,7.272629
14.895000,7.288288
14.896000,7.249692
14.897000,7.374997
14.898000,7.366162
14.899000,7.423715
14.900000,7.489108
14.901000,7.484525
14.902000,7.464713
14.903000,7.464399
14.904000,7.260175
14.905000,7.278450
14.906000,7.409937
14.907000,7.407905
14.908000,7.401887
14.909000,7.342377
14.910000,7.340615
14.911000,7.293497
14.912000,7.267125
14.913000,7.272979
14.914000,7.244862
14.915000,7.281082
14.916000,7.286729
14.917000,7.170405
14.918000,7.161895
14.919000,7.235296
14.920000,7.209872
14.921000,7.255423
14.922000,7.372787
14.923000,7.333241
14.924000,7.287220
14.925000,7.338263
14.926000,7.458133
14.927000,7.368203
14.928000,7.406392
14.929000,7.379138
14.930000,7.374352
14.931000,7.301220
14.932000,7.204137
14.933000,7.207106
14.934000,7.264821
14.935000,7.291205
14.936000,7.309452
14.937000,7.243607
14.938000,7.125871
14.939000,7.154282
14.940000,7.102512
14.941000,7.117975
14.942000,7.205374
14.943000,7.224079
14.944000,7.172700
14.945000,7.140581
14.946000,7.155262
14.947000,7.179191
14.948000,7.100075
14.949000,7.067426
14.950000,7.039618
14.951000,7.051298
14.952000,7.128038
14.953000,7.152617
14.954000,7.213962
14.955000,7.218515
14.956000,7.214087
14.957000,7.196030
14.958000,7.157560
14.959000,7.222025
14.960000,7.220277
14.961000,7.266117
14.962000,7.277428
14.963000,7.356898
14.964000,7.322516
14.965000,7.412483
14.966000,7.355879
14.967000,7.326776
14.968000,7.248085
14.969000,7.201378
14.970000,7.179757
14.971000,7.275713
14.972000,7.242158
14.973000,7.201548
14.974000,7.196851
14.975000,7.225182
14.976000,7.196079
14.977000,7.215164
14.978000,7.216027
14.979000,7.141964
14.980000,7.131262
14.981000,7.078465
14.982000,7.117878
14.983000,7.153789
14.984000,7.140735
14.985000,7.212013
14.986000,7.221024
14.987000,7.243076
14.988000,7.255418
14.989000,7.184996
14.990000,7.188048
14.991000,7.269421
14.992000,7.202465
14.993000,7.228137
14.994000,7.235848
14.995000,7.320300
14.996000,7.418951
14.997000,7.403407
14.998000,7.358563
14.999000,7.449193
15.000000,7.479023
15.001000,7.447295
15.002000,7.447641
15.003000,7.378560
15.004000,7.473302
15.005000,7.432681
15.006000,7.467642
15.007000,7.391641
15.008000,7.442179
15.009000,7.443982
15.010000,7.391716
15.011000,7.422458
15.012000,7.435421
15.013000,7.421194
15.014000,7.452635
15.015000,7.444416
15.016000,7.437607
15.017000,7.468628
15.018000,7.474056
15.019000,7.442722
15.020000,7.418084
15.021000,7.388355
15.022000,7.465744
15.023000,7.623027
15.024000,7.728525
15.025000,7.658344
15.026000,7.525881
15.027000,7.504361
15.028000,7.495204
15.029000,7.527230
15.030000,7.525272
15.031000,7.557252
15.032000,7.638476
15.033000,7.631402
15.034000,7.638822
15.035000,7.610658
15.036000,7.522512
15.037000,7.466995
15.038000,7.483205
15.039000,7.535234
15.040000,7.525684
15.041000,7.546712
15.042000,7.462908
15.043000,7.504550
15.044000,7.553439
15.045000,7.483677
15.046000,7.456442
15.047000,7.487185
15.048000,7.506937
15.049000,7.552964
15.050000,7.493807
15.051000,7.558126
15.052000,7.480665
15.053000,7.548961
15.054000,7.504097
15.055000,7.540125
15.056000,7.447657
15.057000,7.488051
15.058000,7.524633
15.059000,7.545541
15.060000,7.543184
15.061000,7.563654
15.062000,7.686885
15.063000,7.645242
15.064000,7.687740
15.065000,7.722285
15.066000,7.691326
15.067000,7.712171
15.068000,7.719591
15.069000,7.715993
15.070000,7.725542
15.071000,7.773973
15.072000,7.728102
15.073000,7.717244
15.074000,7.677203
15.075000,7.654095
15.076000,7.662260
15.077000,7.689088
15.078000,7.757337
15.079000,7.715946
15.080000,7.650940
15.081000,7.639269
15.082000,7.711126
15.083000,7.624073
15.084000,7.611075
15.085000,7.543473
15.086000,7.639806
15.087000,7.692387
15.088000,7.631370
15.089000,7.672626
15.090000,7.642559
15.091000,7.674513
15.092000,7.626472
15.093000,7.607280
15.094000,7.604538
15.095000,7.694455
15.096000,7.722747
15.097000,7.685269
15.098000,7.630198
15.099000,7.602513
15.100000,7.503597
15.101000,7.400499
15.102000,7.398676
15.103000,7.516119
15.104000,7.533496
15.105000,7.645863
15.106000,7.645044
15.107000,7.600610
15.108000,7.626174
15.109000,7.678634
15.110000,7.750165
15.111000,7.755211
15.112000,7.765272
15.113000,7.716214
15.114000,7.598471
15.115000,7.633679
15.116000,7.759865
15.117000,7.814072
15.118000,7.851662
15.119000,7.844411
15.120000,7.847917
15.121000,7.756026
15.122000,7.730504
15.123000,7.694272
15.124000,7.672089
15.125000,7.712312
15.126000,7.749357
15.127000,7.753065
15.128000,7.828125
15.129000,7.745468
15.130000,7.814404
15.131000,7.830194
15.132000,7.860528
15.133000,7.855781
15.134000,7.895603
15.135000,7.861197
15.136000,7.902744
15.137000,7.901289
15.138000,7.751197
15.139000,7.792025
15.140000,7.836295
15.141000,7.795411
15.142000,7.705076
15.143000,7.713858
15.144000,7.826938
15.145000,7.849562
15.146000,7.899307
15.147000,7.853552
15.148000,7.947730
15.149000,7.928411
15.150000,7.951487
15.151000,8.024166
15.152000,8.141548
15.153000,8.157696
15.154000,8.203736
15.155000,8.136516
15.156000,8.201654
15.157000,8.114956
15.158000,8.127720
15.159000,8.034246
15.160000,8.137230
15.161000,8.260462
15.162000,8.296019
15.163000,8.301396
15.164000,8.217798
15.165000,8.228629
15.166000,8.197071
15.167000,8.305195
15.168000,8.291683
15.169000,8.309256
15.170000,8.393988
15.171000,8.450505
15.172000,8.424646
15.173000,8.363359
15.174000,8.397055
15.175000,8.377220
15.176000,8.239504
15.177000,8.278241
15.178000,8.304789
15.179000,8.283862
15.180000,8.257675
15.181000,8.333707
15.182000,8.321464
15.183000,8.301156
15.184000,8.326749
15.185000,8.388328
15.186000,8.359114
15.187000,8.392003
15.188000,8.442991
15.189000,8.350879
15.190000,8.346544
15.191000,8.319338
15.192000,8.353917
15.193000,8.313385
15.194000,8.350147
15.195000,8.315985
15.196000,8.280701
15.197000,8.283635
15.198000,8.313006
15.199000,8.301655
15.200000,8.292413
15.201000,8.260610
15.202000,8.265383
15.203000,8.333783
15.204000,8.322364
15.205000,8.370720
15.206000,8.393828
15.207000,8.352442
15.208000,8.418611
15.209000,8.342985
15.210000,8.388920
15.211000,8.446809
15.212000,8.502133
15.213000,8.498784
15.214000,8.564411
15.215000,8.666352
15.216000,8.615279
15.217000,8.548411
15.218000,8.535995
15.219000,8.543889
15.220000,8.581250
15.221000,8.586582
15.222000,8.538752
15.223000,8.463395
15.224000,8.411892
15.225000,8.373230
15.226000,8.360315
15.227000,8.327425
15.228000,8.390866
15.229000,8.482694
15.230000,8.443147
15.231000,8.406534
15.232000,8.437555
15.233000,8.476545
15.234000,8.551753
15.235000,8.560050
15.236000,8.551685
15.237000,8.594303
15.238000,8.622787
15.239000,8.603957
15.240000,8.555059
15.241000,8.501699
15.242000,8.585763
15.243000,8.579628
15.244000,8.722975
15.245000,8.682099
15.246000,8.659942
15.247000,8.706184
15.248000,8.766728
15.249000,8.848737
15.250000,8.814301
15.251000,8.843421
15.252000,8.787147
15.253000,8.948345
15.254000,9.080074
15.255000,9.091851
15.256000,9.123969
15.257000,9.109084
15.258000,9.147536
15.259000,9.072397
15.260000,9.043526
15.261000,8.972911
15.262000,8.993231
15.263000,9.101462
15.264000,9.105142
15.265000,9.050653
15.266000,9.058656
15.267000,9.060201
15.268000,9.075658
15.269000,8.944726
15.270000,8.927418
15.271000,8.901485
15.272000,8.886995
15.273000,8.995393
15.274000,8.945217
15.275000,8.851616
15.276000,8.878311
15.277000,8.903850
15.278000,8.822364
15.279000,8.761260
15.280000,8.697843
15.281000,8.796346
15.282000,8.796392
15.283000,8.798924
15.284000,8.725226
15.285000,8.692581
15.286000,8.720677
15.287000,8.802238
15.288000,8.825676
15.289000,8.822858
15.290000,8.859690
15.291000,8.829227
15.292000,8.769746
15.293000,8.750019
15.294000,8.799209
15.295000,8.872448
15.296000,8.842739
15.297000,8.767424
15.298000,8.861275
15.299000,8.883002
15.300000,8.793755
15.301000,8.725716
15.302000,8.760292
15.303000,8.766974
15.304000,8.707798
15.305000,8.659999
15.306000,8.722011
15.307000,8.783920
15.308000,8.835778
15.309000,8.896437
15.310000,8.891764
15.311000,8.888977
15.312000,8.821379
15.313000,8.874541
15.314000,8.924507
15.315000,8.887961
15.316000,8.854770
15.317000,8.928188
15.318000,8.929936
15.319000,8.967277
15.320000,9.009147
15.321000,9.006362
15.322000,8.989902
15.323000,9.027986
15.324000,9.118338
15.325000,9.070013
15.326000,9.125603
15.327000,9.055015
15.328000,9.038652
15.329000,8.944081
15.330000,8.944559
15.331000,8.999855
15.332000,8.992754
15.333000,9.024026
15.334000,8.978105
15.335000,9.005024
15.336000,9.027437
15.337000,9.015797
15.338000,9.016655
15.339000,8.934736
15.340000,8.887561
15.341000,8.844427
15.342000,8.898728
15.343000,8.897280
15.344000,8.892536
15.345000,8.930450
15.346000,9.059917
15.347000,9.137605
15.348000,9.200467
15.349000,9.150643
15.350000,9.194767
15.351000,9.129510
15.352000,9.182562
15.353000,9.063189
15.354000,9.075432
15.355000,8.957251
15.356000,8.974303
15.357000,8.947384
15.358000,8.989179
15.359000,9.004520
15.360000,8.941652
15.361000,8.879017
15.362000,8.823262
15.363000,8.877895
15.364000,8.867602
15.365000,8.884139
15.366000,8.844450
15.367000,8.826732
15.368000,8.886605
15.369000,8.844937
15.370000,8.932295
15.371000,8.992857
15.372000,8.978335
15.373000,8.941881
15.374000,8.979940
15.375000,8.851986
15.376000,8.795278
15.377000,8.839380
15.378000,8.920975
15.379000,8.878015
15.380000,8.826849
15.381000,8.846815
15.382000,8.827259
15.383000,8.871242
15.384000,8.808291
15.385000,8.818309
15.386000,8.779486
15.387000,8.794441
15.388000,8.856401
15.389000,8.929036
15.390000,8.954508
15.391000,8.978004
15.392000,9.061745
15.393000,8.988129
15.394000,8.982475
15.395000,9.073139
15.396000,9.052342
15.397000,9.054653
15.398000,8.995202
15.399000,9.037216
15.400000,9.025548
15.401000,9.088977
15.402000,9.087906
15.403000,9.063437
15.404000,9.007417
15.405000,8.939252
15.406000,8.953624
15.407000,8.877363
15.408000,8.873683
15.409000,8.856691
15.410000,8.861088
15.411000,8.913609
15.412000,8.845870
15.413000,8.747924
15.414000,8.753815
15.415000,8.716542
15.416000,8.733368
15.417000,8.721467
15.418000,8.742824
15.419000,8.709248
15.420000,8.684350
15.421000,8.680462
15.422000,8.677181
15.423000,8.833319
15.424000,8.845179
15.425000,8.768656
15.426000,8.809950
15.427000,8.806240
15.428000,8.839755
15.429000,8.902436
15.430000,8.856793
15.431000,8.908015
15.432000,8.856117
15.433000,8.915074
15.434000,8.830449
15.435000,8.850249
15.436000,8.851946
15.437000,8.835378
15.438000,8.809122
15.439000,8.814554
15.440000,8.796596
15.441000,8.901779
15.442000,8.917445
15.443000,8.895209
15.444000,8.850128
15.445000,8.742518
15.446000,8.813733
15.447000,8.882186
15.448000,8.903345
15.449000,8.903256
15.450000,8.936540
15.451000,9.013295
15.452000,9.103587
15.453000,9.080220
15.454000,9.083549
15.455000,8.996187
15.456000,8.987249
15.457000,9.076777
15.458000,9.136803
15.459000,9.150821
15.460000,9.170516
15.461000,9.136408
15.462000,9.091769
15.463000,9.204973
15.464000,9.141564
15.465000,9.136070
15.466000,9.161958
15.467000,9.183345
15.468000,9.125402
15.469000,9.136817
15.470000,9.133815
15.471000,9.190301
15.472000,9.106324
15.473000,9.028300
15.474000,9.097411
15.475000,9.031006
15.476000,9.002584
15.477000,8.984603
15.478000,8.898069
15.479000,8.911568
15.480000,8.920893
15.481000,8.867195
15.482000,8.848848
15.483000,8.851127
15.484000,8.811522
15.485000,8.884347
15.486000,8.806582
15.487000,8.824394
15.488000,8.829132
15.489000,8.750726
15.490000,8.677673
15.491000,8.681179
15.492000,8.701240
15.493000,8.559237
15.494000,8.531653
15.495000,8.661731
15.496000,8.659202
15.497000,8.654582
15.498000,8.641626
15.499000,8.657994
15.500000,8.688531
15.501000,8.702477
15.502000,8.723672
15.503000,8.663617
15.504000,8.708617
15.505000,8.757695
15.506000,8.818375
15.507000,8.876007
15.508000,8.860933
15.509000,8.927084
15.510000,8.885373
15.511000,8.865486
15.512000,8.859449
15.513000,8.768109
15.514000,8.833570
15.515000,8.879329
15.516000,8.840152
15.517000,8.917453
15.518000,8.998696
15.519000,8.971471
15.520000,8.955375
15.521000,8.902147
15.522000,8.981107
15.523000,8.940427
15.524000,8.981286
15.525000,8.923016
15.526000,8.967796
15.527000,9.085558
15.528000,9.046109
15.529000,9.103655
15.530000,9.047475
15.531000,9.054460
15.532000,9.036304
15.533000,9.047960
15.534000,9.091899
15.535000,9.129777
15.536000,9.088047
15.537000,9.052468
15.538000,9.003489
15.539000,9.039609
15.540000,9.073917
15.541000,9.043868
15.542000,9.070264
15.543000,9.104573
15.544000,9.121443
15.545000,9.106067
15.546000,9.140053
15.547000,9.192324
15.548000,9.216956
15.549000,9.196482
15.550000,9.268209
15.551000,9.268200
15.552000,9.326799
15.553000,9.227125
15.554000,9.176924
15.555000,9.197555
15.556000,9.119507
15.557000,9.195892
15.558000,9.165971
15.559000,9.142317
15.560000,9.170610
15.561000,9.195993
15.562000,9.166001
15.563000,9.154300
15.564000,9.169124
15.565000,9.209788
15.566000,9.227299
15.567000,9.287078
15.568000,9.316811
15.569000,9.209484
15.570000,9.256476
15.571000,9.288165
15.572000,9.270522
15.573000,9.221060
15.574000,9.146741
15.575000,9.112959
15.576000,9.110704
15.577000,9.149986
15.578000,9.100013
15.579000,9.087242
15.580000,9.177193
15.581000,9.133750
15.582000,9.108220
15.583000,9.206253
15.584000,9.092676
15.585000,9.129711
15.586000,9.057771
15.587000,9.066707
15.588000,9.006019
15.589000,8.985577
15.590000,8.941064
15.591000,8.948007
15.592000,8.995223
15.593000,9.061990
15.594000,9.056919
15.595000,9.007765
15.596000,8.906450
15.597000,8.902226
15.598000,8.824459
15.599000,8.883771
15.600000,8.881484
15.601000,8.829967
15.602000,8.757295
15.603000,8.671792
15.604000,8.738827
15.605000,8.768533
15.606000,8.758619
15.607000,8.715316
15.608000,8.733879
15.609000,8.756579
15.610000,8.722515
15.611000,8.705271
15.612000,8.693757
15.613000,8.654692
15.614000,8.639467
15.615000,8.684660
15.616000,8.653981
15.617000,8.707002
15.618000,8.795476
15.619000,8.682829
15.620000,8.744646
15.621000,8.729889
15.622000,8.624360
15.623000,8.584114
15.624000,8.615256
15.625000,8.628947
15.626000,8.644017
15.627000,8.628028
15.628000,8.649491
15.629000,8.650294
15.630000,8.667215
15.631000,8.595873
15.632000,8.728283
15.633000,8.768182
15.634000,8.713597
15.635000,8.665168
15.636000,8.630183
15.637000,8.739198
15.638000,8.720075
15.639000,8.738006
15.640000,8.854056
15.641000,8.877738
15.642000,8.842756
15.643000,8.835703
15.644000,8.816616
15.645000,8.750250
15.646000,8.819335
15.647000,8.891419
15.648000,8.802371
15.649000,8.799518
15.650000,8.811986
15.651000,8.848664
15.652000,8.752486
15.653000,8.725520
15.654000,8.631491
15.655000,8.612582
15.656000,8.603952
15.657000,8.659550
15.658000,8.669885
15.659000,8.672442
15.660000,8.623222
15.661000,8.608349
15.662000,8.656207
15.663000,8.629808
15.664000,8.562619
15.665000,8.564348
15.666000,8.545331
15.667000,8.580765
15.668000,8.603423
15.669000,8.564975
15.670000,8.524921
15.671000,8.416445
15.672000,8.452679
15.673000,8.508948
15.674000,8.460447
15.675000,8.483871
15.676000,8.488541
15.677000,8.482923
15.678000,8.547093
15.679000,8.507425
15.680000,8.570581
15.681000,8.580398
15.682000,8.726006
15.683000,8.697619
15.684000,8.663798
15.685000,8.608538
15.686000,8.598811
15.687000,8.661878
15.688000,8.603752
15.689000,8.577810
15.690000,8.541715
15.691000,8.534576
15.692000,8.514835
15.693000,8.473971
15.694000,8.409263
15.695000,8.495700
15.696000,8.475333
15.697000,8.459212
15.698000,8.543603
15.699000,8.620828
15.700000,8.590595
15.701000,8.669506
15.702000,8.691706
15.703000,8.721919
15.704000,8.766300
15.705000,8.707173
15.706000,8.728918
15.707000,8.733769
15.708000,8.772886
15.709000,8.749858
15.710000,8.711002
15.711000,8.677563
15.712000,8.697299
15.713000,8.749247
15.714000,8.662489
15.715000,8.661229
15.716000,8.713081
15.717000,8.629126
15.718000,8.648399
15.719000,8.570165
15.720000,8.501921
15.721000,8.522675
15.722000,8.566167
15.723000,8.639719
15.724000,8.666979
15.725000,8.688914
15.726000,8.663025
15.727000,8.681874
15.728000,8.728400
15.729000,8.721808
15.730000,8.704088
15.731000,8.779748
15.732000,8.784676
15.733000,8.703938
15.734000,8.720454
15.735000,8.691949
15.736000,8.730133
15.737000,8.663770
15.738000,8.562493
15.739000,8.567720
15.740000,8.596515
15.741000,8.474069
15.742000,8.596005
15.743000,8.592631
15.744000,8.538298
15.745000,8.574457
15.746000,8.540931
15.747000,8.516343
15.748000,8.490423
15.749000,8.553482
15.750000,8.511422
15.751000,8.492695
15.752000,8.451616
15.753000,8.414794
15.754000,8.374323
15.755000,8.339723
15.756000,8.271007
15.757000,8.263576
15.758000,8.276947
15.759000,8.261796
15.760000,8.190058
15.761000,8.106848
15.762000,8.067225
15.763000,8.016767
15.764000,8.007895
15.765000,8.039361
15.766000,8.022526
15.767000,8.102399
15.768000,8.045702
15.769000,8.023537
15.770000,8.103066
15.771000,8.194319
15.772000,8.171880
15.773000,8.107841
15.774000,8.200421
15.775000,8.210544
15.776000,8.159429
15.777000,8.145366
15.778000,8.285453
15.779000,8.273411
15.780000,8.312683
15.781000,8.268590
15.782000,8.284261
15.783000,8.338200
15.784000,8.360841
15.785000,8.377872
15.786000,8.365172
15.787000,8.388233
15.788000,8.256873
15.789000,8.230951
15.790000,8.266239
15.791000,8.289383
15.792000,8.277834
15.793000,8.345358
15.794000,8.331366
15.795000,8.486151
15.796000,8.592290
15.797000,8.726234
15.798000,8.821408
15.799000,8.835226
15.800000,8.723568
15.801000,8.812270
15.802000,8.846428
15.803000,8.816215
15.804000,8.794157
15.805000,8.741182
15.806000,8.781192
15.807000,8.696226
15.808000,8.744068
15.809000,8.765185
15.810000,8.803010
15.811000,8.761741
15.812000,8.783189
15.813000,8.764633
15.814000,8.779037
15.815000,8.724113
15.816000,8.707381
15.817000,8.690767
15.818000,8.727354
15.819000,8.670999
15.820000,8.560785
15.821000,8.533214
15.822000,8.491229
15.823000,8.466963
15.824000,8.496689
15.825000,8.454227
15.826000,8.454976
15.827000,8.415323
15.828000,8.396601
15.829000,8.408917
15.830000,8.387163
15.831000,8.445476
15.832000,8.478352
15.833000,8.504250
15.834000,8.444283
15.835000,8.436202
15.836000,8.484722
15.837000,8.582604
15.838000,8.487984
15.839000,8.495491
15.840000,8.481987
15.841000,8.460292
15.842000,8.526668
15.843000,8.523395
15.844000,8.445273
15.845000,8.507198
15.846000,8.479705
15.847000,8.455547
15.848000,8.451278
15.849000,8.450773
15.850000,8.476226
15.851000,8.494420
15.852000,8.499659
15.853000,8.544663
15.854000,8.552232
15.855000,8.585010
15.856000,8.589053
15.857000,8.583576
15.858000,8.553832
15.859000,8.635691
15.860000,8.615564
15.861000,8.664949
15.862000,8.722247
15.863000,8.748027
15.864000,8.787523
15.865000,8.876828
15.866000,8.904427
15.867000,8.917558
15.868000,8.972804
15.869000,8.973653
15.870000,8.966870
15.871000,9.053109
15.872000,9.141524
15.873000,9.184664
15.874000,9.177869
15.875000,9.126992
15.876000,9.110880
15.877000,9.092188
15.878000,9.071297
15.879000,9.117499
15.880000,9.129036
15.881000,9.156701
15.882000,9.121735
15.883000,9.061330
15.884000,9.018409
15.885000,8.991497
15.886000,8.985057
15.887000,8.995729
15.888000,9.032947
15.889000,9.129284
15.890000,9.087205
15.891000,9.108975
15.892000,9.228640
15.893000,9.215533
15.894000,9.193303
15.895000,9.216731
15.896000,9.138271
15.897000,9.047851
15.898000,8.997844
15.899000,9.012531
15.900000,8.945179
15.901000,8.889972
15.902000,8.897756
15.903000,8.980108
15.904000,8.962448
15.905000,8.932998
15.906000,8.943149
15.907000,8.896420
15.908000,8.879561
15.909000,8.966746
15.910000,8.993653
15.911000,8.942962
15.912000,8.886730
15.913000,8.928439
15.914000,8.846000
15.915000,8.897928
15.916000,8.916103
15.917000,8.927302
15.918000,8.882547
15.919000,8.987777
15.920000,8.920606
15.921000,8.968302
15.922000,8.993471
15.923000,9.061401
15.924000,9.007965
15.925000,9.001423
15.926000,8.947856
15.927000,8.933950
15.928000,8.955136
15.929000,8.999990
15.930000,8.974695
15.931000,9.099603
15.932000,8.999773
15.933000,8.965181
15.934000,8.884347
15.935000,8.891788
15.936000,8.840983
15.937000,8.855168
15.938000,8.775808
15.939000,8.733921
15.940000,8.823496
15.941000,8.852836
15.942000,8.850146
15.943000,8.857021
15.944000,8.927299
15.945000,8.951938
15.946000,8.907513
15.947000,8.860822
15.948000,8.920254
15.949000,8.914130
15.950000,8.931947
15.951000,8.909844
15.952000,8.999066
15.953000,8.937966
15.954000,8.969872
15.955000,8.931588
15.956000,8.993169
15.957000,8.987681
15.958000,8.998308
15.959000,9.049605
15.960000,9.043976
15.961000,9.099665
15.962000,8.976179
15.963000,8.936781
15.964000,8.971525
15.965000,8.958179
15.966000,8.975572
15.967000,9.079203
15.968000,8.986731
15.969000,8.988537
15.970000,8.877986
15.971000,8.905085
15.972000,8.870342
15.973000,8.903754
15.974000,8.958541
15.975000,9.011242
15.976000,8.974140
15.977000,9.106283
15.978000,9.088002
15.979000,9.090811
15.980000,9.061261
15.981000,9.057196
15.982000,9.082495
15.983000,9.137605
15.984000,9.144044
15.985000,9.083400
15.986000,9.101563
15.987000,9.083182
15.988000,9.133334
15.989000,9.071951
15.990000,9.087695
15.991000,9.042091
15.992000,9.054872
15.993000,9.025736
15.994000,9.141892
15.995000,9.168574
15.996000,9.068170
15.997000,9.147670
15.998000,9.125050
15.999000,9.144875
16.000000,9.096651
16.001000,9.120065
16.002000,9.121162
16.003000,9.066120
16.004000,9.083730
16.005000,9.101352
16.006000,9.119886
16.007000,9.054787
16.008000,8.986157
16.009000,8.965989
16.010000,8.997976
16.011000,8.912329
16.012000,8.911035
16.013000,8.843112
16.014000,8.899039
16.015000,8.919615
16.016000,8.903639
16.017000,8.979232
16.018000,8.992493
16.019000,8.891507
16.020000,8.804870
16.021000,8.782940
16.022000,8.885506
16.023000,8.888276
16.024000,8.851585
16.025000,8.809118
16.026000,8.823247
16.027000,8.768633
16.028000,8.744011
16.029000,8.737014
16.030000,8.736899
16.031000,8.734969
16.032000,8.814957
16.033000,8.887843
16.034000,8.942849
16.035000,8.873185
16.036000,8.916523
16.037000,8.928551
16.038000,8.948227
16.039000,8.968758
16.040000,8.966547
16.041000,9.069989
16.042000,9.086264
16.043000,9.120457
16.044000,9.159018
16.045000,9.175758
16.046000,9.199253
16.047000,9.192561
16.048000,9.179318
16.049000,9.152251
16.050000,9.136997
16.051000,9.106023
16.052000,9.097411
16.053000,9.091405
16.054000,8.998048
16.055000,9.013970
16.056000,9.039607
16.057000,8.994038
16.058000,9.095840
16.059000,9.072239
16.060000,9.140808
16.061000,9.108782
16.062000,9.072005
16.063000,9.009662
16.064000,8.996493
16.065000,8.994724
16.066000,8.904341
16.067000,8.970014
16.068000,9.008068
16.069000,9.043368
16.070000,9.046265
16.071000,9.079428
16.072000,9.074110
16.073000,9.217906
16.074000,9.235763
16.075000,9.260773
16.076000,9.315574
16.077000,9.304488
16.078000,9.290317
16.079000,9.279243
16.080000,9.225727
16.081000,9.205286
16.082000,9.236169
16.083000,9.248120
16.084000,9.269776
16.085000,9.376425
16.086000,9.382274
16.087000,9.378627
16.088000,9.318910
16.089000,9.256199
16.090000,9.230700
16.091000,9.244276
16.092000,9.252034
16.093000,9.260819
16.094000,9.324197
16.095000,9.354776
16.096000,9.321540
16.097000,9.359800
16.098000,9.321819
16.099000,9.314046
16.100000,9.284191
16.101000,9.248637
16.102000,9.274302
16.103000,9.258424
16.104000,9.173581
16.105000,9.139205
16.106000,9.154172
16.107000,9.148183
16.108000,9.208562
16.109000,9.142317
16.110000,9.187821
16.111000,9.153174
16.112000,9.044759
16.113000,9.131399
16.114000,9.176287
16.115000,9.169899
16.116000,9.173088
16.117000,9.111376
16.118000,9.067930
16.119000,9.168721
16.120000,9.069262
16.121000,9.094090
16.122000,9.028340
16.123000,9.006368
16.124000,9.023494
16.125000,9.085700
16.126000,9.064951
16.127000,8.983970
16.128000,9.028297
16.129000,8.984574
16.130000,9.046380
16.131000,8.991186
16.132000,8.968230
16.133000,9.029006
16.134000,9.027987
16.135000,8.870044
16.136000,8.930567
16.137000,8.956187
16.138000,8.943672
16.139000,8.848912
16.140000,8.784239
16.141000,8.783445
16.142000,8.758239
16.143000,8.647380
16.144000,8.630513
16.145000,8.647085
16.146000,8.699474
16.147000,8.687789
16.148000,8.610019
16.149000,8.586845
16.150000,8.501286
16.151000,8.521767
16.152000,8.593746
16.153000,8.562389
16.154000,8.463249
16.155000,8.475131
16.156000,8.458235
16.157000,8.478824
16.158000,8.404079
16.159000,8.396426
16.160000,8.347790
16.161000,8.291138
16.162000,8.335178
16.163000,8.340859
16.164000,8.407965
16.165000,8.375760
16.166000,8.374271
16.167000,8.400718
16.168000,8.439048
16.169000,8.415835
16.170000,8.498354
16.171000,8.434407
16.172000,8.541192
16.173000,8.671740
16.174000,8.754874
16.175000,8.747552
16.176000,8.687039
16.177000,8.615431
16.178000,8.702886
16.179000,8.755112
16.180000,8.796978
16.181000,8.759064
16.182000,8.830079
16.183000,8.986541
16.184000,8.873432
16.185000,8.875882
16.186000,8.840685
16.187000,8.804941
16.188000,8.823100
16.189000,8.873939
16.190000,8.923876
16.191000,8.897180
16.192000,8.995733
16.193000,8.986473
16.194000,8.981663
16.195000,9.044405
16.196000,9.011102
16.197000,9.017851
16.198000,8.944318
16.199000,8.935464
16.200000,9.049547
16.201000,9.130839
16.202000,9.128237
16.203000,9.096425
16.204000,9.105922
16.205000,9.155990
16.206000,9.360559
16.207000,9.292602
16.208000,9.307852
16.209000,9.318707
16.210000,9.236904
16.211000,9.249865
16.212000,9.250160
16.213000,9.270150
16.214000,9.271959
16.215000,9.188440
16.216000,9.183016
16.217000,9.242688
16.218000,9.256134
16.219000,9.373404
16.220000,9.323553
16.221000,9.363355
16.222000,9.343705
16.223000,9.410240
16.224000,9.394061
16.225000,9.466247
16.226000,9.488865
16.227000,9.531384
16.228000,9.417033
16.229000,9.435711
16.230000,9.449148
16.231000,9.451662
16.232000,9.438856
16.233000,9.488793
16.234000,9.401241
16.235000,9.361984
16.236000,9.400323
16.237000,9.448587
16.238000,9.499595
16.239000,9.422956
16.240000,9.379367
16.241000,9.386449
16.242000,9.355655
16.243000,9.275663
16.244000,9.277854
16.245000,9.259768
16.246000,9.262972
16.247000,9.322086
16.248000,9.267921
16.249000,9.228303
16.250000,9.189305
16.251000,9.229712
16.252000,9.226326
16.253000,9.219677
16.254000,9.175810
16.255000,9.099931
16.256000,9.162247
16.257000,9.183681
16.258000,9.274477
16.259000,9.226815
16.260000,9.182668
16.261000,9.224751
16.262000,9.185227
16.263000,9.197979
16.264000,9.143563
16.265000,9.088161
16.266000,9.121715
16.267000,9.100627
16.268000,9.135724
16.269000,9.199565
16.270000,9.202440
16.271000,9.062730
16.272000,8.918247
16.273000,8.939349
16.274000,8.946758
16.275000,8.946389
16.276000,8.980657
16.277000,8.942647
16.278000,8.926646
16.279000,8.810975
16.280000,8.911130
16.281000,8.934830
16.282000,9.018628
16.283000,9.043230
16.284000,9.011450
16.285000,9.106728
16.286000,9.056977
16.287000,9.093043
16.288000,9.093095
16.289000,9.078538
16.290000,9.015470
16.291000,8.955650
16.292000,8.961127
16.293000,9.040667
16.294000,9.101518
16.295000,9.068759
16.296000,8.967037
16.297000,9.029506
16.298000,9.010754
16.299000,9.013261
16.300000,8.872577
16.301000,8.931108
16.302000,9.014695
16.303000,9.101292
16.304000,9.051296
16.305000,9.033227
16.306000,9.100135
16.307000,9.023836
16.308000,9.005150
16.309000,9.058484
16.310000,9.093949
16.311000,9.027106
16.312000,9.063351
16.313000,9.045503
16.314000,9.057593
16.315000,8.996786
16.316000,8.926080
16.317000,8.975089
16.318000,8.916145
16.319000,8.895488
16.320000,8.935759
16.321000,8.934620
16.322000,8.868623
16.323000,8.775860
16.324000,8.826962
16.325000,8.906683
16.326000,9.000864
16.327000,8.944684
16.328000,8.963440
16.329000,8.965097
16.330000,9.026169
16.331000,9.004892
16.332000,9.010152
16.333000,8.955005
16.334000,8.966501
16.335000,9.011734
16.336000,8.988317
16.337000,8.900637
16.338000,8.790918
16.339000,8.839410
16.340000,8.898930
16.341000,8.886639
16.342000,8.875643
16.343000,8.688124
16.344000,8.682391
16.345000,8.728139
16.346000,8.793423
16.347000,8.827268
16.348000,8.808638
16.349000,8.882697
16.350000,8.920794
16.351000,8.854455
16.352000,8.813187
16.353000,8.766540
16.354000,8.819890
16.355000,8.813061
16.356000,8.834328
16.357000,8.792132
16.358000,8.664710
16.359000,8.565476
16.360000,8.599829
16.361000,8.643654
16.362000,8.585199
16.363000,8.601490
16.364000,8.568134
16.365000,8.464866
16.366000,8.495168
16.367000,8.336881
16.368000,8.287170
16.369000,8.382764
16.370000,8.270362
16.371000,8.237539
16.372000,8.231846
16.373000,8.243211
16.374000,8.181789
16.375000,8.157722
16.376000,8.216262
16.377000,8.197448
16.378000,8.245666
16.379000,8.205156
16.380000,8.136357
16.381000,8.164197
16.382000,8.158004
16.383000,8.253591
16.384000,8.280147
16.385000,8.302176
16.386000,8.210009
16.387000,8.250830
16.388000,8.265478
16.389000,8.320323
16.390000,8.384225
16.391000,8.413332
16.392000,8.415029
16.393000,8.427415
16.394000,8.375042
16.395000,8.384604
16.396000,8.306654
16.397000,8.181759
16.398000,8.173239
16.399000,8.092822
16.400000,8.069189
16.401000,7.975422
16.402000,7.964917
16.403000,7.960470
16.404000,7.993309
16.405000,7.905080
16.406000,7.816085
16.407000,7.898479
16.408000,7.937496
16.409000,7.840357
16.410000,7.759529
16.411000,7.807151
16.412000,7.744302
16.413000,7.791939
16.414000,7.840056
16.415000,7.928106
16.416000,7.911926
16.417000,7.860683
16.418000,7.847680
16.419000,7.893183
16.420000,7.820554
16.421000,7.792677
16.422000,7.811817
16.423000,7.797172
16.424000,7.785480
16.425000,7.788462
16.426000,7.809230
16.427000,7.818361
16.428000,7.918417
16.429000,7.846422
16.430000,7.919788
16.431000,7.914833
16.432000,7.917698
16.433000,7.883370
16.434000,7.977928
16.435000,7.881795
16.436000,7.851946
16.437000,7.793807
16.438000,7.795656
16.439000,7.740629
16.440000,7.811757
16.441000,7.859550
16.442000,7.887491
16.443000,7.940394
16.444000,7.891825
16.445000,7.958256
16.446000,7.904135
16.447000,7.936781
16.448000,7.915371
16.449000,7.831049
16.450000,7.702149
16.451000,7.656913
16.452000,7.564668
16.453000,7.532317
16.454000,7.603378
16.455000,7.564575
16.456000,7.484642
16.457000,7.410101
16.458000,7.394715
16.459000,7.434892
16.460000,7.420147
16.461000,7.445784
16.462000,7.457572
16.463000,7.440397
16.464000,7.515409
16.465000,7.452786
16.466000,7.540502
16.467000,7.491040
16.468000,7.494560
16.469000,7.501086
16.470000,7.535673
16.471000,7.686850
16.472000,7.798205
16.473000,7.767241
16.474000,7.794819
16.475000,7.794167
16.476000,7.824157
16.477000,7.827659
16.478000,7.775075
16.479000,7.750934
16.480000,7.779130
16.481000,7.859865
16.482000,7.840324
16.483000,7.819581
16.484000,7.774528
16.485000,7.793203
16.486000,7.721658
16.487000,7.642714
16.488000,7.699396
16.489000,7.709421
16.490000,7.648832
16.491000,7.554468
16.492000,7.601839
16.493000,7.600861
16.494000,7.659739
16.495000,7.617007
16.496000,7.562748
16.497000,7.562217
16.498000,7.525027
16.499000,7.558604
16.500000,7.570427
16.501000,7.736507
16.502000,7.836383
16.503000,7.822184
16.504000,7.812352
16.505000,7.673678
16.506000,7.697787
16.507000,7.752110
16.508000,7.685612
16.509000,7.638508
16.510000,7.626779
16.511000,7.572758
16.512000,7.693431
16.513000,7.706497
16.514000,7.655700
16.515000,7.673108
16.516000,7.673031
16.517000,7.652422
16.518000,7.653983
16.519000,7.661532
16.520000,7.755470
16.521000,7.739646
16.522000,7.767616
16.523000,7.793243
16.524000,7.747476
16.525000,7.833059
16.526000,7.835781
16.527000,7.750811
16.528000,7.760668
16.529000,7.785660
16.530000,7.813561
16.531000,7.882630
16.532000,7.991585
16.533000,7.931187
16.534000,7.875716
16.535000,7.834529
16.536000,7.789005
16.537000,7.739961
16.538000,7.756706
16.539000,7.694634
16.540000,7.693667
16.541000,7.703617
16.542000,7.682234
16.543000,7.611785
16.544000,7.658800
16.545000,7.629054
16.546000,7.599777
16.547000,7.599436
16.548000,7.387787
16.549000,7.400146
16.550000,7.399780
16.551000,7.458441
16.552000,7.474829
16.553000,7.503786
16.554000,7.519693
16.555000,7.499136
16.556000,7.481521
16.557000,7.496316
16.558000,7.497568
16.559000,7.516260
16.560000,7.496117
16.561000,7.478912
16.562000,7.468039
16.563000,7.482211
16.564000,7.478946
16.565000,7.578234
16.566000,7.566023
16.567000,7.591907
16.568000,7.595253
16.569000,7.601546
16.570000,7.617900
16.571000,7.568416
16.572000,7.529830
16.573000,7.448243
16.574000,7.436665
16.575000,7.466506
16.576000,7.305916
16.577000,7.231613
16.578000,7.265364
16.579000,7.249894
16.580000,7.202784
16.581000,7.238073
16.582000,7.241993
16.583000,7.223105
16.584000,7.185804
16.585000,7.111320
16.586000,7.159391
16.587000,7.200945
16.588000,7.175549
16.589000,7.151395
16.590000,7.106843
16.591000,7.043310
16.592000,7.120141
16.593000,7.172809
16.594000,7.086512
16.595000,7.127274
16.596000,7.039460
16.597000,6.995384
16.598000,6.959570
16.599000,6.963985
16.600000,6.994091
16.601000,7.038731
16.602000,6.981938
16.603000,7.002003
16.604000,7.044147
16.605000,7.050170
16.606000,6.994781
16.607000,7.036115
16.608000,7.147800
16.609000,7.172381
16.610000,7.176398
16.611000,7.203580
16.612000,7.260945
16.613000,7.181525
16.614000,7.172628
16.615000,7.129391
16.616000,7.147915
16.617000,7.070649
16.618000,7.045501
16.619000,7.093765
16.620000,7.164988
16.621000,7.061353
16.622000,7.105762
16.623000,7.016735
16.624000,6.909362
16.625000,6.892472
16.626000,6.849016
16.627000,6.827294
16.628000,6.779031
16.629000,6.772703
16.630000,6.793942
16.631000,6.806131
16.632000,6.888145
16.633000,6.906571
16.634000,6.973049
16.635000,6.970888
16.636000,6.990629
16.637000,7.006201
16.638000,7.008030
16.639000,6.908985
16.640000,6.996105
16.641000,6.995185
16.642000,6.943094
16.643000,6.929747
16.644000,6.934177
16.645000,6.908399
16.646000,6.798879
16.647000,6.731319
16.648000,6.774526
16.649000,6.849616
16.650000,6.895822
16.651000,6.877480
16.652000,6.841854
16.653000,6.892563
16.654000,6.886211
16.655000,6.977235
16.656000,7.001697
16.657000,7.020624
16.658000,7.061000
16.659000,7.090072
16.660000,7.094059
16.661000,7.093578
16.662000,7.220281
16.663000,7.191036
16.664000,7.241895
16.665000,7.301741
16.666000,7.250221
16.667000,7.223791
16.668000,7.237709
16.669000,7.233069
16.670000,7.289455
16.671000,7.184503
16.672000,7.218385
16.673000,7.256814
16.674000,7.291771
16.675000,7.372133
16.676000,7.417328
16.677000,7.368437
16.678000,7.412688
16.679000,7.394115
16.680000,7.342527
16.681000,7.368691
16.682000,7.415924
16.683000,7.426012
16.684000,7.512325
16.685000,7.432100
16.686000,7.404122
16.687000,7.339835
16.688000,7.388544
16.689000,7.327040
16.690000,7.217541
16.691000,7.174988
16.692000,7.121710
16.693000,7.109216
16.694000,7.036100
16.695000,7.037347
16.696000,7.015252
16.697000,7.001916
16.698000,6.948069
16.699000,6.942665
16.700000,6.935650
16.701000,6.923719
16.702000,6.988095
16.703000,7.070164
16.704000,6.925664
16.705000,6.934741
16.706000,6.911710
16.707000,6.809852
16.708000,6.837716
16.709000,6.900569
16.710000,6.893724
16.711000,6.945843
16.712000,6.901941
16.713000,6.922481
16.714000,6.927188
16.715000,6.980838
16.716000,6.989213
16.717000,6.977222
16.718000,7.065032
16.719000,7.096907
16.720000,7.061755
16.721000,7.096396
16.722000,7.022236
16.723000,7.001854
16.724000,6.946741
16.725000,6.956230
16.726000,6.771634
16.727000,6.829489
16.728000,6.947321
16.729000,6.975002
16.730000,7.067672
16.731000,7.059021
16.732000,7.090606
16.733000,6.941747
16.734000,6.931657
16.735000,6.894945
16.736000,6.949521
16.737000,6.943022
16.738000,6.825827
16.739000,6.786029
16.740000,6.758976
16.741000,6.727344
16.742000,6.677791
16.743000,6.740889
16.744000,6.773331
16.745000,6.810663
16.746000,6.799156
16.747000,6.807464
16.748000,6.801521
16.749000,6.705939
16.750000,6.618990
16.751000,6.599502
16.752000,6.637438
16.753000,6.527057
16.754000,6.514980
16.755000,6.528577
16.756000,6.570633
16.757000,6.604201
16.758000,6.619145
16.759000,6.650828
16.760000,6.608467
16.761000,6.607629
16.762000,6.633160
16.763000,6.718361
16.764000,6.780234
16.765000,6.802277
16.766000,6.860503
16.767000,6.814054
16.768000,6.743219
16.769000,6.730625
16.770000,6.703539
16.771000,6.647371
16.772000,6.606443
16.773000,6.521077
16.774000,6.553739
16.775000,6.539279
16.776000,6.542134
16.777000,6.473189
16.778000,6.459169
16.779000,6.425151
16.780000,6.387469
16.781000,6.385783
16.782000,6.369440
16.783000,6.402666
16.784000,6.292779
16.785000,6.305060
16.786000,6.283030
16.787000,6.270252
16.788000,6.405094
16.789000,6.462888
16.790000,6.400064
16.791000,6.383137
16.792000,6.412085
16.793000,6.495523
16.794000,6.472443
16.795000,6.472671
16.796000,6.473516
16.797000,6.464304
16.798000,6.471753
16.799000,6.378312
16.800000,6.387983
16.801000,6.364261
16.802000,6.344241
16.803000,6.350664
16.804000,6.362858
16.805000,6.436493
16.806000,6.406247
16.807000,6.317406
16.808000,6.255088
16.809000,6.212519
16.810000,6.204236
16.811000,6.229251
16.812000,6.285028
16.813000,6.329244
16.814000,6.407841
16.815000,6.407597
16.816000,6.361926
16.817000,6.324172
16.818000,6.345294
16.819000,6.295638
16.820000,6.206062
16.821000,6.266180
16.822000,6.348714
16.823000,6.361059
16.824000,6.370138
16.825000,6.341178
16.826000,6.338159
16.827000,6.242960
16.828000,6.221409
16.829000,6.150350
16.830000,6.177502
16.831000,6.241907
16.832000,6.175935
16.833000,6.256649
16.834000,6.348795
16.835000,6.350825
16.836000,6.359317
16.837000,6.302710
16.838000,6.204275
16.839000,6.285977
16.840000,6.299673
16.841000,6.356706
16.842000,6.439062
16.843000,6.456800
16.844000,6.497692
16.845000,6.467672
16.846000,6.490216
16.847000,6.484620
16.848000,6.462805
16.849000,6.398318
16.850000,6.344214
16.851000,6.358944
16.852000,6.367912
16.853000,6.413446
16.854000,6.408509
16.855000,6.441306
16.856000,6.465909
16.857000,6.417981
16.858000,6.347982
16.859000,6.258302
16.860000,6.330544
16.861000,6.331646
16.862000,6.411390
16.863000,6.382299
16.864000,6.415019
16.865000,6.332517
16.866000,6.249700
16.867000,6.158616
16.868000,6.133027
16.869000,6.048570
16.870000,6.009360
16.871000,5.982177
16.872000,5.941805
16.873000,5.859062
16.874000,5.855016
16.875000,5.872223
16.876000,5.874818
16.877000,5.909992
16.878000,5.896756
16.879000,5.858473
16.880000,5.775168
16.881000,5.815667
16.882000,5.840089
16.883000,5.892320
16.884000,5.803071
16.885000,5.853091
16.886000,5.929030
16.887000,5.959376
16.888000,5.988813
16.889000,5.986882
16.890000,6.011521
16.891000,6.046666
16.892000,6.046840
16.893000,6.048443
16.894000,6.140380
16.895000,6.028294
16.896000,6.006972
16.897000,6.027460
16.898000,6.059665
16.899000,6.027721
16.900000,6.090561
16.901000,6.131932
16.902000,6.102616
16.903000,6.126128
16.904000,6.127776
16.905000,6.126473
16.906000,6.113121
16.907000,6.119625
16.908000,6.133612
16.909000,6.101053
16.910000,6.220475
16.911000,6.054366
16.912000,6.072705
16.913000,6.179276
16.914000,6.278425
16.915000,6.369498
16.916000,6.309203
16.917000,6.314944
16.918000,6.303853
16.919000,6.285743
16.920000,6.310046
16.921000,6.353528
16.922000,6.353126
16.923000,6.318905
16.924000,6.364619
16.925000,6.326919
16.926000,6.335807
16.927000,6.294904
16.928000,6.255603
16.929000,6.255209
16.930000,6.329255
16.931000,6.277585
16.932000,6.296112
16.933000,6.272625
16.934000,6.308024
16.935000,6.186266
16.936000,6.322207
16.937000,6.266774
16.938000,6.232248
16.939000,6.158481
16.940000,6.210256
16.941000,6.185243
16.942000,6.157781
16.943000,6.168904
16.944000,6.154284
16.945000,6.189661
16.946000,6.232771
16.947000,6.241395
16.948000,6.192084
16.949000,6.143500
16.950000,6.005986
16.951000,6.150914
16.952000,6.177423
16.953000,6.234069
16.954000,6.232587
16.955000,6.261521
16.956000,6.313696
16.957000,6.357277
16.958000,6.418111
16.959000,6.358900
16.960000,6.436618
16.961000,6.411257
16.962000,6.514261
16.963000,6.557032
16.964000,6.478786
16.965000,6.552309
16.966000,6.625467
16.967000,6.687169
16.968000,6.774055
16.969000,6.919512
16.970000,7.055028
16.971000,7.032541
16.972000,7.018725
16.973000,7.008715
16.974000,7.017227
16.975000,6.944643
16.976000,6.897731
16.977000,6.914162
16.978000,6.865945
16.979000,6.887804
16.980000,6.853639
16.981000,6.933594
16.982000,7.023972
16.983000,7.060965
16.984000,7.001803
16.985000,6.982729
16.986000,6.895327
16.987000,6.855368
16.988000,6.958096
16.989000,7.054260
16.990000,7.031921
16.991000,7.088026
16.992000,7.163616
16.993000,7.216700
16.994000,7.262711
16.995000,7.257996
16.996000,7.228308
16.997000,7.216396
16.998000,7.178704
16.999000,7.209106
17.000000,7.168598
17.001000,7.144968
17.002000,7.076641
17.003000,7.098050
17.004000,7.092069
17.005000,7.002810
17.006000,7.003763
17.007000,6.876573
17.008000,6.943867
17.009000,6.933635
17.010000,7.014656
17.011000,7.174147
17.012000,7.148017
17.013000,7.086431
17.014000,7.106111
17.015000,7.176473
17.016000,7.073049
17.017000,7.168992
17.018000,7.155614
17.019000,7.243268
17.020000,7.245189
17.021000,7.247235
17.022000,7.194358
17.023000,7.150007
17.024000,7.216917
17.025000,7.227404
17.026000,7.147984
17.027000,7.179902
17.028000,7.152695
17.029000,7.124596
17.030000,7.094454
17.031000,7.118814
17.032000,7.092016
17.033000,7.179735
17.034000,7.141414
17.035000,7.151640
17.036000,7.108434
17.037000,7.142157
17.038000,7.202080
17.039000,7.098036
17.040000,7.129109
17.041000,7.101056
17.042000,7.109084
17.043000,7.173379
17.044000,7.144183
17.045000,7.256098
17.046000,7.254779
17.047000,7.147371
17.048000,7.210003
17.049000,7.246702
17.050000,7.180157
17.051000,7.183226
17.052000,7.118443
17.053000,7.170158
17.054000,7.137222
17.055000,7.187704
17.056000,7.172177
17.057000,7.200730
17.058000,7.256973
17.059000,7.290778
17.060000,7.276036
17.061000,7.280970
17.062000,7.211219
17.063000,7.162669
17.064000,7.130958
17.065000,7.165456
17.066000,7.183148
17.067000,7.132005
17.068000,7.116485
17.069000,7.146830
17.070000,7.227106
17.071000,7.347072
17.072000,7.381116
17.073000,7.363299
17.074000,7.395681
17.075000,7.490847
17.076000,7.588031
17.077000,7.568253
17.078000,7.583539
17.079000,7.624635
17.080000,7.704649
17.081000,7.770917
17.082000,7.777039
17.083000,7.827064
17.084000,7.817392
17.085000,7.774346
17.086000,7.785474
17.087000,7.751282
17.088000,7.816364
17.089000,7.694916
17.090000,7.628925
17.091000,7.635815
17.092000,7.702508
17.093000,7.724088
17.094000,7.732702
17.095000,7.730124
17.096000,7.823572
17.097000,7.680035
17.098000,7.592314
17.099000,7.563486
17.100000,7.602527
17.101000,7.629135
17.102000,7.581988
17.103000,7.605334
17.104000,7.702905
17.105000,7.725893
17.106000,7.731627
17.107000,7.701192
17.108000,7.714164
17.109000,7.645751
17.110000,7.617195
17.111000,7.657898
17.112000,7.656647
17.113000,7.613837
17.114000,7.708475
17.115000,7.718837
17.116000,7.700253
17.117000,7.729740
17.118000,7.853040
17.119000,7.842394
17.120000,7.825040
17.121000,7.903897
17.122000,7.924734
17.123000,7.956550
17.124000,7.908024
17.125000,7.990155
17.126000,7.984154
17.127000,7.993438
17.128000,7.931087
17.129000,7.979026
17.130000,7.961702
17.131000,7.928343
17.132000,7.961659
17.133000,7.970602
17.134000,7.916563
17.135000,7.865816
17.136000,7.861196
17.137000,8.001676
17.138000,7.995552
17.139000,8.121992
17.140000,8.139126
17.141000,8.110310
17.142000,8.136315
17.143000,8.161418
17.144000,8.228215
17.145000,8.155056
17.146000,8.168809
17.147000,8.166346
17.148000,8.155141
17.149000,8.122757
17.150000,8.092743
17.151000,8.100496
17.152000,8.139632
17.153000,8.128468
17.154000,8.163449
17.155000,8.081772
17.156000,8.204300
17.157000,8.184531
17.158000,8.181133
17.159000,8.204643
17.160000,8.117505
17.161000,8.109049
17.162000,8.077842
17.163000,8.064420
17.164000,8.086900
17.165000,8.117676
17.166000,8.035616
17.167000,8.061268
17.168000,8.074547
17.169000,8.088802
17.170000,8.137398
17.171000,8.061813
17.172000,8.074997
17.173000,8.114717
17.174000,8.086152
17.175000,8.081896
17.176000,8.069924
17.177000,8.078507
17.178000,8.007688
17.179000,8.012399
17.180000,8.001602
17.181000,8.003287
17.182000,7.982453
17.183000,7.974871
17.184000,7.948002
17.185000,7.955736
17.186000,8.015787
17.187000,7.992415
17.188000,7.946586
17.189000,7.894036
17.190000,7.888876
17.191000,7.850720
17.192000,7.875580
17.193000,7.868368
17.194000,7.935117
17.195000,7.923699
17.196000,8.033403
17.197000,8.123214
17.198000,8.069677
17.199000,8.133566
17.200000,8.172774
17.201000,8.249090
17.202000,8.222045
17.203000,8.296850
17.204000,8.266351
17.205000,8.265539
17.206000,8.281808
17.207000,8.332393
17.208000,8.314246
17.209000,8.270877
17.210000,8.273029
17.211000,8.267001
17.212000,8.143495
17.213000,8.153114
17.214000,8.214833
17.215000,8.258833
17.216000,8.224269
17.217000,8.312956
17.218000,8.261932
17.219000,8.280268
17.220000,8.296321
17.221000,8.345042
17.222000,8.296792
17.223000,8.314782
17.224000,8.318780
17.225000,8.337822
17.226000,8.289902
17.227000,8.216931
17.228000,8.207014
17.229000,8.169018
17.230000,8.177681
17.231000,8.060697
17.232000,8.073889
17.233000,7.893244
17.234000,7.856044
17.235000,7.882863
17.236000,7.874830
17.237000,7.870365
17.238000,7.825759
17.239000,7.867129
17.240000,7.849614
17.241000,7.958219
17.242000,7.849939
17.243000,7.827885
17.244000,7.837003
17.245000,7.967055
17.246000,8.008073
17.247000,7.976751
17.248000,8.098177
17.249000,8.235243
17.250000,8.260111
17.251000,8.401450
17.252000,8.376109
17.253000,8.351463
17.254000,8.424808
17.255000,8.428452
17.256000,8.390703
17.257000,8.358011
17.258000,8.327775
17.259000,8.322498
17.260000,8.337128
17.261000,8.399729
17.262000,8.388746
17.263000,8.410863
17.264000,8.440915
17.265000,8.481780
17.266000,8.548643
17.267000,8.531450
17.268000,8.629343
17.269000,8.589737
17.270000,8.536752
17.271000,8.665739
17.272000,8.694045
17.273000,8.722047
17.274000,8.704817
17.275000,8.707033
17.276000,8.674835
17.277000,8.701714
17.278000,8.686290
17.279000,8.651164
17.280000,8.681106
17.281000,8.687874
17.282000,8.612831
17.283000,8.583904
17.284000,8.604860
17.285000,8.539937
17.286000,8.450891
17.287000,8.419954
17.288000,8.397507
17.289000,8.403764
17.290000,8.358842
17.291000,8.317612
17.292000,8.357987
17.293000,8.372369
17.294000,8.362028
17.295000,8.437857
17.296000,8.493906
17.297000,8.504715
17.298000,8.507665
17.299000,8.583095
17.300000,8.620457
17.301000,8.620453
17.302000,8.583778
17.303000,8.625871
17.304000,8.620314
17.305000,8.523328
17.306000,8.457673
17.307000,8.469917
17.308000,8.503781
17.309000,8.531626
17.310000,8.552433
17.311000,8.437628
17.312000,8.543317
17.313000,8.500245
17.314000,8.502298
17.315000,8.430285
17.316000,8.430620
17.317000,8.384257
17.318000,8.350612
17.319000,8.345162
17.320000,8.310752
17.321000,8.287545
17.322000,8.311119
17.323000,8.335346
17.324000,8.320942
17.325000,8.242380
17.326000,8.247207
17.327000,8.298924
17.328000,8.266841
17.329000,8.346918
17.330000,8.379464
17.331000,8.438971
17.332000,8.439887
17.333000,8.438950
17.334000,8.502010
17.335000,8.526422
17.336000,8.576407
17.337000,8.506199
17.338000,8.495998
17.339000,8.543767
17.340000,8.570191
17.341000,8.486912
17.342000,8.539541
17.343000,8.585820
17.344000,8.532974
17.345000,8.543890
17.346000,8.591195
17.347000,8.582153
17.348000,8.593570
17.349000,8.564145
17.350000,8.502586
17.351000,8.510218
17.352000,8.632271
17.353000,8.599473
17.354000,8.562286
17.355000,8.535005
17.356000,8.536333
17.357000,8.445240
17.358000,8.563902
17.359000,8.530374
17.360000,8.519732
17.361000,8.510426
17.362000,8.483236
17.363000,8.478249
17.364000,8.446135
17.365000,8.518963
17.366000,8.490718
17.367000,8.557669
17.368000,8.589862
17.369000,8.723056
17.370000,8.586031
17.371000,8.592287
17.372000,8.542479
17.373000,8.496531
17.374000,8.538036
17.375000,8.480854
17.376000,8.490859
17.377000,8.467125
17.378000,8.457795
17.379000,8.304235
17.380000,8.320470
17.381000,8.316067
17.382000,8.410849
17.383000,8.391770
17.384000,8.313236
17.385000,8.282367
17.386000,8.313089
17.387000,8.315125
17.388000,8.311767
17.389000,8.395202
17.390000,8.502969
17.391000,8.420379
17.392000,8.507346
17.393000,8.585019
17.394000,8.572173
17.395000,8.615265
17.396000,8.625076
17.397000,8.631290
17.398000,8.693668
17.399000,8.748140
17.400000,8.645466
17.401000,8.710676
17.402000,8.773562
17.403000,8.738312
17.404000,8.745574
17.405000,8.700222
17.406000,8.739876
17.407000,8.829115
17.408000,8.833767
17.409000,8.796427
17.410000,8.851701
17.411000,8.868169
17.412000,8.883639
17.413000,8.851152
17.414000,8.879751
17.415000,8.880473
17.416000,8.935812
17.417000,9.083385
17.418000,9.051575
17.419000,8.955468
17.420000,8.938430
17.421000,8.931357
17.422000,8.888772
17.423000,8.891410
17.424000,8.829884
17.425000,8.805080
17.426000,8.740323
17.427000,8.691563
17.428000,8.552324
17.429000,8.553444
17.430000,8.656207
17.431000,8.681815
17.432000,8.725002
17.433000,8.731308
17.434000,8.745315
17.435000,8.836426
17.436000,8.904023
17.437000,8.854996
17.438000,8.643955
17.439000,8.579772
17.440000,8.591558
17.441000,8.635527
17.442000,8.512683
17.443000,8.506499
17.444000,8.510380
17.445000,8.545979
17.446000,8.510616
17.447000,8.499783
17.448000,8.558662
17.449000,8.525686
17.450000,8.555817
17.451000,8.510408
17.452000,8.608582
17.453000,8.568238
17.454000,8.625935
17.455000,8.684510
17.456000,8.676944
17.457000,8.682629
17.458000,8.698470
17.459000,8.705878
17.460000,8.591975
17.461000,8.662748
17.462000,8.685070
17.463000,8.665988
17.464000,8.669742
17.465000,8.598814
17.466000,8.419557
17.467000,8.403780
17.468000,8.383066
17.469000,8.489965
17.470000,8.518480
17.471000,8.470966
17.472000,8.472273
17.473000,8.404380
17.474000,8.469021
17.475000,8.479007
17.476000,8.587572
17.477000,8.507587
17.478000,8.414455
17.479000,8.388689
17.480000,8.375901
17.481000,8.352609
17.482000,8.307256
17.483000,8.278454
17.484000,8.202938
17.485000,8.236230
17.486000,8.204519
17.487000,8.268208
17.488000,8.286050
17.489000,8.319835
17.490000,8.344183
17.491000,8.490955
17.492000,8.474308
17.493000,8.534674
17.494000,8.569456
17.495000,8.579401
17.496000,8.533126
17.497000,8.551848
17.498000,8.538791
17.499000,8.537178
17.500000,8.498708
17.501000,8.523741
17.502000,8.500883
17.503000,8.407615
17.504000,8.423305
17.505000,8.408958
17.506000,8.385083
17.507000,8.330654
17.508000,8.332378
17.509000,8.382164
17.510000,8.393733
17.511000,8.265979
17.512000,8.310580
17.513000,8.365508
17.514000,8.452343
17.515000,8.496098
17.516000,8.588149
17.517000,8.600865
17.518000,8.542883
17.519000,8.546102
17.520000,8.563875
17.521000,8.545605
17.522000,8.469046
17.523000,8.510880
17.524000,8.547029
17.525000,8.525869
17.526000,8.486903
17.527000,8.456780
17.528000,8.542443
17.529000,8.491309
17.530000,8.438080
17.531000,8.527905
17.532000,8.603460
17.533000,8.618953
17.534000,8.579879
17.535000,8.493343
17.536000,8.498104
17.537000,8.518295
17.538000,8.468704
17.539000,8.425883
17.540000,8.359539
17.541000,8.302898
17.542000,8.293886
17.543000,8.327852
17.544000,8.404738
17.545000,8.461528
17.546000,8.521100
17.547000,8.466969
17.548000,8.518433
17.549000,8.465200
17.550000,8.486250
17.551000,8.485635
17.552000,8.442577
17.553000,8.450605
17.554000,8.342390
17.555000,8.358378
17.556000,8.336942
17.557000,8.415520
17.558000,8.460566
17.559000,8.467435
17.560000,8.499843
17.561000,8.565905
17.562000,8.537162
17.563000,8.566326
17.564000,8.628622
17.565000,8.588961
17.566000,8.620900
17.567000,8.515056
17.568000,8.622222
17.569000,8.645431
17.570000,8.789788
17.571000,8.823235
17.572000,8.771279
17.573000,8.796644
17.574000,8.805850
17.575000,8.851073
17.576000,8.911065
17.577000,8.972650
17.578000,8.911206
17.579000,8.914408
17.580000,8.843528
17.581000,8.786331
17.582000,8.883096
17.583000,8.894863
17.584000,8.910741
17.585000,8.826410
17.586000,8.817893
17.587000,8.747233
17.588000,8.761349
17.589000,8.733373
17.590000,8.757138
17.591000,8.819757
17.592000,8.782028
17.593000,8.733545
17.594000,8.799935
17.595000,8.675397
17.596000,8.648803
17.597000,8.717971
17.598000,8.682530
17.599000,8.597052
17.600000,8.518078
17.601000,8.506637
17.602000,8.412617
17.603000,8.421328
17.604000,8.363466
17.605000,8.344724
17.606000,8.218162
17.607000,8.225961
17.608000,8.318587
17.609000,8.257247
17.610000,8.262432
17.611000,8.305238
17.612000,8.199394
17.613000,8.240890
17.614000,8.312736
17.615000,8.341485
17.616000,8.407865
17.617000,8.460394
17.618000,8.412336
17.619000,8.421056
17.620000,8.395274
17.621000,8.442677
17.622000,8.474532
17.623000,8.524740
17.624000,8.473833
17.625000,8.483620
17.626000,8.455535
17.627000,8.481184
17.628000,8.565612
17.629000,8.577794
17.630000,8.602951
17.631000,8.521696
17.632000,8.551541
17.633000,8.604512
17.634000,8.631008
17.635000,8.637229
17.636000,8.686761
17.637000,8.710517
17.638000,8.794268
17.639000,8.729136
17.640000,8.727729
17.641000,8.768137
17.642000,8.769928
17.643000,8.756132
17.644000,8.748464
17.645000,8.726998
17.646000,8.753790
17.647000,8.795618
17.648000,8.983890
17.649000,8.974307
17.650000,9.019355
17.651000,8.926704
17.652000,8.986393
17.653000,8.927817
17.654000,8.905185
17.655000,8.940863
17.656000,8.913712
17.657000,8.893777
17.658000,8.919947
17.659000,8.920973
17.660000,8.939384
17.661000,8.918407
17.662000,8.910890
17.663000,8.947062
17.664000,8.934641
17.665000,9.012181
17.666000,8.963205
17.667000,8.942617
17.668000,9.077381
17.669000,9.098732
17.670000,9.121492
17.671000,9.114479
17.672000,9.020859
17.673000,8.968554
17.674000,9.041043
17.675000,8.968080
17.676000,8.956050
17.677000,9.014892
17.678000,9.042018
17.679000,9.076663
17.680000,8.989673
17.681000,8.959595
17.682000,9.056169
17.683000,8.967135
17.684000,8.941517
17.685000,8.945828
17.686000,8.857531
17.687000,8.781186
17.688000,8.720200
17.689000,8.736819
17.690000,8.773453
17.691000,8.624585
17.692000,8.540854
17.693000,8.433897
17.694000,8.312426
17.695000,8.267937
17.696000,8.243417
17.697000,8.238773
17.698000,8.202907
17.699000,8.225518
17.700000,8.252634
17.701000,8.238499
17.702000,8.294129
17.703000,8.390952
17.704000,8.344504
17.705000,8.286932
17.706000,8.250248
17.707000,8.200488
17.708000,8.298654
17.709000,8.195048
17.710000,8.162214
17.711000,8.169164
17.712000,8.085023
17.713000,8.107593
17.714000,8.074975
17.715000,8.188371
17.716000,8.125439
17.717000,8.138046
17.718000,8.078506
17.719000,8.044303
17.720000,8.067373
17.721000,8.042363
17.722000,8.035154
17.723000,7.917731
17.724000,7.925719
17.725000,7.988217
17.726000,7.941855
17.727000,7.931169
17.728000,7.915198
17.729000,7.980723
17.730000,8.059861
17.731000,8.065804
17.732000,8.167811
17.733000,8.167160
17.734000,8.242812
17.735000,8.237337
17.736000,8.202635
17.737000,8.235556
17.738000,8.166432
17.739000,7.998649
17.740000,8.041959
17.741000,7.994094
17.742000,8.003387
17.743000,8.027799
17.744000,7.976613
17.745000,7.919490
17.746000,7.942426
17.747000,7.941382
17.748000,7.956402
17.749000,7.857856
17.750000,7.851571
17.751000,7.836859
17.752000,7.831500
17.753000,7.694217
17.754000,7.702630
17.755000,7.649481
17.756000,7.677548
17.757000,7.771240
17.758000,7.758321
17.759000,7.751261
17.760000,7.739817
17.761000,7.691608
17.762000,7.726837
17.763000,7.821403
17.764000,7.771039
17.765000,7.787325
17.766000,7.755425
17.767000,7.713366
17.768000,7.641727
17.769000,7.559193
17.770000,7.579313
17.771000,7.602150
17.772000,7.647840
17.773000,7.655200
17.774000,7.578779
17.775000,7.587956
17.776000,7.582058
17.777000,7.545792
17.778000,7.499763
17.779000,7.443472
17.780000,7.414138
17.781000,7.390512
17.782000,7.512456
17.783000,7.537210
17.784000,7.523936
17.785000,7.446083
17.786000,7.384893
17.787000,7.428446
17.788000,7.365740
17.789000,7.358077
17.790000,7.381544
17.791000,7.292838
17.792000,7.335763
17.793000,7.270610
17.794000,7.205667
17.795000,7.098228
17.796000,7.124574
17.797000,7.053883
17.798000,7.041749
17.799000,6.938178
17.800000,6.948498
17.801000,6.924318
17.802000,6.901135
17.803000,7.005221
17.804000,7.008804
17.805000,6.949276
17.806000,6.960017
17.807000,7.070205
17.808000,7.010920
17.809000,7.008708
17.810000,7.004254
17.811000,6.948353
17.812000,6.903840
17.813000,6.954566
17.814000,6.931000
17.815000,6.897726
17.816000,6.986678
17.817000,7.033749
17.818000,7.042682
17.819000,6.937077
17.820000,6.942101
17.821000,6.897384
17.822000,6.860179
17.823000,6.857376
17.824000,6.871232
17.825000,6.851494
17.826000,6.880831
17.827000,6.922975
17.828000,6.994129
17.829000,6.981723
17.830000,6.975300
17.831000,7.011417
17.832000,7.001748
17.833000,6.864188
17.834000,6.923661
17.835000,7.023576
17.836000,7.066269
17.837000,7.046149
17.838000,7.019411
17.839000,7.025496
17.840000,7.019339
17.841000,6.997137
17.842000,6.958442
17.843000,6.823024
17.844000,6.811642
17.845000,6.823091
17.846000,6.921446
17.847000,6.888995
17.848000,6.815609
17.849000,6.794783
17.850000,6.792922
17.851000,6.801575
17.852000,6.745753
17.853000,6.779157
17.854000,6.749250
17.855000,6.771245
17.856000,6.775820
17.857000,6.767061
17.858000,6.799643
17.859000,6.784811
17.860000,6.863411
17.861000,6.724411
17.862000,6.720137
17.863000,6.716992
17.864000,6.760204
17.865000,6.789501
17.866000,6.856691
17.867000,6.823382
17.868000,6.809280
17.869000,6.827378
17.870000,6.753847
17.871000,6.773893
17.872000,6.791444
17.873000,6.844341
17.874000,6.774138
17.875000,6.871491
17.876000,6.934151
17.877000,6.972240
17.878000,6.954694
17.879000,6.947122
17.880000,6.874160
17.881000,6.883767
17.882000,6.848839
17.883000,6.748576
17.884000,6.812215
17.885000,6.690136
17.886000,6.691720
17.887000,6.708209
17.888000,6.791253
17.889000,6.898623
17.890000,6.915985
17.891000,6.877138
17.892000,6.820660
17.893000,6.843916
17.894000,6.897491
17.895000,6.941883
17.896000,6.877506
17.897000,6.876839
17.898000,6.780577
17.899000,6.794837
17.900000,6.785450
17.901000,6.770425
17.902000,6.836247
17.903000,6.817084
17.904000,6.919918
17.905000,6.908527
17.906000,6.971797
17.907000,7.037377
17.908000,6.983655
17.909000,6.925008
17.910000,6.886009
17.911000,6.846590
17.912000,6.869736
17.913000,6.866763
17.914000,6.846145
17.915000,6.898765
17.916000,6.841987
17.917000,6.891499
17.918000,6.699737
17.919000,6.756913
17.920000,6.708326
17.921000,6.715200
17.922000,6.776244
17.923000,6.753864
17.924000,6.791185
17.925000,6.746374
17.926000,6.682442
17.927000,6.705150
17.928000,6.811655
17.929000,6.906096
17.930000,6.916919
17.931000,6.952592
17.932000,6.956197
17.933000,7.010807
17.934000,7.023530
17.935000,7.022742
17.936000,7.052256
17.937000,7.042757
17.938000,7.044645
17.939000,7.145455
17.940000,7.321949
17.941000,7.375650
17.942000,7.379175
17.943000,7.279467
17.944000,7.490512
17.945000,7.466654
17.946000,7.525467
17.947000,7.475919
17.948000,7.483184
17.949000,7.483504
17.950000,7.536862
17.951000,7.506394
17.952000,7.524330
17.953000,7.478635
17.954000,7.478021
17.955000,7.474230
17.956000,7.500690
17.957000,7.383463
17.958000,7.334577
17.959000,7.329818
17.960000,7.208715
17.961000,7.270370
17.962000,7.227518
17.963000,7.255086
17.964000,7.284139
17.965000,7.270228
17.966000,7.323799
17.967000,7.343070
17.968000,7.369584
17.969000,7.450708
17.970000,7.521790
17.971000,7.577080
17.972000,7.680059
17.973000,7.676063
17.974000,7.725796
17.975000,7.757356
17.976000,7.768114
17.977000,7.773937
17.978000,7.764487
17.979000,7.774050
17.980000,7.737234
17.981000,7.788598
17.982000,7.720111
17.983000,7.782507
17.984000,7.725682
17.985000,7.654362
17.986000,7.590959
17.987000,7.634456
17.988000,7.573108
17.989000,7.560498
17.990000,7.584866
17.991000,7.571741
17.992000,7.573792
17.993000,7.497065
17.994000,7.528220
17.995000,7.513510
17.996000,7.536967
17.997000,7.585320
17.998000,7.494135
17.999000,7.594240
18.000000,7.583201
18.001000,7.678546
18.002000,7.681662
18.003000,7.680334
18.004000,7.850061
18.005000,7.887936
18.006000,7.868939
18.007000,7.848876
18.008000,7.850849
18.009000,7.947869
18.010000,7.903165
18.011000,7.924522
18.012000,7.922922
18.013000,7.892793
18.014000,7.891987
18.015000,7.847128
18.016000,7.871284
18.017000,7.937017
18.018000,7.987155
18.019000,7.964131
18.020000,7.996303
18.021000,8.013664
18.022000,8.039250
18.023000,8.074327
18.024000,8.022577
18.025000,8.083284
18.026000,8.177278
18.027000,8.227666
18.028000,8.236868
18.029000,8.178079
18.030000,8.183181
18.031000,8.265324
18.032000,8.286247
18.033000,8.122392
18.034000,8.224492
18.035000,8.281852
18.036000,8.310375
18.037000,8.324886
18.038000,8.381420
18.039000,8.502164
18.040000,8.476698
18.041000,8.348718
18.042000,8.407839
18.043000,8.433344
18.044000,8.483435
18.045000,8.444852
18.046000,8.504486
18.047000,8.512025
18.048000,8.487762
18.049000,8.417967
18.050000,8.422719
18.051000,8.386574
18.052000,8.460911
18.053000,8.486485
18.054000,8.422418
18.055000,8.467085
18.056000,8.439401
18.057000,8.452931
18.058000,8.496235
18.059000,8.483005
18.060000,8.500185
18.061000,8.478287
18.062000,8.446312
18.063000,8.419419
18.064000,8.453746
18.065000,8.504795
18.066000,8.530847
18.067000,8.522252
18.068000,8.490798
18.069000,8.553108
18.070000,8.674669
18.071000,8.773902
18.072000,8.764081
18.073000,8.817862
18.074000,8.789886
18.075000,8.921891
18.076000,8.849377
18.077000,8.826412
18.078000,8.875716
18.079000,8.851994
18.080000,8.893160
18.081000,8.912634
18.082000,8.913732
18.083000,8.893775
18.084000,8.842394
18.085000,8.899972
18.086000,8.858634
18.087000,8.933726
18.088000,8.912202
18.089000,8.974381
18.090000,9.017392
18.091000,8.991542
18.092000,9.064612
18.093000,9.067577
18.094000,9.187861
18.095000,9.179859
18.096000,9.196332
18.097000,9.229874
18.098000,9.243703
18.099000,9.310709
18.100000,9.309140
18.101000,9.311357
18.102000,9.326374
18.103000,9.240425
18.104000,9.263014
18.105000,9.273304
18.106000,9.245980
18.107000,9.254889
18.108000,9.352784
18.109000,9.393656
18.110000,9.379693
18.111000,9.379022
18.112000,9.368675
18.113000,9.413219
18.114000,9.420985
18.115000,9.393748
18.116000,9.308756
18.117000,9.218731
18.118000,9.153418
18.119000,9.172550
18.120000,9.092344
18.121000,9.153949
18.122000,9.180994
18.123000,9.154324
18.124000,9.076577
18.125000,9.116980
18.126000,9.109914
18.127000,9.250365
18.128000,9.223963
18.129000,9.243355
18.130000,9.324345
18.131000,9.256632
18.132000,9.272116
18.133000,9.196299
18.134000,9.208363
18.135000,9.214307
18.136000,9.304976
18.137000,9.343819
18.138000,9.295241
18.139000,9.352834
18.140000,9.283306
18.141000,9.269859
18.142000,9.303323
18.143000,9.310061
18.144000,9.392073
18.145000,9.415628
18.146000,9.389135
18.147000,9.412789
18.148000,9.348958
18.149000,9.287538
18.150000,9.272722
18.151000,9.320883
18.152000,9.306853
18.153000,9.368420
18.154000,9.275618
18.155000,9.271048
18.156000,9.253645
18.157000,9.208847
18.158000,9.299193
18.159000,9.324650
18.160000,9.376753
18.161000,9.452997
18.162000,9.363513
18.163000,9.295420
18.164000,9.337226
18.165000,9.295901
18.166000,9.275308
18.167000,9.283082
18.168000,9.315896
18.169000,9.327875
18.170000,9.419133
18.171000,9.407304
18.172000,9.370804
18.173000,9.365323
18.174000,9.340885
18.175000,9.360936
18.176000,9.350145
18.177000,9.324716
18.178000,9.272596
18.179000,9.233461
18.180000,9.241272
18.181000,9.228304
18.182000,9.194097
18.183000,9.239565
18.184000,9.210124
18.185000,9.144857
18.186000,9.049920
18.187000,8.978638
18.188000,8.958261
18.189000,9.013988
18.190000,8.957434
18.191000,8.933015
18.192000,8.902296
18.193000,8.894568
18.194000,8.880507
18.195000,8.909335
18.196000,8.913916
18.197000,8.973074
18.198000,8.948805
18.199000,8.938780
18.200000,8.811785
18.201000,8.742133
18.202000,8.678707
18.203000,8.606515
18.204000,8.688448
18.205000,8.618662
18.206000,8.596296
18.207000,8.631192
18.208000,8.677878
18.209000,8.741877
18.210000,8.668801
18.211000,8.733999
18.212000,8.672005
18.213000,8.689502
18.214000,8.735383
18.215000,8.620465
18.216000,8.713295
18.217000,8.777305
18.218000,8.734511
18.219000,8.776298
18.220000,8.797688
18.221000,8.770939
18.222000,8.868440
18.223000,8.802196
18.224000,8.836810
18.225000,8.858816
18.226000,8.854288
18.227000,8.898996
18.228000,8.971733
18.229000,8.974461
18.230000,9.015357
18.231000,9.029903
18.232000,9.099320
18.233000,8.999714
18.234000,9.060451
18.235000,8.997253
18.236000,8.926567
18.237000,8.987557
18.238000,9.001679
18.239000,9.029684
18.240000,9.033179
18.241000,9.042399
18.242000,9.065314
18.243000,9.050879
18.244000,9.096345
18.245000,9.002435
18.246000,8.916675
18.247000,9.039186
18.248000,9.023734
18.249000,9.056744
18.250000,9.069835
18.251000,9.230796
18.252000,9.187842
18.253000,9.197909
18.254000,9.102389
18.255000,9.027962
18.256000,9.020988
18.257000,8.950358
18.258000,8.925431
18.259000,8.899571
18.260000,8.959557
18.261000,8.918308
18.262000,8.911633
18.263000,8.867050
18.264000,8.858401
18.265000,8.873878
18.266000,8.873520
18.267000,8.912647
18.268000,8.947448
18.269000,8.990143
18.270000,9.012846
18.271000,9.098146
18.272000,9.083071
18.273000,9.134905
18.274000,9.087087
18.275000,9.133790
18.276000,9.222228
18.277000,9.241905
18.278000,9.319576
18.279000,9.382035
18.280000,9.318244
18.281000,9.319902
18.282000,9.311698
18.283000,9.269464
18.284000,9.254118
18.285000,9.256578
18.286000,9.208471
18.287000,9.307912
18.288000,9.340532
18.289000,9.383870
18.290000,9.308067
18.291000,9.326208
18.292000,9.339814
18.293000,9.297152
18.294000,9.279179
18.295000,9.257682
18.296000,9.315381
18.297000,9.289725
18.298000,9.254408
18.299000,9.129239
18.300000,9.150949
18.301000,9.202271
18.302000,9.144967
18.303000,9.180908
18.304000,9.301214
18.305000,9.304298
18.306000,9.374689
18.307000,9.353708
18.308000,9.314097
18.309000,9.436434
18.310000,9.492346
18.311000,9.581384
18.312000,9.731619
18.313000,9.768219
18.314000,9.729320
18.315000,9.658628
18.316000,9.751283
18.317000,9.835347
18.318000,9.856510
18.319000,9.956127
18.320000,9.925233
18.321000,9.941828
18.322000,9.901838
18.323000,9.992348
18.324000,9.987549
18.325000,10.076764
18.326000,10.127486
18.327000,10.247798
18.328000,10.182530
18.329000,10.195368
18.330000,10.181451
18.331000,10.224175
18.332000,10.294549
18.333000,10.269712
18.334000,10.231021
18.335000,10.159716
18.336000,10.272122
18.337000,10.215989
18.338000,10.277074
18.339000,10.258083
18.340000,10.226472
18.341000,10.205421
18.342000,10.180883
18.343000,10.182431
18.344000,10.194553
18.345000,10.214705
18.346000,10.232868
18.347000,10.196923
18.348000,10.187374
18.349000,10.275439
18.350000,10.158759
18.351000,10.169664
18.352000,10.117791
18.353000,10.036075
18.354000,10.046416
18.355000,10.048898
18.356000,10.021858
18.357000,10.003386
18.358000,10.037129
18.359000,9.990386
18.360000,10.049423
18.361000,10.014583
18.362000,9.999970
18.363000,9.936959
18.364000,9.980293
18.365000,10.008772
18.366000,9.990043
18.367000,9.968719
18.368000,10.004454
18.369000,9.999245
18.370000,10.024842
18.371000,9.983018
18.372000,10.078062
18.373000,10.062055
18.374000,10.065121
18.375000,10.045573
18.376000,10.048187
18.377000,9.974829
18.378000,9.922665
18.379000,9.993573
18.380000,10.051686
18.381000,10.091047
18.382000,10.026038
18.383000,10.031024
18.384000,10.021712
18.385000,9.955211
18.386000,9.950444
18.387000,10.007691
18.388000,9.936299
18.389000,9.960124
18.390000,9.945525
18.391000,9.915315
18.392000,9.876715
18.393000,9.870808
18.394000,9.855173
18.395000,9.820720
18.396000,9.780569
18.397000,9.690088
18.398000,9.654424
18.399000,9.584808
18.400000,9.600336
18.401000,9.563942
18.402000,9.521576
18.403000,9.513870
18.404000,9.542226
18.405000,9.619714
18.406000,9.735072
18.407000,9.760757
18.408000,9.793193
18.409000,9.832336
18.410000,9.878007
18.411000,9.907342
18.412000,9.955247
18.413000,10.005245
18.414000,9.947779
18.415000,9.909009
18.416000,9.897086
18.417000,9.924864
18.418000,9.797644
18.419000,9.802726
18.420000,9.815436
18.421000,9.931138
18.422000,9.831419
18.423000,9.805651
18.424000,9.760215
18.425000,9.838527
18.426000,9.834300
18.427000,9.952630
18.428000,9.891520
18.429000,9.911585
18.430000,9.967457
18.431000,10.004519
18.432000,10.128842
18.433000,10.140729
18.434000,10.094724
18.435000,10.142262
18.436000,10.180099
18.437000,10.127183
18.438000,10.073289
18.439000,10.025145
18.440000,10.024424
18.441000,10.022127
18.442000,10.051028
18.443000,9.915541
18.444000,9.963244
18.445000,9.979056
18.446000,9.923577
18.447000,9.907525
18.448000,9.833503
18.449000,9.832824
18.450000,9.871443
18.451000,9.795768
18.452000,9.708776
18.453000,9.597446
18.454000,9.634950
18.455000,9.665192
18.456000,9.701679
18.457000,9.631254
18.458000,9.716284
18.459000,9.751650
18.460000,9.811525
18.461000,9.828602
18.462000,9.944007
18.463000,9.923488
18.464000,9.986486
18.465000,9.987944
18.466000,9.892561
18.467000,9.926023
18.468000,9.893073
18.469000,9.868324
18.470000,10.029178
18.471000,10.078314
18.472000,10.007523
18.473000,9.954626
18.474000,9.933843
18.475000,9.916177
18.476000,10.014986
18.477000,10.099933
18.478000,9.985932
18.479000,9.930318
18.480000,9.977889
18.481000,10.010061
18.482000,10.048766
18.483000,10.092433
18.484000,10.016185
18.485000,10.028958
18.486000,10.081281
18.487000,10.155993
18.488000,10.143916
18.489000,10.137042
18.490000,10.119278
18.491000,10.155963
18.492000,10.102943
18.493000,10.050052
18.494000,10.053879
18.495000,10.035225
18.496000,10.124153
18.497000,10.085485
18.498000,9.984924
18.499000,9.965496
18.500000,9.944429
18.501000,9.997070
18.502000,10.049083
18.503000,10.135800
18.504000,10.009569
18.505000,10.012875
18.506000,9.881634
18.507000,9.916331
18.508000,9.856101
18.509000,9.765355
18.510000,9.768467
18.511000,9.834915
18.512000,9.849304
18.513000,9.873025
18.514000,9.867818
18.515000,9.846200
18.516000,9.817936
18.517000,9.807332
18.518000,9.863788
18.519000,9.917890
18.520000,9.910777
18.521000,9.886111
18.522000,9.920584
18.523000,9.943223
18.524000,9.921700
18.525000,9.863450
18.526000,9.921430
18.527000,9.968013
18.528000,9.925563
18.529000,10.017385
18.530000,10.041522
18.531000,10.037112
18.532000,10.090639
18.533000,10.066630
18.534000,9.973203
18.535000,10.012082
18.536000,9.994412
18.537000,9.946719
18.538000,9.918857
18.539000,9.793768
18.540000,9.810522
18.541000,9.878172
18.542000,9.883829
18.543000,9.986034
18.544000,9.979749
18.545000,9.946388
18.546000,10.009109
18.547000,9.929082
18.548000,9.857784
18.549000,9.799342
18.550000,9.914479
18.551000,9.927286
18.552000,9.965936
18.553000,10.015179
18.554000,10.056329
18.555000,10.041459
18.556000,10.078699
18.557000,10.071995
18.558000,10.023171
18.559000,9.937954
18.560000,9.993583
18.561000,10.041155
18.562000,9.932896
18.563000,9.869626
18.564000,9.857707
18.565000,9.956408
18.566000,9.973245
18.567000,9.971951
18.568000,9.994108
18.569000,9.855918
18.570000,9.791963
18.571000,9.682086
18.572000,9.683903
18.573000,9.697129
18.574000,9.585782
18.575000,9.595993
18.576000,9.644181
18.577000,9.659858
18.578000,9.695196
18.579000,9.737670
18.580000,9.851126
18.581000,9.763532
18.582000,9.812641
18.583000,9.826079
18.584000,9.832367
18.585000,9.906493
18.586000,9.981284
18.587000,9.931152
18.588000,10.006425
18.589000,9.998620
18.590000,10.015496
18.591000,10.099040
18.592000,10.099734
18.593000,10.150855
18.594000,10.169074
18.595000,10.222018
18.596000,10.186311
18.597000,10.204535
18.598000,10.308875
18.599000,10.360363
18.600000,10.336752
18.601000,10.359165
18.602000,10.409130
18.603000,10.386601
18.604000,10.408712
18.605000,10.463554
18.606000,10.368889
18.607000,10.365064
18.608000,10.316435
18.609000,10.370657
18.610000,10.351079
18.611000,10.355962
18.612000,10.358831
18.613000,10.271390
18.614000,10.224321
18.615000,10.286725
18.616000,10.381512
18.617000,10.346925
18.618000,10.282655
18.619000,10.360243
18.620000,10.405552
18.621000,10.391238
18.622000,10.404534
18.623000,10.404128
18.624000,10.455985
18.625000,10.380402
18.626000,10.393128
18.627000,10.415709
18.628000,10.468596
18.629000,10.463946
18.630000,10.510873
18.631000,10.549243
18.632000,10.552385
18.633000,10.412832
18.634000,10.382150
18.635000,10.402578
18.636000,10.544535
18.637000,10.384755
18.638000,10.384675
18.639000,10.410644
18.640000,10.513933
18.641000,10.419478
18.642000,10.502692
18.643000,10.524918
18.644000,10.589556
18.645000,10.667720
18.646000,10.657094
18.647000,10.698179
18.648000,10.729542
18.649000,10.681297
18.650000,10.722018
18.651000,10.762156
18.652000,10.615489
18.653000,10.569303
18.654000,10.500279
18.655000,10.435193
18.656000,10.377831
18.657000,10.404328
18.658000,10.342452
18.659000,10.214998
18.660000,10.212804
18.661000,10.222696
18.662000,10.165308
18.663000,10.198120
18.664000,10.078072
18.665000,10.085908
18.666000,10.032702
18.667000,10.035785
18.668000,10.069004
18.669000,10.139936
18.670000,10.061660
18.671000,10.068578
18.672000,10.070798
18.673000,10.082864
18.674000,10.203940
18.675000,10.241184
18.676000,10.245575
18.677000,10.268524
18.678000,10.184747
18.679000,10.080899
18.680000,10.018152
18.681000,9.975810
18.682000,10.040370
18.683000,10.006937
18.684000,9.962853
18.685000,10.079084
18.686000,10.058808
18.687000,10.073716
18.688000,9.977682
18.689000,9.912891
18.690000,9.846724
18.691000,9.744327
18.692000,9.800153
18.693000,9.847916
18.694000,9.775895
18.695000,9.728620
18.696000,9.679468
18.697000,9.686455
18.698000,9.756258
18.699000,9.749700
18.700000,9.813540
18.701000,9.839793
18.702000,9.893748
18.703000,9.988597
18.704000,9.977107
18.705000,9.935942
18.706000,9.924677
18.707000,9.854082
18.708000,9.887354
18.709000,9.936104
18.710000,9.931511
18.711000,9.925145
18.712000,10.015797
18.713000,9.930503
18.714000,9.906791
18.715000,10.082355
18.716000,10.013184
18.717000,9.963205
18.718000,9.973142
18.719000,10.057558
18.720000,10.034149
18.721000,10.092144
18.722000,10.045489
18.723000,10.090289
18.724000,10.040451
18.725000,10.047833
18.726000,10.011591
18.727000,9.980638
18.728000,9.928469
18.729000,9.939026
18.730000,9.984306
18.731000,9.952599
18.732000,9.948525
18.733000,9.988027
18.734000,10.009877
18.735000,10.068015
18.736000,9.992192
18.737000,10.121159
18.738000,10.154507
18.739000,10.138297
18.740000,10.048814
18.741000,10.073035
18.742000,10.037139
18.743000,10.032151
18.744000,10.012828
18.745000,10.015743
18.746000,10.052576
18.747000,9.928761
18.748000,9.871689
18.749000,9.954811
18.750000,9.864714
18.751000,9.826080
18.752000,9.838693
18.753000,9.887703
18.754000,9.880794
18.755000,9.857160
18.756000,9.859514
18.757000,9.828819
18.758000,9.816721
18.759000,9.817166
18.760000,9.723964
18.761000,9.753165
18.762000,9.838388
18.763000,9.854388
18.764000,9.892958
18.765000,9.976915
18.766000,10.048582
18.767000,10.044420
18.768000,10.063520
18.769000,10.092900
18.770000,10.069922
18.771000,10.018474
18.772000,9.972647
18.773000,9.957962
18.774000,9.938166
18.775000,9.989938
18.776000,9.923630
18.777000,9.927735
18.778000,9.932273
18.779000,9.821501
18.780000,9.798006
18.781000,9.696722
18.782000,9.644780
18.783000,9.642376
18.784000,9.628328
18.785000,9.663272
18.786000,9.731876
18.787000,9.699570
18.788000,9.729486
18.789000,9.750689
18.790000,9.750393
18.791000,9.757133
18.792000,9.791736
18.793000,9.906652
18.794000,9.917477
18.795000,9.873864
18.796000,9.913174
18.797000,9.913924
18.798000,9.905951
18.799000,9.833232
18.800000,9.787932
18.801000,9.705630
18.802000,9.626019
18.803000,9.647757
18.804000,9.529739
18.805000,9.465208
18.806000,9.438894
18.807000,9.415654
18.808000,9.448741
18.809000,9.451339
18.810000,9.433374
18.811000,9.475062
18.812000,9.459711
18.813000,9.467506
18.814000,9.507504
18.815000,9.589442
18.816000,9.560621
18.817000,9.555270
18.818000,9.575539
18.819000,9.582057
18.820000,9.641319
18.821000,9.647211
18.822000,9.659569
18.823000,9.694866
18.824000,9.676022
18.825000,9.693313
18.826000,9.649269
18.827000,9.596680
18.828000,9.635430
18.829000,9.628245
18.830000,9.650192
18.831000,9.681260
18.832000,9.753583
18.833000,9.883306
18.834000,9.860131
18.835000,9.913861
18.836000,9.866242
18.837000,9.938899
18.838000,9.909029
18.839000,9.815455
18.840000,9.780377
18.841000,9.918138
18.842000,9.834888
18.843000,9.786596
18.844000,9.806741
18.845000,9.795409
18.846000,9.818308
18.847000,9.861198
18.848000,9.812876
18.849000,9.677934
18.850000,9.793498
18.851000,9.823697
18.852000,9.805773
18.853000,9.766159
18.854000,9.759971
18.855000,9.841417
18.856000,9.754792
18.857000,9.744593
18.858000,9.758452
18.859000,9.743917
18.860000,9.768874
18.861000,9.767405
18.862000,9.850090
18.863000,9.838670
18.864000,9.827386
18.865000,9.776523
18.866000,9.759767
18.867000,9.868188
18.868000,9.947658
18.869000,9.928643
18.870000,9.960146
18.871000,9.965448
18.872000,9.924458
18.873000,9.858152
18.874000,9.874739
18.875000,9.839559
18.876000,9.772305
18.877000,9.864863
18.878000,9.914423
18.879000,9.884387
18.880000,9.830727
18.881000,9.737267
18.882000,9.738508
18.883000,9.736074
18.884000,9.745140
18.885000,9.677984
18.886000,9.636792
18.887000,9.554328
18.888000,9.556385
18.889000,9.579442
18.890000,9.573775
18.891000,9.595231
18.892000,9.546256
18.893000,9.556330
18.894000,9.569257
18.895000,9.530653
18.896000,9.432919
18.897000,9.431855
18.898000,9.334598
18.899000,9.250236
18.900000,9.226050
18.901000,9.267187
18.902000,9.378075
18.903000,9.533292
18.904000,9.574266
18.905000,9.526150
18.906000,9.505864
18.907000,9.546167
18.908000,9.610639
18.909000,9.582403
18.910000,9.542675
18.911000,9.470217
18.912000,9.470218
18.913000,9.491290
18.914000,9.453863
18.915000,9.419918
18.916000,9.411003
18.917000,9.543223
18.918000,9.473522
18.919000,9.466675
18.920000,9.519462
18.921000,9.448184
18.922000,9.461389
18.923000,9.400900
18.924000,9.463397
18.925000,9.457899
18.926000,9.383305
18.927000,9.430979
18.928000,9.319653
18.929000,9.321704
18.930000,9.305933
18.931000,9.177976
18.932000,9.222125
18.933000,9.177252
18.934000,9.162712
18.935000,9.207733
18.936000,9.317320
18.937000,9.291790
18.938000,9.281835
18.939000,9.297220
18.940000,9.335877
18.941000,9.289816
18.942000,9.299933
18.943000,9.365871
18.944000,9.371328
18.945000,9.361131
18.946000,9.324514
18.947000,9.372803
18.948000,9.372682
18.949000,9.355767
18.950000,9.314014
18.951000,9.280960
18.952000,9.347769
18.953000,9.453068
18.954000,9.331510
18.955000,9.277968
18.956000,9.247512
18.957000,9.138597
18.958000,9.216171
18.959000,9.226709
18.960000,9.252288
18.961000,9.264353
18.962000,9.330334
18.963000,9.319613
18.964000,9.329733
18.965000,9.368087
18.966000,9.361078
18.967000,9.392495
18.968000,9.426483
18.969000,9.448386
18.970000,9.437318
18.971000,9.518276
18.972000,9.475615
18.973000,9.537902
18.974000,9.511579
18.975000,9.489876
18.976000,9.464758
18.977000,9.503953
18.978000,9.592561
18.979000,9.618778
18.980000,9.531280
18.981000,9.531590
18.982000,9.502209
18.983000,9.465230
18.984000,9.458906
18.985000,9.506957
18.986000,9.449929
18.987000,9.525032
18.988000,9.474583
18.989000,9.440814
18.990000,9.453779
18.991000,9.518102
18.992000,9.543847
18.993000,9.470670
18.994000,9.517922
18.995000,9.474754
18.996000,9.501722
18.997000,9.518208
18.998000,9.455354
18.999000,9.466177
19.000000,9.504956
19.001000,9.565157
19.002000,9.465192
19.003000,9.513783
19.004000,9.472924
19.005000,9.445858
19.006000,9.419563
19.007000,9.470046
19.008000,9.433858
19.009000,9.425648
19.010000,9.441266
19.011000,9.412995
19.012000,9.433696
19.013000,9.489838
19.014000,9.511050
19.015000,9.500461
19.016000,9.456026
19.017000,9.503597
19.018000,9.382094
19.019000,9.438504
19.020000,9.443708
19.021000,9.361820
19.022000,9.351743
19.023000,9.462413
19.024000,9.526160
19.025000,9.584797
19.026000,9.537220
19.027000,9.551775
19.028000,9.603253
19.029000,9.610029
19.030000,9.646718
19.031000,9.636106
19.032000,9.674397
19.033000,9.588043
19.034000,9.546981
19.035000,9.619896
19.036000,9.597074
19.037000,9.675269
19.038000,9.692567
19.039000,9.704957
19.040000,9.677252
19.041000,9.694575
19.042000,9.719912
19.043000,9.738229
19.044000,9.685015
19.045000,9.708340
19.046000,9.800464
19.047000,9.757129
19.048000,9.772827
19.049000,9.752923
19.050000,9.741012
19.051000,9.728387
19.052000,9.768743
19.053000,9.806322
19.054000,9.824927
19.055000,9.813956
19.056000,9.854263
19.057000,9.849712
19.058000,9.808968
19.059000,9.748586
19.060000,9.703779
19.061000,9.579358
19.062000,9.605592
19.063000,9.653568
19.064000,9.663517
19.065000,9.672932
19.066000,9.622053
19.067000,9.613724
19.068000,9.583260
19.069000,9.574729
19.070000,9.584100
19.071000,9.567621
19.072000,9.544216
19.073000,9.440753
19.074000,9.392178
19.075000,9.462961
19.076000,9.390587
19.077000,9.410791
19.078000,9.401613
19.079000,9.445989
19.080000,9.499622
19.081000,9.540305
19.082000,9.535930
19.083000,9.512051
19.084000,9.502055
19.085000,9.600742
19.086000,9.531187
19.087000,9.538918
19.088000,9.603819
19.089000,9.670539
19.090000,9.701083
19.091000,9.674890
19.092000,9.748470
19.093000,9.785299
19.094000,9.776623
19.095000,9.651438
19.096000,9.593187
19.097000,9.606767
19.098000,9.694439
19.099000,9.688715
19.100000,9.687282
19.101000,9.639524
19.102000,9.634499
19.103000,9.595291
19.104000,9.612351
19.105000,9.622193
19.106000,9.641250
19.107000,9.644146
19.108000,9.636235
19.109000,9.633455
19.110000,9.606208
19.111000,9.606948
19.112000,9.690023
19.113000,9.676456
19.114000,9.595564
19.115000,9.587064
19.116000,9.595154
19.117000,9.559304
19.118000,9.588125
19.119000,9.668370
19.120000,9.707384
19.121000,9.629249
19.122000,9.667515
19.123000,9.674312
19.124000,9.746849
19.125000,9.730795
19.126000,9.738101
19.127000,9.736780
19.128000,9.795065
19.129000,9.784520
19.130000,9.792186
19.131000,9.796969
19.132000,9.807608
19.133000,9.824381
19.134000,9.729671
19.135000,9.696048
19.136000,9.642838
19.137000,9.591291
19.138000,9.599120
19.139000,9.591617
19.140000,9.520702
19.141000,9.598020
19.142000,9.647059
19.143000,9.632197
19.144000,9.594766
19.145000,9.638222
19.146000,9.653780
19.147000,9.608220
19.148000,9.682506
19.149000,9.649996
19.150000,9.622223
19.151000,9.659237
19.152000,9.719082
19.153000,9.702347
19.154000,9.639126
19.155000,9.613688
19.156000,9.695243
19.157000,9.706538
19.158000,9.699619
19.159000,9.702825
19.160000,9.759504
19.161000,9.819592
19.162000,9.713290
19.163000,9.683883
19.164000,9.771996
19.165000,9.741602
19.166000,9.814521
19.167000,9.866841
19.168000,9.900404
19.169000,9.930157
19.170000,9.890982
19.171000,9.880578
19.172000,9.828555
19.173000,9.786291
19.174000,9.857343
19.175000,9.877711
19.176000,9.891555
19.177000,9.842242
19.178000,9.835177
19.179000,9.868850
19.180000,9.821860
19.181000,9.873067
19.182000,9.925441
19.183000,9.890813
19.184000,9.901470
19.185000,9.848468
19.186000,9.830881
19.187000,9.661802
19.188000,9.680242
19.189000,9.653218
19.190000,9.703704
19.191000,9.680141
19.192000,9.576900
19.193000,9.646830
19.194000,9.710246
19.195000,9.722004
19.196000,9.783606
19.197000,9.704220
19.198000,9.756809
19.199000,9.709844
19.200000,9.667650
19.201000,9.782651
19.202000,9.739834
19.203000,9.701455
19.204000,9.793531
19.205000,9.668845
19.206000,9.704105
19.207000,9.782523
19.208000,9.721074
19.209000,9.663736
19.210000,9.684832
19.211000,9.712920
19.212000,9.607359
19.213000,9.599481
19.214000,9.575903
19.215000,9.494176
19.216000,9.544149
19.217000,9.457606
19.218000,9.500723
19.219000,9.470889
19.220000,9.428472
19.221000,9.432933
19.222000,9.330444
19.223000,9.368649
19.224000,9.289413
19.225000,9.337631
19.226000,9.364182
19.227000,9.265310
19.228000,9.264725
19.229000,9.227829
19.230000,9.275805
19.231000,9.224862
19.232000,9.245293
19.233000,9.280105
19.234000,9.263688
19.235000,9.138638
19.236000,9.141044
19.237000,9.158320
19.238000,9.171396
19.239000,9.134023
19.240000,9.115640
19.241000,9.065677
19.242000,8.942103
19.243000,9.037902
19.244000,9.037811
19.245000,9.014822
19.246000,9.082963
19.247000,9.083756
19.248000,9.122834
19.249000,9.096731
19.250000,9.160574
19.251000,9.134445
19.252000,9.068995
19.253000,9.082254
19.254000,9.020591
19.255000,9.113164
19.256000,9.089235
19.257000,9.149641
19.258000,9.194769
19.259000,9.167258
19.260000,9.111760
19.261000,9.119241
19.262000,9.074558
19.263000,9.163418
19.264000,9.289061
19.265000,9.418621
19.266000,9.441685
19.267000,9.326149
19.268000,9.279935
19.269000,9.353375
19.270000,9.293469
19.271000,9.267388
19.272000,9.199256
19.273000,9.169834
19.274000,9.172337
19.275000,9.201477
19.276000,9.141228
19.277000,9.078599
19.278000,8.989475
19.279000,9.006638
19.280000,9.011925
19.281000,9.022641
19.282000,9.061809
19.283000,9.032311
19.284000,9.079341
19.285000,9.142028
19.286000,9.140289
19.287000,9.127323
19.288000,9.146795
19.289000,9.126863
19.290000,9.145964
19.291000,9.179772
19.292000,9.258554
19.293000,9.349011
19.294000,9.307636
19.295000,9.365374
19.296000,9.407546
19.297000,9.342263
19.298000,9.361717
19.299000,9.323796
19.300000,9.349219
19.301000,9.345743
19.302000,9.353457
19.303000,9.406474
19.304000,9.349312
19.305000,9.304347
19.306000,9.342212
19.307000,9.319585
19.308000,9.277865
19.309000,9.135378
19.310000,9.201189
19.311000,9.216893
19.312000,9.209384
19.313000,9.226098
19.314000,9.151710
19.315000,9.256465
19.316000,9.253217
19.317000,9.264033
19.318000,9.305877
19.319000,9.404759
19.320000,9.345591
19.321000,9.238664
19.322000,9.238398
19.323000,9.190277
19.324000,9.235513
19.325000,9.249822
19.326000,9.262824
19.327000,9.241911
19.328000,9.195166
19.329000,9.127379
19.330000,9.120865
19.331000,9.196644
19.332000,9.012268
19.333000,8.983912
19.334000,8.934010
19.335000,8.997315
19.336000,9.017377
19.337000,8.987236
19.338000,8.981914
19.339000,9.133415
19.340000,9.135058
19.341000,9.109523
19.342000,9.089878
19.343000,9.114452
19.344000,9.119407
19.345000,9.226283
19.346000,9.178167
19.347000,9.172106
19.348000,9.163262
19.349000,9.174631
19.350000,9.151210
19.351000,9.084903
19.352000,9.084575
19.353000,9.086751
19.354000,9.045117
19.355000,9.043462
19.356000,9.070816
19.357000,9.142248
19.358000,9.131250
19.359000,9.198897
19.360000,9.186515
19.361000,9.235074
19.362000,9.175025
19.363000,9.033057
19.364000,9.060968
19.365000,9.159424
19.366000,9.180795
19.367000,9.158237
19.368000,9.113212
19.369000,9.091609
19.370000,9.068149
19.371000,9.107050
19.372000,9.129254
19.373000,9.253744
19.374000,9.273516
19.375000,9.203005
19.376000,9.185515
19.377000,9.225964
19.378000,9.266015
19.379000,9.076369
19.380000,9.150222
19.381000,9.046276
19.382000,9.009509
19.383000,8.936631
19.384000,8.846490
19.385000,8.764113
19.386000,8.678176
19.387000,8.744512
19.388000,8.677589
19.389000,8.625089
19.390000,8.640823
19.391000,8.662336
19.392000,8.659974
19.393000,8.653495
19.394000,8.673861
19.395000,8.645905
19.396000,8.509905
19.397000,8.586094
19.398000,8.699507
19.399000,8.762598
19.400000,8.648360
19.401000,8.660514
19.402000,8.716162
19.403000,8.670542
19.404000,8.746081
19.405000,8.778186
19.406000,8.677420
19.407000,8.555508
19.408000,8.733789
19.409000,8.700042
19.410000,8.765328
19.411000,8.761232
19.412000,8.681052
19.413000,8.683690
19.414000,8.691981
19.415000,8.793520
19.416000,8.713907
19.417000,8.685885
19.418000,8.733383
19.419000,8.780611
19.420000,8.834775
19.421000,8.947451
19.422000,8.924032
19.423000,8.898183
19.424000,8.900861
19.425000,8.938452
19.426000,8.913206
19.427000,8.841371
19.428000,8.812664
19.429000,8.986585
19.430000,9.072999
19.431000,9.097310
19.432000,9.012461
19.433000,9.018338
19.434000,8.989359
19.435000,8.934210
19.436000,8.874236
19.437000,8.829072
19.438000,8.802829
19.439000,8.812912
19.440000,8.793850
19.441000,8.823193
19.442000,8.753982
19.443000,8.840424
19.444000,8.850315
19.445000,8.830555
19.446000,8.839334
19.447000,8.715974
19.448000,8.777866
19.449000,8.683245
19.450000,8.668748
19.451000,8.656743
19.452000,8.797218
19.453000,8.801293
19.454000,8.793194
19.455000,8.977063
19.456000,8.964278
19.457000,8.919423
19.458000,8.896629
19.459000,8.878459
19.460000,8.837431
19.461000,8.768083
19.462000,8.817033
19.463000,8.906800
19.464000,8.954486
19.465000,8.940556
19.466000,8.993592
19.467000,8.913868
19.468000,8.812483
19.469000,8.815059
19.470000,8.888086
19.471000,8.835044
19.472000,8.747863
19.473000,8.739030
19.474000,8.749768
19.475000,8.737853
19.476000,8.743950
19.477000,8.793968
19.478000,8.736699
19.479000,8.702408
19.480000,8.656629
19.481000,8.617846
19.482000,8.582008
19.483000,8.587584
19.484000,8.630709
19.485000,8.627610
19.486000,8.683197
19.487000,8.647552
19.488000,8.722624
19.489000,8.712572
19.490000,8.758122
19.491000,8.770242
19.492000,8.669275
19.493000,8.787499
19.494000,8.773745
19.495000,8.837838
19.496000,8.914975
19.497000,8.915405
19.498000,8.918125
19.499000,8.809176
19.500000,8.871547
19.501000,8.747071
19.502000,8.806589
19.503000,8.768194
19.504000,8.898812
19.505000,8.846884
19.506000,8.754854
19.507000,8.731652
19.508000,8.671369
19.509000,8.637793
19.510000,8.732556
19.511000,8.796908
19.512000,8.826917
19.513000,8.850909
19.514000,8.885638
19.515000,8.936323
19.516000,8.960877
19.517000,8.986037
19.518000,8.937783
19.519000,8.962185
19.520000,8.922119
19.521000,8.901897
19.522000,8.939111
19.523000,8.898139
19.524000,8.938412
19.525000,8.909426
19.526000,8.986134
19.527000,8.927522
19.528000,8.887451
19.529000,8.874342
19.530000,8.968703
19.531000,8.969517
19.532000,8.989038
19.533000,8.934570
19.534000,8.888376
19.535000,8.919986
19.536000,8.889523
19.537000,8.858490
19.538000,8.851748
19.539000,8.952803
19.540000,8.962332
19.541000,8.975892
19.542000,9.011287
19.543000,9.050718
19.544000,9.100663
19.545000,9.126136
19.546000,9.065433
19.547000,8.986693
19.548000,9.018668
19.549000,9.011664
19.550000,9.032603
19.551000,8.958404
19.552000,8.948880
19.553000,9.018414
19.554000,9.061876
19.555000,8.985911
19.556000,8.984581
19.557000,9.015467
19.558000,9.036999
19.559000,9.058262
19.560000,8.990547
19.561000,8.934761
19.562000,8.881037
19.563000,8.889485
19.564000,8.800756
19.565000,8.866013
19.566000,8.928146
19.567000,8.909843
19.568000,8.858278
19.569000,8.644303
19.570000,8.691215
19.571000,8.752281
19.572000,8.789930
19.573000,8.711288
19.574000,8.611192
19.575000,8.677971
19.576000,8.724230
19.577000,8.675226
19.578000,8.710317
19.579000,8.683511
19.580000,8.653624
19.581000,8.588564
19.582000,8.562426
19.583000,8.543246
19.584000,8.577454
19.585000,8.512974
19.586000,8.587249
19.587000,8.619032
19.588000,8.572300
19.589000,8.606363
19.590000,8.691696
19.591000,8.719761
19.592000,8.834227
19.593000,9.005399
19.594000,8.992875
19.595000,8.962827
19.596000,8.900513
19.597000,8.773818
19.598000,8.756233
19.599000,8.765842
19.600000,8.810232
19.601000,8.781869
19.602000,8.742613
19.603000,8.703263
19.604000,8.745247
19.605000,8.762101
19.606000,8.785888
19.607000,8.826534
19.608000,8.894822
19.609000,8.816174
19.610000,8.852981
19.611000,8.849274
19.612000,8.789441
19.613000,8.701884
19.614000,8.729846
19.615000,8.715808
19.616000,8.658485
19.617000,8.709307
19.618000,8.734375
19.619000,8.822415
19.620000,8.811394
19.621000,8.667104
19.622000,8.548336
19.623000,8.532573
19.624000,8.560285
19.625000,8.455627
19.626000,8.386322
19.627000,8.294133
19.628000,8.296682
19.629000,8.349143
19.630000,8.335033
19.631000,8.304873
19.632000,8.264644
19.633000,8.273832
19.634000,8.190842
19.635000,8.194831
19.636000,8.261043
19.637000,8.282082
19.638000,8.212481
19.639000,8.262106
19.640000,8.225578
19.641000,8.222550
19.642000,8.221348
19.643000,8.218094
19.644000,8.203138
19.645000,8.187621
19.646000,8.297463
19.647000,8.247427
19.648000,8.255836
19.649000,8.177034
19.650000,8.168198
19.651000,8.154252
19.652000,8.184692
19.653000,8.151747
19.654000,8.226294
19.655000,8.220668
19.656000,8.259451
19.657000,8.200428
19.658000,8.157544
19.659000,8.277244
19.660000,8.203127
19.661000,8.263811
19.662000,8.345069
19.663000,8.405905
19.664000,8.461073
19.665000,8.399756
19.666000,8.406220
19.667000,8.449518
19.668000,8.463951
19.669000,8.408157
19.670000,8.341563
19.671000,8.354056
19.672000,8.403540
19.673000,8.382023
19.674000,8.342408
19.675000,8.343260
19.676000,8.239855
19.677000,8.246046
19.678000,8.408174
19.679000,8.313818
19.680000,8.396808
19.681000,8.404890
19.682000,8.291853
19.683000,8.261583
19.684000,8.271660
19.685000,8.214248
19.686000,8.171163
19.687000,8.115160
19.688000,8.155679
19.689000,8.218854
19.690000,8.294346
19.691000,8.360012
19.692000,8.319919
19.693000,8.322652
19.694000,8.297883
19.695000,8.384685
19.696000,8.336058
19.697000,8.362869
19.698000,8.343014
19.699000,8.350357
19.700000,8.399732
19.701000,8.301396
19.702000,8.262500
19.703000,8.239361
19.704000,8.235225
19.705000,8.177824
19.706000,8.135750
19.707000,8.107156
19.708000,8.034818
19.709000,8.018146
19.710000,8.062772
19.711000,8.069487
19.712000,8.134280
19.713000,8.201148
19.714000,8.209197
19.715000,8.188064
19.716000,8.157789
19.717000,8.063199
19.718000,8.080933
19.719000,8.154334
19.720000,8.070588
19.721000,8.045752
19.722000,8.038210
19.723000,7.981319
19.724000,7.951269
19.725000,7.871081
19.726000,7.888507
19.727000,7.904654
19.728000,7.882652
19.729000,7.898474
19.730000,7.915168
19.731000,7.898002
19.732000,7.782107
19.733000,7.707545
19.734000,7.706695
19.735000,7.658110
19.736000,7.634087
19.737000,7.671259
19.738000,7.687526
19.739000,7.676580
19.740000,7.645728
19.741000,7.702144
19.742000,7.652838
19.743000,7.659488
19.744000,7.611089
19.745000,7.615535
19.746000,7.599093
19.747000,7.631629
19.748000,7.599142
19.749000,7.461216
19.750000,7.577259
19.751000,7.637565
19.752000,7.611603
19.753000,7.612333
19.754000,7.636409
19.755000,7.735580
19.756000,7.706377
19.757000,7.603818
19.758000,7.496854
19.759000,7.489282
19.760000,7.469822
19.761000,7.572570
19.762000,7.548028
19.763000,7.512332
19.764000,7.468992
19.765000,7.508131
19.766000,7.360161
19.767000,7.344445
19.768000,7.317217
19.769000,7.310185
19.770000,7.331632
19.771000,7.239828
19.772000,7.269029
19.773000,7.190339
19.774000,7.150687
19.775000,7.023733
19.776000,6.986951
19.777000,6.950928
19.778000,6.912448
19.779000,6.927241
19.780000,6.851874
19.781000,6.777350
19.782000,6.683735
19.783000,6.692244
19.784000,6.724566
19.785000,6.824778
19.786000,6.761370
19.787000,6.704145
19.788000,6.700342
19.789000,6.818397
19.790000,6.863305
19.791000,6.903879
19.792000,6.837504
19.793000,6.768955
19.794000,6.723779
19.795000,6.654880
19.796000,6.660017
19.797000,6.621126
19.798000,6.606637
19.799000,6.487789
19.800000,6.421831
19.801000,6.331985
19.802000,6.219160
19.803000,6.292032
19.804000,6.140475
19.805000,6.136650
19.806000,6.090389
19.807000,6.054387
19.808000,6.132634
19.809000,6.220914
19.810000,6.228782
19.811000,6.280969
19.812000,6.315532
19.813000,6.356219
19.814000,6.390205
19.815000,6.362768
19.816000,6.380299
19.817000,6.382393
19.818000,6.465300
19.819000,6.404200
19.820000,6.413863
19.821000,6.440260
19.822000,6.374917
19.823000,6.239496
19.824000,6.144946
19.825000,6.231245
19.826000,6.206613
19.827000,6.187154
19.828000,6.214957
19.829000,6.193424
19.830000,6.143729
19.831000,6.201237
19.832000,6.259144
19.833000,6.188610
19.834000,6.139039
19.835000,6.063632
19.836000,6.130864
19.837000,6.078047
19.838000,6.058493
19.839000,6.096802
19.840000,6.108021
19.841000,6.106383
19.842000,6.179408
19.843000,6.133129
19.844000,6.112509
19.845000,6.144973
19.846000,6.109432
19.847000,6.082775
19.848000,6.103978
19.849000,6.034134
19.850000,5.958686
19.851000,5.999783
19.852000,5.997966
19.853000,5.979272
19.854000,5.938090
19.855000,5.872826
19.856000,5.867851
19.857000,5.959081
19.858000,5.952758
19.859000,6.084448
19.860000,6.062932
19.861000,6.041999
19.862000,5.990089
19.863000,5.924440
19.864000,5.987776
19.865000,5.943444
19.866000,5.883230
19.867000,5.959521
19.868000,5.887589
19.869000,5.810477
19.870000,5.894409
19.871000,5.912621
19.872000,5.909960
19.873000,5.876486
19.874000,5.964956
19.875000,5.900931
19.876000,5.853270
19.877000,5.889849
19.878000,5.933339
19.879000,5.993095
19.880000,6.002816
19.881000,5.983895
19.882000,6.007323
19.883000,6.031428
19.884000,6.036912
19.885000,5.956677
19.886000,5.824934
19.887000,5.809020
19.888000,5.787424
19.889000,5.834750
19.890000,5.915029
19.891000,5.888024
19.892000,5.879597
19.893000,5.919129
19.894000,5.970300
19.895000,5.910285
19.896000,5.930042
19.897000,5.939975
19.898000,5.882907
19.899000,5.905199
19.900000,5.812371
19.901000,5.814484
19.902000,5.813808
19.903000,5.854077
19.904000,5.903208
19.905000,5.937432
19.906000,5.950134
19.907000,5.938652
19.908000,5.871473
19.909000,5.776360
19.910000,5.741984
19.911000,5.799503
19.912000,5.799983
19.913000,5.795185
19.914000,5.798315
19.915000,5.932076
19.916000,5.916255
19.917000,5.891126
19.918000,5.867314
19.919000,5.951191
19.920000,5.956735
19.921000,5.909774
19.922000,5.961175
19.923000,5.996731
19.924000,6.026669
19.925000,6.037553
19.926000,6.009483
19.927000,6.009428
19.928000,6.038416
19.929000,6.017005
19.930000,6.060845
19.931000,6.112220
19.932000,6.254479
19.933000,6.347833
19.934000,6.325466
19.935000,6.335487
19.936000,6.379154
19.937000,6.347724
19.938000,6.320885
19.939000,6.374433
19.940000,6.445366
19.941000,6.507797
19.942000,6.561071
19.943000,6.646565
19.944000,6.640631
19.945000,6.681330
19.946000,6.686136
19.947000,6.845911
19.948000,6.819155
19.949000,6.958235
19.950000,6.919286
19.951000,6.949569
19.952000,6.835488
19.953000,6.878227
19.954000,6.762722
19.955000,6.836978
19.956000,6.900660
19.957000,6.873157
19.958000,6.880600
19.959000,6.817563
19.960000,6.772947
19.961000,6.794435
19.962000,6.852556
19.963000,6.872245
19.964000,6.847022
19.965000,6.850834
19.966000,6.787127
19.967000,6.805204
19.968000,6.929872
19.969000,6.939500
19.970000,6.930721
19.971000,6.968066
19.972000,7.092661
19.973000,7.187617
19.974000,7.250563
19.975000,7.276848
19.976000,7.289791
19.977000,7.293873
19.978000,7.202359
19.979000,7.294936
19.980000,7.372463
19.981000,7.369020
19.982000,7.322515
19.983000,7.284876
19.984000,7.266803
19.985000,7.379489
19.986000,7.439884
19.987000,7.461775
19.988000,7.416339
19.989000,7.373851
19.990000,7.427016
19.991000,7.442337
19.992000,7.432781
19.993000,7.410976
19.994000,7.458624
19.995000,7.494950
19.996000,7.563228
19.997000,7.568692
19.998000,7.466494
19.999000,7.452917
20.000000,7.579225
20.001000,7.625187
20.002000,7.613217
20.003000,7.627154
20.004000,7.466859
20.005000,7.567178
20.006000,7.512334
20.007000,7.572427
20.008000,7.703499
20.009000,7.677011
20.010000,7.716433
20.011000,7.732251
20.012000,7.705380
20.013000,7.637268
20.014000,7.633131
20.015000,7.742888
20.016000,7.686207
20.017000,7.768961
20.018000,7.781604
20.019000,7.824584
20.020000,7.869850
20.021000,7.871174
20.022000,7.905511
20.023000,7.829385
20.024000,7.848912
20.025000,7.855423
20.026000,7.943111
20.027000,7.951554
20.028000,7.900947
20.029000,7.916026
20.030000,7.971627
20.031000,7.896451
20.032000,7.876180
20.033000,7.897482
20.034000,7.803739
20.035000,7.806401
20.036000,7.741886
20.037000,7.665173
20.038000,7.783469
20.039000,7.705308
20.040000,7.737519
20.041000,7.754279
20.042000,7.753241
20.043000,7.797649
20.044000,7.757138
20.045000,7.841772
20.046000,7.768945
20.047000,7.814071
20.048000,7.800208
20.049000,7.806260
20.050000,7.800615
20.051000,7.820058
20.052000,7.878761
20.053000,7.941307
20.054000,8.055045
20.055000,8.069921
20.056000,8.049824
20.057000,8.012244
20.058000,8.015517
20.059000,8.047877
20.060000,8.064747
20.061000,8.024191
20.062000,7.953273
20.063000,7.969653
20.064000,7.921616
20.065000,8.043759
20.066000,8.001161
20.067000,7.957802
20.068000,7.820457
20.069000,7.799316
20.070000,7.779631
20.071000,7.803923
20.072000,7.894956
20.073000,7.942569
20.074000,7.933726
20.075000,7.939823
20.076000,7.860995
20.077000,7.821119
20.078000,7.834027
20.079000,7.776839
20.080000,7.808506
20.081000,7.834475
20.082000,7.822628
20.083000,7.823425
20.084000,7.853040
20.085000,7.874246
20.086000,7.859321
20.087000,7.868175
20.088000,7.805669
20.089000,7.647077
20.090000,7.666057
20.091000,7.626703
20.092000,7.591307
20.093000,7.667644
20.094000,7.714032
20.095000,7.698898
20.096000,7.725403
20.097000,7.750153
20.098000,7.790004
20.099000,7.780845
20.100000,7.812605
20.101000,7.795121
20.102000,7.768841
20.103000,7.688277
20.104000,7.691096
20.105000,7.734411
20.106000,7.649223
20.107000,7.600704
20.108000,7.583537
20.109000,7.551572
20.110000,7.602408
20.111000,7.628664
20.112000,7.641191
20.113000,7.591115
20.114000,7.617826
20.115000,7.650125
20.116000,7.661979
20.117000,7.627911
20.118000,7.608343
20.119000,7.619660
20.120000,7.611710
20.121000,7.588488
20.122000,7.467792
20.123000,7.443947
20.124000,7.542021
20.125000,7.500544
20.126000,7.467457
20.127000,7.494744
20.128000,7.521785
20.129000,7.577086
20.130000,7.630827
20.131000,7.682003
20.132000,7.746103
20.133000,7.686526
20.134000,7.718459
20.135000,7.632226
20.136000,7.686098
20.137000,7.785897
20.138000,7.853240
20.139000,7.851567
20.140000,7.909367
20.141000,7.862095
20.142000,7.805533
20.143000,7.717582
20.144000,7.767003
20.145000,7.719731
20.146000,7.635021
20.147000,7.647503
20.148000,7.809023
20.149000,7.774332
20.150000,7.728299
20.151000,7.733113
20.152000,7.746112
20.153000,7.732579
20.154000,7.735989
20.155000,7.759972
20.156000,7.839298
20.157000,7.815257
20.158000,7.778244
20.159000,7.839249
20.160000,7.928966
20.161000,7.947015
20.162000,7.920801
20.163000,7.907810
20.164000,7.920167
20.165000,7.821981
20.166000,7.873956
20.167000,7.776623
20.168000,7.837108
20.169000,7.821159
20.170000,7.768636
20.171000,7.922430
20.172000,7.893315
20.173000,7.926051
20.174000,8.065536
20.175000,7.991961
20.176000,7.875178
20.177000,7.952741
20.178000,7.822519
20.179000,7.859683
20.180000,7.848174
20.181000,7.802781
20.182000,7.868571
20.183000,7.946428
20.184000,7.824921
20.185000,7.795536
20.186000,7.798282
20.187000,7.766332
20.188000,7.825524
20.189000,7.809181
20.190000,7.800228
20.191000,7.794836
20.192000,7.742916
20.193000,7.698113
20.194000,7.677746
20.195000,7.759754
20.196000,7.788986
20.197000,7.900053
20.198000,7.931641
20.199000,7.986679
20.200000,8.150192
20.201000,8.134986
20.202000,8.130775
20.203000,8.243681
20.204000,8.258062
20.205000,8.244196
20.206000,8.304735
20.207000,8.324858
20.208000,8.346491
20.209000,8.366298
20.210000,8.344138
20.211000,8.349499
20.212000,8.280941
20.213000,8.226720
20.214000,8.206630
20.215000,8.234830
20.216000,8.234711
20.217000,8.225155
20.218000,8.192953
20.219000,8.265680
20.220000,8.202715
20.221000,8.186500
20.222000,8.161418
20.223000,8.177732
20.224000,8.210964
20.225000,8.118735
20.226000,8.143707
20.227000,8.108572
20.228000,8.008548
20.229000,8.090969
20.230000,8.106594
20.231000,8.099416
20.232000,8.132289
20.233000,8.147718
20.234000,8.165708
20.235000,8.239450
20.236000,8.345243
20.237000,8.323672
20.238000,8.361751
20.239000,8.379100
20.240000,8.356487
20.241000,8.362395
20.242000,8.378340
20.243000,8.379922
20.244000,8.416247
20.245000,8.448222
20.246000,8.419485
20.247000,8.435930
20.248000,8.496048
20.249000,8.471188
20.250000,8.452071
20.251000,8.429390
20.252000,8.314926
20.253000,8.340819
20.254000,8.390298
20.255000,8.359815
20.256000,8.363277
20.257000,8.314608
20.258000,8.378103
20.259000,8.456749
20.260000,8.539415
20.261000,8.572424
20.262000,8.555569
20.263000,8.519794
20.264000,8.445559
20.265000,8.447415
20.266000,8.477133
20.267000,8.488753
20.268000,8.544005
20.269000,8.550963
20.270000,8.610516
20.271000,8.565108
20.272000,8.630751
20.273000,8.698019
20.274000,8.677068
20.275000,8.681889
20.276000,8.620231
20.277000,8.715882
20.278000,8.799353
20.279000,8.853800
20.280000,8.829110
20.281000,8.848309
20.282000,8.824472
20.283000,8.761651
20.284000,8.759971
20.285000,8.747747
20.286000,8.718793
20.287000,8.671088
20.288000,8.667795
20.289000,8.669549
20.290000,8.632428
20.291000,8.647290
20.292000,8.687415
20.293000,8.671510
20.294000,8.683892
20.295000,8.677495
20.296000,8.714302
20.297000,8.765497
20.298000,8.773010
20.299000,8.637130
20.300000,8.680332
20.301000,8.606188
20.302000,8.724454
20.303000,8.728175
20.304000,8.790169
20.305000,8.901253
20.306000,8.816477
20.307000,8.845541
20.308000,8.868203
20.309000,8.858883
20.310000,8.725096
20.311000,8.712288
20.312000,8.772204
20.313000,8.742275
20.314000,8.766182
20.315000,8.777881
20.316000,8.825718
20.317000,8.809797
20.318000,8.733076
20.319000,8.822081
20.320000,8.786406
20.321000,8.767815
20.322000,8.721063
20.323000,8.779263
20.324000,8.873505
20.325000,8.913457
20.326000,8.873283
20.327000,8.870258
20.328000,8.784039
20.329000,8.801158
20.330000,8.689488
20.331000,8.845181
20.332000,8.835357
20.333000,8.888107
20.334000,8.847782
20.335000,8.801240
20.336000,8.799671
20.337000,8.833574
20.338000,8.820587
20.339000,8.864927
20.340000,8.909918
20.341000,8.945836
20.342000,8.960104
20.343000,8.914037
20.344000,8.913015
20.345000,8.973982
20.346000,8.926325
20.347000,8.907544
20.348000,8.973047
20.349000,8.947127
20.350000,8.999751
20.351000,8.994634
20.352000,8.952952
20.353000,8.977061
20.354000,9.044935
20.355000,8.997293
20.356000,8.974394
20.357000,8.944826
20.358000,8.898684
20.359000,8.889681
20.360000,8.999661
20.361000,8.985197
20.362000,9.054212
20.363000,9.091112
20.364000,9.080953
20.365000,9.052569
20.366000,9.069979
20.367000,9.074523
20.368000,9.158112
20.369000,9.142948
20.370000,9.185502
20.371000,9.140275
20.372000,9.140130
20.373000,9.149140
20.374000,9.210292
20.375000,9.323931
20.376000,9.417326
20.377000,9.431992
20.378000,9.506776
20.379000,9.559497
20.380000,9.564721
20.381000,9.637335
20.382000,9.590582
20.383000,9.574775
20.384000,9.533926
20.385000,9.606806
20.386000,9.606285
20.387000,9.564140
20.388000,9.564244
20.389000,9.487567
20.390000,9.430812
20.391000,9.412667
20.392000,9.428305
20.393000,9.443308
20.394000,9.503189
20.395000,9.531345
20.396000,9.567350
20.397000,9.495922
20.398000,9.494207
20.399000,9.392227
20.400000,9.439541
20.401000,9.446877
20.402000,9.448470
20.403000,9.442661
20.404000,9.376799
20.405000,9.407126
20.406000,9.302339
20.407000,9.174337
20.408000,9.119195
20.409000,9.117024
20.410000,9.144940
20.411000,9.120049
20.412000,9.215204
20.413000,9.232047
20.414000,9.171805
20.415000,9.201699
20.416000,9.110886
20.417000,9.165284
20.418000,9.168864
20.419000,9.205887
20.420000,9.129675
20.421000,9.231627
20.422000,9.314389
20.423000,9.375978
20.424000,9.342424
20.425000,9.295417
20.426000,9.317571
20.427000,9.313089
20.428000,9.352637
20.429000,9.291734
20.430000,9.310816
20.431000,9.297438
20.432000,9.406962
20.433000,9.426468
20.434000,9.363915
20.435000,9.446390
20.436000,9.359727
20.437000,9.375482
20.438000,9.419883
20.439000,9.394024
20.440000,9.409423
20.441000,9.409512
20.442000,9.410594
20.443000,9.305064
20.444000,9.286967
20.445000,9.303625
20.446000,9.251122
20.447000,9.241802
20.448000,9.232215
20.449000,9.255438
20.450000,9.153404
20.451000,9.166657
20.452000,9.125866
20.453000,9.132709
20.454000,9.071279
20.455000,9.146897
20.456000,9.124568
20.457000,9.097929
20.458000,9.158406
20.459000,9.112472
20.460000,9.165048
20.461000,9.221122
20.462000,9.271042
20.463000,9.317659
20.464000,9.375367
20.465000,9.312505
20.466000,9.292443
20.467000,9.289335
20.468000,9.265653
20.469000,9.245784
20.470000,9.204996
20.471000,9.176623
20.472000,9.207445
20.473000,9.154904
20.474000,9.170044
20.475000,9.085721
20.476000,9.081635
20.477000,9.112458
20.478000,9.212077
20.479000,9.242648
20.480000,9.205320
20.481000,9.146899
20.482000,9.131536
20.483000,9.182729
20.484000,9.097906
20.485000,9.137890
20.486000,9.122824
20.487000,9.186145
20.488000,9.183921
20.489000,9.195246
20.490000,9.210420
20.491000,9.210900
20.492000,9.189627
20.493000,9.183016
20.494000,9.157780
20.495000,9.184962
20.496000,9.195609
20.497000,9.125209
20.498000,9.154380
20.499000,9.236461
20.500000,9.205048
20.501000,9.165399
20.502000,9.186048
20.503000,9.258233
20.504000,9.290574
20.505000,9.338133
20.506000,9.433255
20.507000,9.349958
20.508000,9.409768
20.509000,9.436029
20.510000,9.558931
20.511000,9.531983
20.512000,9.415004
20.513000,9.462253
20.514000,9.430917
20.515000,9.373913
20.516000,9.383434
20.517000,9.356463
20.518000,9.235383
20.519000,9.333108
20.520000,9.342753
20.521000,9.249783
20.522000,9.262521
20.523000,9.248456
20.524000,9.258986
20.525000,9.245757
20.526000,9.243000
20.527000,9.284387
20.528000,9.200862
20.529000,9.252575
20.530000,9.176003
20.531000,9.206731
20.532000,9.213929
20.533000,9.181790
20.534000,9.143757
20.535000,9.129035
20.536000,9.185057
20.537000,9.257067
20.538000,9.226290
20.539000,9.297239
20.540000,9.265643
20.541000,9.285166
20.542000,9.207852
20.543000,9.224281
20.544000,9.219724
20.545000,9.248327
20.546000,9.230801
20.547000,9.295100
20.548000,9.266754
20.549000,9.194689
20.550000,9.262150
20.551000,9.249260
20.552000,9.286301
20.553000,9.310671
20.554000,9.345276
20.555000,9.335182
20.556000,9.396462
20.557000,9.331448
20.558000,9.399236
20.559000,9.450549
20.560000,9.430645
20.561000,9.407308
20.562000,9.455631
20.563000,9.519164
20.564000,9.561504
20.565000,9.556401
20.566000,9.594122
20.567000,9.676871
20.568000,9.600447
20.569000,9.579104
20.570000,9.612815
20.571000,9.564899
20.572000,9.568355
20.573000,9.522509
20.574000,9.456332
20.575000,9.349978
20.576000,9.309015
20.577000,9.270839
20.578000,9.261949
20.579000,9.196409
20.580000,9.292809
20.581000,9.177243
20.582000,9.207463
20.583000,9.111402
20.584000,9.187804
20.585000,9.167764
20.586000,9.199253
20.587000,9.177746
20.588000,9.196417
20.589000,9.101693
20.590000,9.024885
20.591000,8.952259
20.592000,9.048219
20.593000,9.036556
20.594000,9.075657
20.595000,9.120041
20.596000,9.123623
20.597000,9.074187
20.598000,9.018758
20.599000,9.079404
20.600000,9.186819
20.601000,9.180242
20.602000,9.263682
20.603000,9.316295
20.604000,9.409883
20.605000,9.344338
20.606000,9.326218
20.607000,9.319703
20.608000,9.308179
20.609000,9.309311
20.610000,9.329887
20.611000,9.285140
20.612000,9.275701
20.613000,9.193289
20.614000,9.188744
20.615000,9.170123
20.616000,9.139437
20.617000,9.184635
20.618000,9.212294
20.619000,9.219093
20.620000,9.298496
20.621000,9.311471
20.622000,9.314018
20.623000,9.335106
20.624000,9.288148
20.625000,9.252135
20.626000,9.207551
20.627000,9.215885
20.628000,9.257946
20.629000,9.221192
20.630000,9.189778
20.631000,9.169886
20.632000,9.164669
20.633000,9.217154
20.634000,9.184678
20.635000,9.090348
20.636000,9.063304
20.637000,9.043105
20.638000,9.022106
20.639000,9.035917
20.640000,8.961514
20.641000,9.049376
20.642000,9.060565
20.643000,9.175178
20.644000,9.149230
20.645000,9.174595
20.646000,9.145829
20.647000,9.162736
20.648000,9.285598
20.649000,9.355427
20.650000,9.397538
20.651000,9.404386
20.652000,9.376437
20.653000,9.391703
20.654000,9.329930
20.655000,9.309545
20.656000,9.270731
20.657000,9.271202
20.658000,9.279808
20.659000,9.161183
20.660000,9.218932
20.661000,9.096661
20.662000,9.112553
20.663000,9.062672
20.664000,9.010524
20.665000,8.953473
20.666000,8.876688
20.667000,8.808914
20.668000,8.765595
20.669000,8.763128
20.670000,8.734228
20.671000,8.786857
20.672000,8.860441
20.673000,8.851916
20.674000,8.760186
20.675000,8.796311
20.676000,8.727209
20.677000,8.760101
20.678000,8.851584
20.679000,8.791683
20.680000,8.805235
20.681000,8.833709
20.682000,8.800926
20.683000,8.815687
20.684000,8.792193
20.685000,8.814155
20.686000,8.859420
20.687000,8.795533
20.688000,8.787295
20.689000,8.816210
20.690000,8.859555
20.691000,8.921250
20.692000,8.968620
20.693000,8.921051
20.694000,8.890273
20.695000,8.929734
20.696000,8.908216
20.697000,8.890906
20.698000,8.914044
20.699000,8.879242
20.700000,8.854396
20.701000,8.815697
20.702000,8.787033
20.703000,8.764802
20.704000,8.739903
20.705000,8.772944
20.706000,8.747635
20.707000,8.776113
20.708000,8.765312
20.709000,8.731154
20.710000,8.736082
20.711000,8.726951
20.712000,8.685423
20.713000,8.688649
20.714000,8.775879
20.715000,8.658201
20.716000,8.754791
20.717000,8.786826
20.718000,8.864788
20.719000,8.790461
20.720000,8.708679
20.721000,8.646234
20.722000,8.700996
20.723000,8.642807
20.724000,8.716935
20.725000,8.687432
20.726000,8.609811
20.727000,8.681670
20.728000,8.659298
20.729000,8.691182
20.730000,8.718693
20.731000,8.761558
20.732000,8.797540
20.733000,8.845411
20.734000,8.770163
20.735000,8.765898
20.736000,8.733193
20.737000,8.733215
20.738000,8.706652
20.739000,8.654293
20.740000,8.597226
20.741000,8.537387
20.742000,8.606522
20.743000,8.573875
20.744000,8.710931
20.745000,8.761892
20.746000,8.706680
20.747000,8.748393
20.748000,8.758168
20.749000,8.720809
20.750000,8.612241
20.751000,8.507725
20.752000,8.586965
20.753000,8.606860
20.754000,8.639132
20.755000,8.677427
20.756000,8.708055
20.757000,8.638133
20.758000,8.654058
20.759000,8.628132
20.760000,8.566004
20.761000,8.651448
20.762000,8.675608
20.763000,8.613529
20.764000,8.587864
20.765000,8.636347
20.766000,8.618207
20.767000,8.669338
20.768000,8.664817
20.769000,8.752628
20.770000,8.819878
20.771000,8.826535
20.772000,8.757285
20.773000,8.891645
20.774000,8.841826
20.775000,8.835994
20.776000,8.825706
20.777000,8.889802
20.778000,8.937079
20.779000,8.975414
20.780000,8.925965
20.781000,8.807447
20.782000,8.789868
20.783000,8.755514
20.784000,8.724683
20.785000,8.793043
20.786000,8.830025
20.787000,8.878086
20.788000,8.891818
20.789000,8.929787
20.790000,8.833420
20.791000,8.827076
20.792000,8.851931
20.793000,8.821391
20.794000,8.895100
20.795000,8.806061
20.796000,8.838967
20.797000,8.790726
20.798000,8.866506
20.799000,8.882533
20.800000,8.920871
20.801000,8.821410
20.802000,8.873178
20.803000,8.826996
20.804000,8.758300
20.805000,8.621886
20.806000,8.507937
20.807000,8.535544
20.808000,8.612935
20.809000,8.591244
20.810000,8.476774
20.811000,8.496181
20.812000,8.480239
20.813000,8.578653
20.814000,8.537584
20.815000,8.518882
20.816000,8.554499
20.817000,8.611280
20.818000,8.724330
20.819000,8.777389
20.820000,8.814103
20.821000,8.809835
20.822000,8.903620
20.823000,8.937071
20.824000,8.914192
20.825000,8.908257
20.826000,8.899535
20.827000,8.866792
20.828000,8.805539
20.829000,8.718530
20.830000,8.704992
20.831000,8.655906
20.832000,8.619788
20.833000,8.546867
20.834000,8.575151
20.835000,8.559051
20.836000,8.518776
20.837000,8.557596
20.838000,8.622623
20.839000,8.569083
20.840000,8.479000
20.841000,8.505247
20.842000,8.483304
20.843000,8.498374
20.844000,8.505310
20.845000,8.553326
20.846000,8.543027
20.847000,8.534012
20.848000,8.518743
20.849000,8.410336
20.850000,8.422580
20.851000,8.421215
20.852000,8.395262
20.853000,8.366966
20.854000,8.290355
20.855000,8.260713
20.856000,8.187324
20.857000,8.242562
20.858000,8.277640
20.859000,8.344700
20.860000,8.298741
20.861000,8.314291
20.862000,8.298401
20.863000,8.389454
20.864000,8.437579
20.865000,8.549901
20.866000,8.571080
20.867000,8.584442
20.868000,8.631804
20.869000,8.651645
20.870000,8.730250
20.871000,8.717321
20.872000,8.730234
20.873000,8.824341
20.874000,8.895981
20.875000,8.902963
20.876000,8.859835
20.877000,8.882281
20.878000,8.920169
20.879000,8.929364
20.880000,8.888891
20.881000,8.892066
20.882000,8.843362
20.883000,8.932726
20.884000,8.930946
20.885000,8.811141
20.886000,8.810812
20.887000,8.864087
20.888000,8.880368
20.889000,8.917400
20.890000,8.972491
20.891000,8.883609
20.892000,8.852873
20.893000,8.911117
20.894000,8.795691
20.895000,8.812903
20.896000,8.782435
20.897000,8.782418
20.898000,8.815402
20.899000,8.876594
20.900000,8.846422
20.901000,8.803144
20.902000,8.867469
20.903000,8.891195
20.904000,8.937225
20.905000,8.858612
20.906000,8.837108
20.907000,8.701263
20.908000,8.614289
20.909000,8.700479
20.910000,8.697484
20.911000,8.578360
20.912000,8.626092
20.913000,8.578020
20.914000,8.669405
20.915000,8.638021
20.916000,8.715525
20.917000,8.689604
20.918000,8.684120
20.919000,8.756106
20.920000,8.685155
20.921000,8.563452
20.922000,8.524470
20.923000,8.538910
20.924000,8.541227
20.925000,8.530031
20.926000,8.539780
20.927000,8.546059
20.928000,8.470342
20.929000,8.471859
20.930000,8.460594
20.931000,8.465413
20.932000,8.491540
20.933000,8.494452
20.934000,8.511083
20.935000,8.546372
20.936000,8.506465
20.937000,8.457866
20.938000,8.517899
20.939000,8.519007
20.940000,8.495854
20.941000,8.469615
20.942000,8.510314
20.943000,8.475693
20.944000,8.505084
20.945000,8.495857
20.946000,8.522471
20.947000,8.466477
20.948000,8.428107
20.949000,8.471358
20.950000,8.502769
20.951000,8.386067
20.952000,8.371387
20.953000,8.308389
20.954000,8.336563
20.955000,8.328512
20.956000,8.354559
20.957000,8.438050
20.958000,8.473567
20.959000,8.471038
20.960000,8.402554
20.961000,8.383088
20.962000,8.295673
20.963000,8.312552
20.964000,8.357275
20.965000,8.295199
20.966000,8.269837
20.967000,8.335446
20.968000,8.346669
20.969000,8.268019
20.970000,8.322534
20.971000,8.307378
20.972000,8.367801
20.973000,8.352067
20.974000,8.433994
20.975000,8.377803
20.976000,8.397255
20.977000,8.413551
20.978000,8.424662
20.979000,8.505418
20.980000,8.505792
20.981000,8.526055
20.982000,8.457003
20.983000,8.463100
20.984000,8.528184
20.985000,8.519253
20.986000,8.371133
20.987000,8.363952
20.988000,8.404313
20.989000,8.449763
20.990000,8.469939
20.991000,8.502671
20.992000,8.505226
20.993000,8.558041
20.994000,8.537402
20.995000,8.592087
20.996000,8.513465
20.997000,8.565649
20.998000,8.530898
20.999000,8.537875
21.000000,8.588649
21.001000,8.578602
21.002000,8.603462
21.003000,8.512582
21.004000,8.500340
21.005000,8.507115
21.006000,8.586241
21.007000,8.579617
21.008000,8.548021
21.009000,8.530826
21.010000,8.519640
21.011000,8.548195
21.012000,8.547986
21.013000,8.551136
21.014000,8.543435
21.015000,8.530374
21.016000,8.544328
21.017000,8.505226
21.018000,8.541472
21.019000,8.509238
21.020000,8.517919
21.021000,8.474935
21.022000,8.416035
21.023000,8.345460
21.024000,8.292501
21.025000,8.254876
21.026000,8.318943
21.027000,8.404854
21.028000,8.398015
21.029000,8.322911
21.030000,8.306900
21.031000,8.278113
21.032000,8.266325
21.033000,8.270055
21.034000,8.319713
21.035000,8.427325
21.036000,8.432802
21.037000,8.347067
21.038000,8.313017
21.039000,8.315495
21.040000,8.362043
21.041000,8.286963
21.042000,8.253776
21.043000,8.175696
21.044000,8.173506
21.045000,8.234200
21.046000,8.218420
21.047000,8.237726
21.048000,8.217316
21.049000,8.187615
21.050000,8.136783
21.051000,8.099075
21.052000,8.129251
21.053000,8.130177
21.054000,8.122492
21.055000,8.107561
21.056000,8.103465
21.057000,8.111488
21.058000,8.128008
21.059000,8.092236
21.060000,8.135204
21.061000,8.224036
21.062000,8.357863
21.063000,8.296522
21.064000,8.172901
21.065000,8.204827
21.066000,8.167545
21.067000,8.140012
21.068000,8.172988
21.069000,8.245544
21.070000,8.218362
21.071000,8.153653
21.072000,8.049914
21.073000,8.015194
21.074000,8.104926
21.075000,8.133933
21.076000,8.086931
21.077000,8.093289
21.078000,8.109809
21.079000,8.199725
21.080000,8.237090
21.081000,8.193372
21.082000,8.234913
21.083000,8.240518
21.084000,8.230192
21.085000,8.222165
21.086000,8.239456
21.087000,8.192959
21.088000,8.158578
21.089000,8.148863
21.090000,8.142055
21.091000,8.237701
21.092000,8.220870
21.093000,8.246831
21.094000,8.173498
21.095000,8.113944
21.096000,8.052940
21.097000,8.098554
21.098000,8.175260
21.099000,8.146061
21.100000,8.166243
21.101000,8.161437
21.102000,8.181337
21.103000,8.080700
21.104000,8.081350
21.105000,8.208932
21.106000,8.178830
21.107000,8.220350
21.108000,8.160885
21.109000,8.181398
21.110000,8.222791
21.111000,8.247262
21.112000,8.196225
21.113000,8.275358
21.114000,8.197868
21.115000,8.167056
21.116000,8.206919
21.117000,8.209319
21.118000,8.171452
21.119000,8.162411
21.120000,8.115401
21.121000,8.071002
21.122000,8.151235
21.123000,8.132452
21.124000,8.040075
21.125000,8.027795
21.126000,8.148499
21.127000,8.080521
21.128000,8.036765
21.129000,7.991034
21.130000,7.961533
21.131000,7.857907
21.132000,7.810061
21.133000,7.853825
21.134000,7.796296
21.135000,7.765773
21.136000,7.704910
21.137000,7.723500
21.138000,7.691289
21.139000,7.708491
21.140000,7.636958
21.141000,7.631910
21.142000,7.616401
21.143000,7.551101
21.144000,7.470826
21.145000,7.484925
21.146000,7.459296
21.147000,7.447339
21.148000,7.398134
21.149000,7.357767
21.150000,7.300628
21.151000,7.280584
21.152000,7.326619
21.153000,7.252454
21.154000,7.228779
21.155000,7.181365
21.156000,7.237693
21.157000,7.267837
21.158000,7.347449
21.159000,7.407417
21.160000,7.422370
21.161000,7.463464
21.162000,7.518701
21.163000,7.497720
21.164000,7.394806
21.165000,7.396156
21.166000,7.403394
21.167000,7.418887
21.168000,7.440357
21.169000,7.415432
21.170000,7.424017
21.171000,7.493222
21.172000,7.490048
21.173000,7.502740
21.174000,7.545406
21.175000,7.580352
21.176000,7.662874
21.177000,7.604909
21.178000,7.730552
21.179000,7.702346
21.180000,7.670356
21.181000,7.714230
21.182000,7.676959
21.183000,7.663687
21.184000,7.542576
21.185000,7.490214
21.186000,7.551610
21.187000,7.595305
21.188000,7.573668
21.189000,7.575406
21.190000,7.693800
21.191000,7.693263
21.192000,7.644697
21.193000,7.718317
21.194000,7.761630
21.195000,7.695383
21.196000,7.744172
21.197000,7.811960
21.198000,7.783046
21.199000,7.799074
21.200000,7.797464
21.201000,7.826915
21.202000,7.778982
21.203000,7.888891
21.204000,7.823243
21.205000,7.849765
21.206000,7.751115
21.207000,7.791663
21.208000,7.743755
21.209000,7.749285
21.210000,7.802395
21.211000,7.698598
21.212000,7.708252
21.213000,7.649032
21.214000,7.640829
21.215000,7.627549
21.216000,7.715576
21.217000,7.759064
21.218000,7.776688
21.219000,7.775632
21.220000,7.757018
21.221000,7.687343
21.222000,7.599586
21.223000,7.613547
21.224000,7.770393
21.225000,7.738923
21.226000,7.683490
21.227000,7.660218
21.228000,7.669975
21.229000,7.675574
21.230000,7.730755
21.231000,7.762457
21.232000,7.806146
21.233000,7.773299
21.234000,7.785410
21.235000,7.760952
21.236000,7.762750
21.237000,7.866460
21.238000,7.865981
21.239000,7.873543
21.240000,8.033072
21.241000,8.099064
21.242000,8.240024
21.243000,8.210951
21.244000,8.244086
21.245000,8.291582
21.246000,8.163803
21.247000,8.162460
21.248000,8.137724
21.249000,8.207933
21.250000,8.119895
21.251000,8.139405
21.252000,8.195492
21.253000,8.292506
21.254000,8.327428
21.255000,8.393124
21.256000,8.432673
21.257000,8.374315
21.258000,8.328996
21.259000,8.162172
21.260000,8.188587
21.261000,8.293134
21.262000,8.199211
21.263000,8.190760
21.264000,8.244852
21.265000,8.187915
21.266000,8.116578
21.267000,8.192445
21.268000,8.288045
21.269000,8.353258
21.270000,8.362419
21.271000,8.340813
21.272000,8.375253
21.273000,8.300987
21.274000,8.305891
21.275000,8.326324
21.276000,8.300784
21.277000,8.309079
21.278000,8.343184
21.279000,8.365287
21.280000,8.435261
21.281000,8.319241
21.282000,8.173269
21.283000,8.076734
21.284000,8.078698
21.285000,8.189745
21.286000,8.213466
21.287000,8.193520
21.288000,8.133765
21.289000,8.139821
21.290000,8.091360
21.291000,8.035320
21.292000,8.035677
21.293000,8.035635
21.294000,8.023912
21.295000,7.999479
21.296000,8.048962
21.297000,8.072755
21.298000,7.987960
21.299000,7.929215
21.300000,7.943979
21.301000,7.943007
21.302000,7.897903
21.303000,7.910333
21.304000,7.866339
21.305000,7.820701
21.306000,7.767361
21.307000,7.821983
21.308000,7.877698
21.309000,7.930506
21.310000,7.919056
21.311000,7.842958
21.312000,7.901596
21.313000,7.873064
21.314000,7.911516
21.315000,7.996442
21.316000,8.026292
21.317000,8.062198
21.318000,8.063981
21.319000,8.003461
21.320000,8.062101
21.321000,8.094238
21.322000,8.088412
21.323000,8.087788
21.324000,8.121712
21.325000,8.079237
21.326000,8.096616
21.327000,8.131889
21.328000,8.178225
21.329000,8.099937
21.330000,8.020154
21.331000,8.029202
21.332000,8.027135
21.333000,8.069588
21.334000,8.035470
21.335000,8.043156
21.336000,8.079906
21.337000,8.052139
21.338000,8.080304
21.339000,8.162338
21.340000,8.212137
21.341000,8.222774
21.342000,8.277489
21.343000,8.306498
21.344000,8.374101
21.345000,8.407024
21.346000,8.406482
21.347000,8.362917
21.348000,8.363913
21.349000,8.307374
21.350000,8.272513
21.351000,8.275104
21.352000,8.370688
21.353000,8.315058
21.354000,8.299917
21.355000,8.230773
21.356000,8.280887
21.357000,8.289461
21.358000,8.350482
21.359000,8.396426
21.360000,8.404010
21.361000,8.377596
21.362000,8.388963
21.363000,8.401272
21.364000,8.375125
21.365000,8.542514
21.366000,8.641017
21.367000,8.580705
21.368000,8.676774
21.369000,8.660266
21.370000,8.689774
21.371000,8.649300
21.372000,8.676759
21.373000,8.649960
21.374000,8.623818
21.375000,8.764241
21.376000,8.731619
21.377000,8.691381
21.378000,8.820879
21.379000,8.754809
21.380000,8.798278
21.381000,8.902846
21.382000,8.998274
21.383000,8.981599
21.384000,8.944553
21.385000,8.978317
21.386000,9.027642
21.387000,8.977048
21.388000,8.929564
21.389000,8.861403
21.390000,8.829644
21.391000,8.835849
21.392000,8.748211
21.393000,8.721456
21.394000,8.695400
21.395000,8.740067
21.396000,8.669751
21.397000,8.664655
21.398000,8.760344
21.399000,8.772827
21.400000,8.804128
21.401000,8.765605
21.402000,8.870134
21.403000,8.818583
21.404000,8.800164
21.405000,8.799278
21.406000,8.816000
21.407000,8.808995
21.408000,8.759279
21.409000,8.773884
21.410000,8.932573
21.411000,8.911519
21.412000,8.961827
21.413000,9.069441
21.414000,8.992657
21.415000,8.942721
21.416000,8.954212
21.417000,9.021134
21.418000,9.019172
21.419000,9.044163
21.420000,9.018784
21.421000,9.105496
21.422000,9.109077
21.423000,9.186695
21.424000,9.237318
21.425000,9.179594
21.426000,9.163274
21.427000,9.119546
21.428000,9.083968
21.429000,9.148512
21.430000,9.107645
21.431000,9.121643
21.432000,9.053660
21.433000,9.058874
21.434000,9.067874
21.435000,9.151144
21.436000,9.196229
21.437000,9.158471
21.438000,9.117984
21.439000,9.105478
21.440000,9.063663
21.441000,9.050684
21.442000,9.057616
21.443000,9.090536
21.444000,9.076788
21.445000,9.086319
21.446000,9.155220
21.447000,9.239281
21.448000,9.252622
21.449000,9.248561
21.450000,9.334896
21.451000,9.345715
21.452000,9.459000
21.453000,9.436369
21.454000,9.501108
21.455000,9.549396
21.456000,9.671327
21.457000,9.584809
21.458000,9.586159
21.459000,9.517193
21.460000,9.558813
21.461000,9.541910
21.462000,9.547897
21.463000,9.527901
21.464000,9.521520
21.465000,9.437363
21.466000,9.450814
21.467000,9.494566
21.468000,9.506268
21.469000,9.535384
21.470000,9.530844
21.471000,9.508667
21.472000,9.669142
21.473000,9.677351
21.474000,9.674035
21.475000,9.701108
21.476000,9.763239
21.477000,9.690047
21.478000,9.702329
21.479000,9.774335
21.480000,9.816569
21.481000,9.742148
21.482000,9.702462
21.483000,9.761424
21.484000,9.752479
21.485000,9.750189
21.486000,9.773024
21.487000,9.803238
21.488000,9.840569
21.489000,9.783675
21.490000,9.750527
21.491000,9.726264
21.492000,9.624905
21.493000,9.617399
21.494000,9.653651
21.495000,9.662207
21.496000,9.727397
21.497000,9.716019
21.498000,9.649324
21.499000,9.613087
21.500000,9.695098
21.501000,9.747315
21.502000,9.657302
21.503000,9.583907
21.504000,9.741646
21.505000,9.660521
21.506000,9.617489
21.507000,9.649435
21.508000,9.590128
21.509000,9.582653
21.510000,9.678647
21.511000,9.666701
21.512000,9.581006
21.513000,9.592241
21.514000,9.536357
21.515000,9.587758
21.516000,9.628909
21.517000,9.588076
21.518000,9.606748
21.519000,9.628301
21.520000,9.566427
21.521000,9.583598
21.522000,9.493934
21.523000,9.496204
21.524000,9.415497
21.525000,9.304342
21.526000,9.301934
21.527000,9.285089
21.528000,9.297478
21.529000,9.337266
21.530000,9.343605
21.531000,9.270448
21.532000,9.267463
21.533000,9.322577
21.534000,9.327943
21.535000,9.333338
21.536000,9.319416
21.537000,9.293753
21.538000,9.205004
21.539000,9.119596
21.540000,9.111584
21.541000,9.089034
21.542000,9.127652
21.543000,9.081608
21.544000,9.180543
21.545000,9.257999
21.546000,9.307901
21.547000,9.387135
21.548000,9.416791
21.549000,9.479974
21.550000,9.518654
21.551000,9.479905
21.552000,9.541437
21.553000,9.479177
21.554000,9.486730
21.555000,9.487292
21.556000,9.458196
21.557000,9.404425
21.558000,9.407999
21.559000,9.435666
21.560000,9.382303
21.561000,9.277701
21.562000,9.361139
21.563000,9.297806
21.564000,9.334837
21.565000,9.203921
21.566000,9.154960
21.567000,9.132336
21.568000,9.217184
21.569000,9.253428
21.570000,9.217834
21.571000,9.186517
21.572000,9.193596
21.573000,9.224350
21.574000,9.200559
21.575000,9.235211
21.576000,9.140275
21.577000,9.151427
21.578000,9.118658
21.579000,9.087131
21.580000,9.102561
21.581000,9.064071
21.582000,9.038826
21.583000,9.085464
21.584000,9.133954
21.585000,9.231183
21.586000,9.174029
21.587000,9.256252
21.588000,9.268182
21.589000,9.251579
21.590000,9.218902
21.591000,9.317890
21.592000,9.364752
21.593000,9.421655
21.594000,9.522512
21.595000,9.457888
21.596000,9.504990
21.597000,9.530242
21.598000,9.607927
21.599000,9.599277
21.600000,9.653618
21.601000,9.655012
21.602000,9.730722
21.603000,9.750737
21.604000,9.721905
21.605000,9.737002
21.606000,9.736356
21.607000,9.736347
21.608000,9.699893
21.609000,9.721820
21.610000,9.720015
21.611000,9.735835
21.612000,9.786105
21.613000,9.759768
21.614000,9.815749
21.615000,9.830285
21.616000,9.880593
21.617000,9.882705
21.618000,9.779641
21.619000,9.813008
21.620000,9.924483
21.621000,10.043663
21.622000,10.111868
21.623000,10.183463
21.624000,10.195825
21.625000,10.086422
21.626000,10.037969
21.627000,9.982127
21.628000,9.910726
21.629000,9.891630
21.630000,9.960744
21.631000,10.024331
21.632000,9.985821
21.633000,9.950755
21.634000,9.940357
21.635000,9.990095
21.636000,9.953794
21.637000,10.068392
21.638000,10.058478
21.639000,9.963434
21.640000,9.976580
21.641000,9.931833
21.642000,9.904989
21.643000,9.992668
21.644000,10.069583
21.645000,10.184621
21.646000,10.225446
21.647000,10.159750
21.648000,10.128159
21.649000,10.182131
21.650000,10.231349
21.651000,10.238014
21.652000,10.322145
21.653000,10.295794
21.654000,10.336935
21.655000,10.349686
21.656000,10.176068
21.657000,10.116475
21.658000,10.054985
21.659000,10.092771
21.660000,10.175048
21.661000,10.217786
21.662000,10.385654
21.663000,10.413675
21.664000,10.477160
21.665000,10.498207
21.666000,10.569316
21.667000,10.551158
21.668000,10.446988
21.669000,10.447500
21.670000,10.517705
21.671000,10.480078
21.672000,10.472608
21.673000,10.411306
21.674000,10.366333
21.675000,10.306309
21.676000,10.232499
21.677000,10.255963
21.678000,10.162931
21.679000,10.170147
21.680000,10.115292
21.681000,10.129319
21.682000,10.160315
21.683000,10.163249
21.684000,10.278438
21.685000,10.276495
21.686000,10.320698
21.687000,10.315100
21.688000,10.297288
21.689000,10.318809
21.690000,10.380475
21.691000,10.319059
21.692000,10.320552
21.693000,10.360789
21.694000,10.366496
21.695000,10.428210
21.696000,10.431503
21.697000,10.460166
21.698000,10.442638
21.699000,10.461984
21.700000,10.454610
21.701000,10.487130
21.702000,10.438621
21.703000,10.431869
21.704000,10.427371
21.705000,10.456705
21.706000,10.388703
21.707000,10.273708
21.708000,10.292905
21.709000,10.228310
21.710000,10.252768
21.711000,10.201845
21.712000,10.192760
21.713000,10.102288
21.714000,10.111320
21.715000,10.190369
21.716000,10.295301
21.717000,10.272840
21.718000,10.285037
21.719000,10.263208
21.720000,10.351223
21.721000,10.265405
21.722000,10.345282
21.723000,10.468676
21.724000,10.385967
21.725000,10.361991
21.726000,10.385814
21.727000,10.456573
21.728000,10.429227
21.729000,10.360378
21.730000,10.266041
21.731000,10.308248
21.732000,10.267584
21.733000,10.337446
21.734000,10.260862
21.735000,10.248275
21.736000,10.217210
21.737000,10.212892
21.738000,10.179721
21.739000,10.096001
21.740000,10.125489
21.741000,10.158860
21.742000,10.274831
21.743000,10.307393
21.744000,10.225622
21.745000,10.325811
21.746000,10.336835
21.747000,10.349906
21.748000,10.173478
21.749000,10.260068
21.750000,10.301000
21.751000,10.212394
21.752000,10.274785
21.753000,10.324902
21.754000,10.294622
21.755000,10.345235
21.756000,10.356347
21.757000,10.443378
21.758000,10.445944
21.759000,10.444154
21.760000,10.448458
21.761000,10.495247
21.762000,10.581207
21.763000,10.708276
21.764000,10.753639
21.765000,10.802576
21.766000,10.806425
21.767000,10.839825
21.768000,10.852307
21.769000,10.753574
21.770000,10.636886
21.771000,10.613113
21.772000,10.583212
21.773000,10.583887
21.774000,10.550253
21.775000,10.553088
21.776000,10.606029
21.777000,10.610407
21.778000,10.569464
21.779000,10.614625
21.780000,10.565622
21.781000,10.551399
21.782000,10.573950
21.783000,10.557150
21.784000,10.613843
21.785000,10.627674
21.786000,10.632616
21.787000,10.661690
21.788000,10.673666
21.789000,10.609965
21.790000,10.543560
21.791000,10.519795
21.792000,10.497492
21.793000,10.501526
21.794000,10.521334
21.795000,10.521053
21.796000,10.482652
21.797000,10.472937
21.798000,10.495795
21.799000,10.499990
21.800000,10.468678
21.801000,10.464057
21.802000,10.547226
21.803000,10.511332
21.804000,10.501637
21.805000,10.554053
21.806000,10.529083
21.807000,10.468916
21.808000,10.468254
21.809000,10.420501
21.810000,10.458357
21.811000,10.557812
21.812000,10.546426
21.813000,10.562732
21.814000,10.538481
21.815000,10.571244
21.816000,10.618317
21.817000,10.616638
21.818000,10.675840
21.819000,10.704762
21.820000,10.610669
21.821000,10.539046
21.822000,10.549315
21.823000,10.472422
21.824000,10.403725
21.825000,10.406977
21.826000,10.402498
21.827000,10.447480
21.828000,10.455694
21.829000,10.546277
21.830000,10.551663
21.831000,10.584233
21.832000,10.582480
21.833000,10.487806
21.834000,10.473429
21.835000,10.580812
21.836000,10.536644
21.837000,10.521140
21.838000,10.492947
21.839000,10.591960
21.840000,10.619429
21.841000,10.638591
21.842000,10.673808
21.843000,10.726972
21.844000,10.758048
21.845000,10.808727
21.846000,10.774507
21.847000,10.664611
21.848000,10.667574
21.849000,10.700204
21.850000,10.594349
21.851000,10.489110
21.852000,10.533797
21.853000,10.485869
21.854000,10.449383
21.855000,10.477248
21.856000,10.474290
21.857000,10.493680
21.858000,10.633748
21.859000,10.624013
21.860000,10.587194
21.861000,10.580570
21.862000,10.632385
21.863000,10.601614
21.864000,10.779684
21.865000,10.767663
21.866000,10.955518
21.867000,10.973741
21.868000,10.884821
21.869000,10.791117
21.870000,10.772502
21.871000,10.788693
21.872000,10.901834
21.873000,11.049416
21.874000,11.104278
21.875000,11.235388
21.876000,11.164694
21.877000,11.098995
21.878000,11.083989
21.879000,11.112190
21.880000,11.156233
21.881000,11.160989
21.882000,11.194064
21.883000,11.146934
21.884000,11.103747
21.885000,11.079334
21.886000,11.081820
21.887000,11.024897
21.888000,11.122957
21.889000,11.093765
21.890000,11.104593
21.891000,10.979619
21.892000,11.128302
21.893000,11.167686
21.894000,11.162852
21.895000,11.093274
21.896000,11.084471
21.897000,11.184026
21.898000,11.143288
21.899000,11.117609
21.900000,11.157030
21.901000,11.115153
21.902000,11.140828
21.903000,11.146921
21.904000,11.068191
21.905000,11.104813
21.906000,11.020457
21.907000,11.047891
21.908000,11.009072
21.909000,11.046242
21.910000,10.980793
21.911000,10.993086
21.912000,11.069459
21.913000,11.202946
21.914000,11.212017
21.915000,11.315952
21.916000,11.355676
21.917000,11.382893
21.918000,11.381273
21.919000,11.379646
21.920000,11.416829
21.921000,11.363296
21.922000,11.339587
21.923000,11.307594
21.924000,11.321700
21.925000,11.266931
21.926000,11.261810
21.927000,11.308056
21.928000,11.245254
21.929000,11.219197
21.930000,11.270815
21.931000,11.315048
21.932000,11.376491
21.933000,11.353130
21.934000,11.450148
21.935000,11.352149
21.936000,11.295522
21.937000,11.230954
21.938000,11.196318
21.939000,11.213596
21.940000,11.205294
21.941000,11.253694
21.942000,11.226240
21.943000,11.288002
21.944000,11.313142
21.945000,11.315536
21.946000,11.303309
21.947000,11.251564
21.948000,11.252484
21.949000,11.330860
21.950000,11.276057
21.951000,11.223166
21.952000,11.190334
21.953000,11.160961
21.954000,11.249043
21.955000,11.242817
21.956000,11.266511
21.957000,11.343394
21.958000,11.374705
21.959000,11.326353
21.960000,11.308387
21.961000,11.375724
21.962000,11.313300
21.963000,11.288314
21.964000,11.359053
21.965000,11.291996
21.966000,11.197915
21.967000,11.253732
21.968000,11.322121
21.969000,11.316958
21.970000,11.350361
21.971000,11.299158
21.972000,11.363433
21.973000,11.319057
21.974000,11.270281
21.975000,11.262226
21.976000,11.224412
21.977000,11.266425
21.978000,11.305449
21.979000,11.342143
21.980000,11.312513
21.981000,11.321789
21.982000,11.278236
21.983000,11.282912
21.984000,11.212487
21.985000,11.248898
21.986000,11.142000
21.987000,11.143098
21.988000,11.148349
21.989000,11.163728
21.990000,11.129336
21.991000,11.182114
21.992000,11.156338
21.993000,11.174324
21.994000,11.250413
21.995000,11.224866
21.996000,11.203504
21.997000,11.050212
21.998000,11.106620
21.999000,11.122473
22.000000,11.140389
22.001000,11.108130
22.002000,11.200920
22.003000,11.228886
22.004000,11.197844
22.005000,11.208203
22.006000,11.280822
22.007000,11.293767
22.008000,11.288600
22.009000,11.314621
22.010000,11.271536
22.011000,11.166905
22.012000,11.226287
22.013000,11.168932
22.014000,11.083857
22.015000,10.983632
22.016000,10.903172
22.017000,10.967550
22.018000,10.961581
22.019000,10.904588
22.020000,10.911801
22.021000,10.892341
22.022000,10.898504
22.023000,10.881117
22.024000,10.900622
22.025000,11.008461
22.026000,11.088262
22.027000,11.069312
22.028000,10.969348
22.029000,10.856047
22.030000,10.810087
22.031000,10.784053
22.032000,10.781240
22.033000,10.786112
22.034000,10.772087
22.035000,10.789415
22.036000,10.718116
22.037000,10.697576
22.038000,10.676523
22.039000,10.672529
22.040000,10.557985
22.041000,10.552341
22.042000,10.566506
22.043000,10.563734
22.044000,10.462444
22.045000,10.524929
22.046000,10.533252
22.047000,10.494930
22.048000,10.450018
22.049000,10.442736
22.050000,10.562589
22.051000,10.664263
22.052000,10.681798
22.053000,10.795671
22.054000,10.867348
22.055000,10.861295
22.056000,10.891683
22.057000,10.840123
22.058000,10.882058
22.059000,10.950913
22.060000,10.919493
22.061000,10.949431
22.062000,11.014437
22.063000,10.993156
22.064000,11.083206
22.065000,11.041598
22.066000,11.053082
22.067000,11.087610
22.068000,11.086072
22.069000,11.005054
22.070000,11.093730
22.071000,11.136132
22.072000,11.121323
22.073000,11.101406
22.074000,11.177970
22.075000,11.113258
22.076000,11.127648
22.077000,11.120505
22.078000,11.050465
22.079000,11.079618
22.080000,11.030360
22.081000,11.092397
22.082000,11.109672
22.083000,11.082888
22.084000,11.111843
22.085000,11.102016
22.086000,11.114172
22.087000,11.238064
22.088000,11.254871
22.089000,11.209129
22.090000,11.225678
22.091000,11.253504
22.092000,11.280753
22.093000,11.259237
22.094000,11.154027
22.095000,11.064429
22.096000,11.076112
22.097000,11.036330
22.098000,10.987537
22.099000,11.115453
22.100000,11.075524
22.101000,11.091626
22.102000,11.034290
22.103000,11.084159
22.104000,11.075497
22.105000,11.081914
22.106000,11.087768
22.107000,11.090667
22.108000,11.081242
22.109000,11.090255
22.110000,11.110245
22.111000,11.197780
22.112000,11.154940
22.113000,11.217403
22.114000,11.155108
22.115000,11.149743
22.116000,11.057404
22.117000,10.994237
22.118000,10.950027
22.119000,10.845771
22.120000,10.944727
22.121000,10.971808
22.122000,10.941600
22.123000,10.850634
22.124000,10.773753
22.125000,10.770183
22.126000,10.676381
22.127000,10.730248
22.128000,10.689613
22.129000,10.696004
22.130000,10.713775
22.131000,10.612196
22.132000,10.600120
22.133000,10.613113
22.134000,10.596948
22.135000,10.593948
22.136000,10.641983
22.137000,10.605054
22.138000,10.578165
22.139000,10.664370
22.140000,10.645934
22.141000,10.691969
22.142000,10.753223
22.143000,10.648321
22.144000,10.633322
22.145000,10.679739
22.146000,10.676842
22.147000,10.720710
22.148000,10.632695
22.149000,10.636760
22.150000,10.703546
22.151000,10.754435
22.152000,10.743380
22.153000,10.757719
22.154000,10.704776
22.155000,10.569223
22.156000,10.601108
22.157000,10.572661
22.158000,10.627734
22.159000,10.740503
22.160000,10.649065
22.161000,10.657646
22.162000,10.676992
22.163000,10.643656
22.164000,10.685247
22.165000,10.653227
22.166000,10.633608
22.167000,10.637065
22.168000,10.745082
22.169000,10.733122
22.170000,10.807641
22.171000,10.939583
22.172000,11.003956
22.173000,10.931936
22.174000,10.938620
22.175000,10.962382
22.176000,11.006019
22.177000,11.002563
22.178000,10.948485
22.179000,10.940268
22.180000,11.004953
22.181000,11.066876
22.182000,11.129924
22.183000,11.161029
22.184000,11.249141
22.185000,11.296693
22.186000,11.349017
22.187000,11.346895
22.188000,11.455859
22.189000,11.484490
22.190000,11.508952
22.191000,11.429684
22.192000,11.342763
22.193000,11.295858
22.194000,11.300540
22.195000,11.257329
22.196000,11.191650
22.197000,11.199657
22.198000,11.230075
22.199000,11.070327
22.200000,10.898380
22.201000,10.939406
22.202000,10.998484
22.203000,10.990905
22.204000,10.903590
22.205000,10.880302
22.206000,10.897578
22.207000,10.896108
22.208000,10.953344
22.209000,10.948089
22.210000,11.034450
22.211000,10.964874
22.212000,10.899254
22.213000,10.874903
22.214000,10.941034
22.215000,10.846559
22.216000,10.778821
22.217000,10.800853
22.218000,10.814188
22.219000,10.779894
22.220000,10.765149
22.221000,10.841630
22.222000,10.758319
22.223000,10.745135
22.224000,10.734608
22.225000,10.698556
22.226000,10.679076
22.227000,10.665719
22.228000,10.710806
22.229000,10.765521
22.230000,10.830500
22.231000,10.939337
22.232000,10.954535
22.233000,10.887263
22.234000,10.811307
22.235000,10.827650
22.236000,10.856434
22.237000,10.891677
22.238000,10.868280
22.239000,10.888723
22.240000,10.974958
22.241000,10.991263
22.242000,10.941491
22.243000,10.933341
22.244000,10.968747
22.245000,10.942352
22.246000,11.023068
22.247000,11.012265
22.248000,11.014263
22.249000,11.030911
22.250000,11.117555
22.251000,11.045116
22.252000,10.989988
22.253000,10.919237
22.254000,10.849960
22.255000,10.879148
22.256000,10.871355
22.257000,10.859662
22.258000,10.874634
22.259000,10.912061
22.260000,10.903712
22.261000,10.886111
22.262000,10.874817
22.263000,10.815345
22.264000,10.739551
22.265000,10.765996
22.266000,10.754373
22.267000,10.767659
22.268000,10.700916
22.269000,10.706931
22.270000,10.692734
22.271000,10.668824
22.272000,10.810202
22.273000,10.726957
22.274000,10.759001
22.275000,10.755612
22.276000,10.869037
22.277000,10.940351
22.278000,10.971461
22.279000,10.970387
22.280000,10.893716
22.281000,10.785009
22.282000,10.756182
22.283000,10.835478
22.284000,10.829946
22.285000,10.850774
22.286000,10.832327
22.287000,10.732320
22.288000,10.653058
22.289000,10.491513
22.290000,10.543473
22.291000,10.587384
22.292000,10.597969
22.293000,10.568030
22.294000,10.597069
22.295000,10.590690
22.296000,10.691860
22.297000,10.662152
22.298000,10.732945
22.299000,10.699977
22.300000,10.688967
22.301000,10.666188
22.302000,10.688895
22.303000,10.707135
22.304000,10.678810
22.305000,10.672989
22.306000,10.629114
22.307000,10.603656
22.308000,10.548208
22.309000,10.555222
22.310000,10.583467
22.311000,10.588810
22.312000,10.638857
22.313000,10.611259
22.314000,10.623752
22.315000,10.549118
22.316000,10.575646
22.317000,10.521079
22.318000,10.412387
22.319000,10.381798
22.320000,10.400294
22.321000,10.398325
22.322000,10.415964
22.323000,10.412139
22.324000,10.433398
22.325000,10.462273
22.326000,10.539949
22.327000,10.422183
22.328000,10.422658
22.329000,10.411685
22.330000,10.317362
22.331000,10.309435
22.332000,10.331248
22.333000,10.320769
22.334000,10.280911
22.335000,10.217784
22.336000,10.244929
22.337000,10.315534
22.338000,10.250322
22.339000,10.184295
22.340000,10.202256
22.341000,10.134907
22.342000,10.138329
22.343000,10.083203
22.344000,10.018210
22.345000,10.069808
22.346000,10.084179
22.347000,10.113478
22.348000,10.058408
22.349000,10.096030
22.350000,10.125441
22.351000,10.106582
22.352000,10.108832
22.353000,10.141249
22.354000,10.158564
22.355000,10.160165
22.356000,10.226302
22.357000,10.220519
22.358000,10.319745
22.359000,10.361800
22.360000,10.386338
22.361000,10.387347
22.362000,10.304863
22.363000,10.275931
22.364000,10.268350
22.365000,10.301897
22.366000,10.355122
22.367000,10.360775
22.368000,10.407314
22.369000,10.458624
22.370000,10.459053
22.371000,10.396127
22.372000,10.328517
22.373000,10.365753
22.374000,10.409797
22.375000,10.360500
22.376000,10.371200
22.377000,10.375681
22.378000,10.415041
22.379000,10.377399
22.380000,10.294816
22.381000,10.354275
22.382000,10.341949
22.383000,10.405772
22.384000,10.403722
22.385000,10.449752
22.386000,10.433160
22.387000,10.463924
22.388000,10.453208
22.389000,10.378417
22.390000,10.323637
22.391000,10.345952
22.392000,10.337887
22.393000,10.274243
22.394000,10.124779
22.395000,10.095205
22.396000,10.088188
22.397000,9.995116
22.398000,9.985819
22.399000,9.946426
22.400000,9.916267
22.401000,9.853639
22.402000,9.825153
22.403000,9.856474
22.404000,9.919463
22.405000,9.993788
22.406000,9.966371
22.407000,9.926610
22.408000,9.910188
22.409000,9.870789
22.410000,9.927600
22.411000,9.959966
22.412000,9.979874
22.413000,10.028673
22.414000,10.001752
22.415000,9.948677
22.416000,9.938244
22.417000,9.920733
22.418000,9.863854
22.419000,9.898609
22.420000,9.957649
22.421000,9.949056
22.422000,9.962264
22.423000,9.970866
22.424000,9.925343
22.425000,9.887378
22.426000,9.860490
22.427000,9.867989
22.428000,9.817827
22.429000,9.787423
22.430000,9.815777
22.431000,9.823098
22.432000,9.811740
22.433000,9.755511
22.434000,9.647003
22.435000,9.754228
22.436000,9.852434
22.437000,9.906554
22.438000,9.883582
22.439000,9.790289
22.440000,9.741970
22.441000,9.642098
22.442000,9.630004
22.443000,9.602524
22.444000,9.693151
22.445000,9.742729
22.446000,9.709313
22.447000,9.625046
22.448000,9.576684
22.449000,9.560177
22.450000,9.544433
22.451000,9.446076
22.452000,9.507335
22.453000,9.581569
22.454000,9.499044
22.455000,9.487289
22.456000,9.546577
22.457000,9.562083
22.458000,9.568405
22.459000,9.606524
22.460000,9.611274
22.461000,9.618921
22.462000,9.645982
22.463000,9.617597
22.464000,9.632815
22.465000,9.600779
22.466000,9.519527
22.467000,9.533231
22.468000,9.638175
22.469000,9.688687
22.470000,9.771241
22.471000,9.707606
22.472000,9.617099
22.473000,9.697933
22.474000,9.776958
22.475000,9.717675
22.476000,9.823989
22.477000,9.802319
22.478000,9.769486
22.479000,9.679224
22.480000,9.717892
22.481000,9.705789
22.482000,9.643054
22.483000,9.533688
22.484000,9.627407
22.485000,9.679242
22.486000,9.583270
22.487000,9.546350
22.488000,9.471820
22.489000,9.458729
22.490000,9.498798
22.491000,9.464625
22.492000,9.409295
22.493000,9.423952
22.494000,9.515792
22.495000,9.528724
22.496000,9.628302
22.497000,9.638342
22.498000,9.758247
22.499000,9.671535
22.500000,9.570062
22.501000,9.628435
22.502000,9.636283
22.503000,9.784291
22.504000,9.738073
22.505000,9.694482
22.506000,9.714994
22.507000,9.776489
22.508000,9.647548
22.509000,9.705434
22.510000,9.738091
22.511000,9.714748
22.512000,9.725430
22.513000,9.734509
22.514000,9.827885
22.515000,9.789327
22.516000,9.731755
22.517000,9.663406
22.518000,9.640656
22.519000,9.703254
22.520000,9.761975
22.521000,9.792872
22.522000,9.788014
22.523000,9.896761
22.524000,9.930596
22.525000,9.905459
22.526000,9.940103
22.527000,9.951869
22.528000,9.897340
22.529000,9.835387
22.530000,9.880192
22.531000,10.024506
22.532000,9.969603
22.533000,9.947170
22.534000,9.963411
22.535000,10.012323
22.536000,10.013098
22.537000,10.083973
22.538000,10.036814
22.539000,10.101830
22.540000,10.092738
22.541000,10.104583
22.542000,10.132876
22.543000,10.065028
22.544000,10.096040
22.545000,10.061348
22.546000,10.061366
22.547000,10.095955
22.548000,10.104637
22.549000,10.063412
22.550000,10.123886
22.551000,10.184654
22.552000,10.230241
22.553000,10.337750
22.554000,10.371660
22.555000,10.232323
22.556000,10.246569
22.557000,10.249800
22.558000,10.179458
22.559000,10.152375
22.560000,10.101994
22.561000,10.152652
22.562000,10.179747
22.563000,10.186382
22.564000,10.200955
22.565000,10.162683
22.566000,10.133303
22.567000,10.171954
22.568000,10.198093
22.569000,10.181458
22.570000,10.115787
22.571000,10.190454
22.572000,10.193616
22.573000,10.150152
22.574000,10.084053
22.575000,10.109489
22.576000,10.112809
22.577000,10.135281
22.578000,10.145360
22.579000,10.240908
22.580000,10.204744
22.581000,10.215312
22.582000,10.168844
22.583000,10.173283
22.584000,10.137550
22.585000,10.134510
22.586000,10.168463
22.587000,10.136768
22.588000,10.119083
22.589000,10.161701
22.590000,10.135132
22.591000,10.180381
22.592000,10.267622
22.593000,10.304932
22.594000,10.317575
22.595000,10.333890
22.596000,10.361707
22.597000,10.357758
22.598000,10.293657
22.599000,10.340824
22.600000,10.269581
22.601000,10.229534
22.602000,10.242949
22.603000,10.307709
22.604000,10.230865
22.605000,10.391199
22.606000,10.405246
22.607000,10.421393
22.608000,10.435810
22.609000,10.472777
22.610000,10.419589
22.611000,10.422870
22.612000,10.406430
22.613000,10.411288
22.614000,10.462064
22.615000,10.468254
22.616000,10.429665
22.617000,10.491797
22.618000,10.417902
22.619000,10.552749
22.620000,10.588714
22.621000,10.579065
22.622000,10.602082
22.623000,10.519981
22.624000,10.498033
22.625000,10.615288
22.626000,10.646776
22.627000,10.616647
22.628000,10.651966
22.629000,10.735395
22.630000,10.802402
22.631000,10.794635
22.632000,10.788601
22.633000,10.753796
22.634000,10.882722
22.635000,10.942095
22.636000,10.974268
22.637000,10.984948
22.638000,10.976688
22.639000,10.962753
22.640000,10.944165
22.641000,10.953929
22.642000,10.975386
22.643000,11.014141
22.644000,10.936520
22.645000,10.961011
22.646000,11.001519
22.647000,11.055412
22.648000,11.054351
22.649000,11.063110
22.650000,11.079708
22.651000,11.139537
22.652000,11.260696
22.653000,11.234480
22.654000,11.213410
22.655000,11.114873
22.656000,11.163040
22.657000,11.029107
22.658000,11.094720
22.659000,11.145626
22.660000,11.112490
22.661000,11.099272
22.662000,11.112555
22.663000,11.092919
22.664000,11.088659
22.665000,11.186437
22.666000,11.161782
22.667000,11.106727
22.668000,11.134228
22.669000,11.131196
22.670000,11.153346
22.671000,11.131016
22.672000,11.129649
22.673000,11.174241
22.674000,11.175234
22.675000,11.220714
22.676000,11.247479
22.677000,11.307030
22.678000,11.190693
22.679000,11.247265
22.680000,11.248777
22.681000,11.282147
22.682000,11.252276
22.683000,11.200727
22.684000,11.132943
22.685000,10.977428
22.686000,11.042864
22.687000,11.153400
22.688000,11.105342
22.689000,11.023966
22.690000,11.015608
22.691000,11.065264
22.692000,11.077286
22.693000,11.081823
22.694000,11.063051
22.695000,10.991035
22.696000,10.906394
22.697000,10.788970
22.698000,10.855491
22.699000,10.877314
22.700000,10.818890
22.701000,10.806387
22.702000,10.723813
22.703000,10.741372
22.704000,10.705645
22.705000,10.628996
22.706000,10.586862
22.707000,10.550108
22.708000,10.487402
22.709000,10.561164
22.710000,10.551265
22.711000,10.655486
22.712000,10.634518
22.713000,10.669200
22.714000,10.585271
22.715000,10.635092
22.716000,10.621916
22.717000,10.667542
22.718000,10.729207
22.719000,10.762666
22.720000,10.715375
22.721000,10.720408
22.722000,10.652664
22.723000,10.686554
22.724000,10.580586
22.725000,10.606602
22.726000,10.636439
22.727000,10.653964
22.728000,10.761794
22.729000,10.772415
22.730000,10.766130
22.731000,10.765442
22.732000,10.712766
22.733000,10.784869
22.734000,10.804635
22.735000,10.888379
22.736000,10.940885
22.737000,10.923405
22.738000,10.910239
22.739000,10.821313
22.740000,10.845356
22.741000,10.752219
22.742000,10.741845
22.743000,10.750522
22.744000,10.850433
22.745000,10.797601
22.746000,10.688698
22.747000,10.773200
22.748000,10.831757
22.749000,10.807855
22.750000,10.821081
22.751000,10.908727
22.752000,10.805399
22.753000,10.788889
22.754000,10.725625
22.755000,10.800159
22.756000,10.867317
22.757000,10.795541
22.758000,10.813396
22.759000,10.834403
22.760000,10.763644
22.761000,10.761752
22.762000,10.697281
22.763000,10.838477
22.764000,10.778614
22.765000,10.780213
22.766000,10.851990
22.767000,10.908499
22.768000,10.910359
22.769000,10.992982
22.770000,11.064846
22.771000,11.173465
22.772000,11.148811
22.773000,11.188100
22.774000,11.142930
22.775000,11.159005
22.776000,11.240368
22.777000,11.272961
22.778000,11.245948
22.779000,11.253737
22.780000,11.267940
22.781000,11.297722
22.782000,11.283951
22.783000,11.355479
22.784000,11.395713
22.785000,11.525568
22.786000,11.577392
22.787000,11.649389
22.788000,11.610371
22.789000,11.614764
22.790000,11.660301
22.791000,11.621624
22.792000,11.548680
22.793000,11.629528
22.794000,11.706484
22.795000,11.669620
22.796000,11.721674
22.797000,11.712162
22.798000,11.733230
22.799000,11.802155
22.800000,11.784108
22.801000,11.702994
22.802000,11.793678
22.803000,11.798987
22.804000,11.855916
22.805000,11.866993
22.806000,11.969315
22.807000,11.954384
22.808000,11.961060
22.809000,11.990662
22.810000,12.127752
22.811000,12.097997
22.812000,12.153077
22.813000,12.227042
22.814000,12.255599
22.815000,12.269596
22.816000,12.281610
22.817000,12.247463
22.818000,12.182054
22.819000,12.124610
22.820000,12.042586
22.821000,12.054035
22.822000,12.057752
22.823000,12.112215
22.824000,12.137485
22.825000,12.152287
22.826000,12.113866
22.827000,12.087304
22.828000,12.186626
22.829000,12.250257
22.830000,12.239184
22.831000,12.147538
22.832000,12.199142
22.833000,12.292456
22.834000,12.376287
22.835000,12.301525
22.836000,12.281763
22.837000,12.340024
22.838000,12.302341
22.839000,12.316648
22.840000,12.349649
22.841000,12.361911
22.842000,12.377232
22.843000,12.444445
22.844000,12.566740
22.845000,12.465645
22.846000,12.516856
22.847000,12.469507
22.848000,12.452068
22.849000,12.510916
22.850000,12.571559
22.851000,12.550774
22.852000,12.543500
22.853000,12.599834
22.854000,12.608173
22.855000,12.609147
22.856000,12.650946
22.857000,12.560331
22.858000,12.547434
22.859000,12.562599
22.860000,12.446785
22.861000,12.383037
22.862000,12.473001
22.863000,12.465977
22.864000,12.433080
22.865000,12.443224
22.866000,12.443498
22.867000,12.485786
22.868000,12.431396
22.869000,12.398713
22.870000,12.427707
22.871000,12.497311
22.872000,12.447191
22.873000,12.444771
22.874000,12.481486
22.875000,12.406441
22.876000,12.393609
22.877000,12.403959
22.878000,12.314341
22.879000,12.291643
22.880000,12.224287
22.881000,12.249609
22.882000,12.279860
22.883000,12.290440
22.884000,12.207101
22.885000,12.357125
22.886000,12.516475
22.887000,12.507082
22.888000,12.441391
22.889000,12.410633
22.890000,12.506050
22.891000,12.446380
22.892000,12.473056
22.893000,12.470570
22.894000,12.504592
22.895000,12.355292
22.896000,12.339308
22.897000,12.231939
22.898000,12.173499
22.899000,12.135798
22.900000,12.209828
22.901000,12.153124
22.902000,12.133703
22.903000,12.180423
22.904000,12.164283
22.905000,12.133981
22.906000,12.135125
22.907000,12.170134
22.908000,12.139689
22.909000,12.192499
22.910000,12.316451
22.911000,12.303312
22.912000,12.323263
22.913000,12.251295
22.914000,12.271398
22.915000,12.322086
22.916000,12.394452
22.917000,12.311175
22.918000,12.353149
22.919000,12.427230
22.920000,12.404227
22.921000,12.325444
22.922000,12.363788
22.923000,12.381449
22.924000,12.407636
22.925000,12.381956
22.926000,12.327166
22.927000,12.220625
22.928000,12.336363
22.929000,12.344323
22.930000,12.327722
22.931000,12.313250
22.932000,12.237637
22.933000,12.257054
22.934000,12.174089
22.935000,12.190431
22.936000,12.248305
22.937000,12.216767
22.938000,12.241715
22.939000,12.259288
22.940000,12.313957
22.941000,12.341966
22.942000,12.342150
22.943000,12.294239
22.944000,12.351807
22.945000,12.326367
22.946000,12.253247
22.947000,12.285809
22.948000,12.321801
22.949000,12.304648
22.950000,12.411513
22.951000,12.356487
22.952000,12.299869
22.953000,12.370024
22.954000,12.351430
22.955000,12.364924
22.956000,12.404300
22.957000,12.435678
22.958000,12.451783
22.959000,12.462096
22.960000,12.531348
22.961000,12.517805
22.962000,12.432399
22.963000,12.398917
22.964000,12.416978
22.965000,12.492040
22.966000,12.542893
22.967000,12.533883
22.968000,12.466175
22.969000,12.562933
22.970000,12.535850
22.971000,12.547606
22.972000,12.420239
22.973000,12.464350
22.974000,12.397596
22.975000,12.383469
22.976000,12.458390
22.977000,12.539877
22.978000,12.583978
22.979000,12.522345
22.980000,12.499502
22.981000,12.507528
22.982000,12.501997
22.983000,12.493338
22.984000,12.548985
22.985000,12.552531
22.986000,12.518088
22.987000,12.650590
22.988000,12.716104
22.989000,12.726879
22.990000,12.730777
22.991000,12.787338
22.992000,12.790353
22.993000,12.769216
22.994000,12.792669
22.995000,12.813924
22.996000,12.852922
22.997000,12.903896
22.998000,12.962934
22.999000,13.011229
23.000000,12.930743
23.001000,12.907040
23.002000,12.884718
23.003000,12.865897
23.004000,12.856084
23.005000,12.924591
23.006000,12.885384
23.007000,12.905109
23.008000,12.852862
23.009000,12.839574
23.010000,12.876684
23.011000,12.895726
23.012000,12.800148
23.013000,12.866806
23.014000,12.864141
23.015000,12.770992
23.016000,12.717881
23.017000,12.819328
23.018000,12.865465
23.019000,12.809780
23.020000,12.815460
23.021000,12.803879
23.022000,12.715267
23.023000,12.656496
23.024000,12.637963
23.025000,12.670232
23.026000,12.634222
23.027000,12.651258
23.028000,12.647560
23.029000,12.674150
23.030000,12.664223
23.031000,12.761239
23.032000,12.724259
23.033000,12.639685
23.034000,12.676380
23.035000,12.728440
23.036000,12.681675
23.037000,12.737259
23.038000,12.766220
23.039000,12.746024
23.040000,12.691053
23.041000,12.632923
23.042000,12.662607
23.043000,12.671799
23.044000,12.635090
23.045000,12.578159
23.046000,12.587335
23.047000,12.580408
23.048000,12.590871
23.049000,12.513912
23.050000,12.597259
23.051000,12.506938
23.052000,12.473778
23.053000,12.554432
23.054000,12.561315
23.055000,12.576506
23.056000,12.582368
23.057000,12.530376
23.058000,12.493106
23.059000,12.445643
23.060000,12.504308
23.061000,12.574616
23.062000,12.537551
23.063000,12.543271
23.064000,12.562990
23.065000,12.619100
23.066000,12.548727
23.067000,12.659022
23.068000,12.628649
23.069000,12.627542
23.070000,12.725902
23.071000,12.757941
23.072000,12.831320
23.073000,12.898622
23.074000,12.969799
23.075000,12.864045
23.076000,12.805203
23.077000,12.786398
23.078000,12.767430
23.079000,12.750527
23.080000,12.764582
23.081000,12.724176
23.082000,12.759474
23.083000,12.830292
23.084000,12.852806
23.085000,12.917850
23.086000,12.964082
23.087000,12.990165
23.088000,12.898509
23.089000,12.863955
23.090000,12.882275
23.091000,12.893992
23.092000,12.814536
23.093000,12.776278
23.094000,12.860107
23.095000,12.888516
23.096000,12.795418
23.097000,12.806902
23.098000,12.780611
23.099000,12.778135
23.100000,12.776496
23.101000,12.719604
23.102000,12.768346
23.103000,12.806679
23.104000,12.766677
23.105000,12.757856
23.106000,12.782375
23.107000,12.759695
23.108000,12.737756
23.109000,12.761717
23.110000,12.819209
23.111000,12.907375
23.112000,12.875303
23.113000,12.878284
23.114000,12.843969
23.115000,12.819435
23.116000,12.865384
23.117000,12.866592
23.118000,12.957616
23.119000,12.957685
23.120000,12.938301
23.121000,12.877681
23.122000,12.796382
23.123000,12.785134
23.124000,12.722877
23.125000,12.813309
23.126000,12.928737
23.127000,12.834180
23.128000,12.981109
23.129000,12.997296
23.130000,12.970211
23.131000,12.933344
23.132000,12.938955
23.133000,12.891289
23.134000,12.889627
23.135000,12.899953
23.136000,12.852622
23.137000,12.815362
23.138000,12.871792
23.139000,12.859957
23.140000,12.773252
23.141000,12.836818
23.142000,12.867615
23.143000,12.896398
23.144000,12.925872
23.145000,12.851189
23.146000,12.844971
23.147000,12.898707
23.148000,12.869665
23.149000,12.850048
23.150000,12.987153
23.151000,12.955126
23.152000,12.903544
23.153000,12.885638
23.154000,12.829565
23.155000,12.837239
23.156000,12.762666
23.157000,12.772318
23.158000,12.728025
23.159000,12.753300
23.160000,12.794081
23.161000,12.877110
23.162000,12.877625
23.163000,12.896987
23.164000,12.900498
23.165000,12.879449
23.166000,12.869588
23.167000,12.954355
23.168000,12.926949
23.169000,12.803849
23.170000,12.798606
23.171000,12.725604
23.172000,12.684784
23.173000,12.586445
23.174000,12.594285
23.175000,12.604857
23.176000,12.604938
23.177000,12.577987
23.178000,12.621216
23.179000,12.611455
23.180000,12.536219
23.181000,12.490258
23.182000,12.481376
23.183000,12.507033
23.184000,12.526838
23.185000,12.537224
23.186000,12.562225
23.187000,12.580673
23.188000,12.523228
23.189000,12.417221
23.190000,12.321717
23.191000,12.321824
23.192000,12.346910
23.193000,12.331676
23.194000,12.303211
23.195000,12.333020
23.196000,12.302938
23.197000,12.303527
23.198000,12.313828
23.199000,12.293384
23.200000,12.344699
23.201000,12.249371
23.202000,12.196095
23.203000,12.126380
23.204000,12.056163
23.205000,12.029084
23.206000,12.038905
23.207000,11.958343
23.208000,11.999125
23.209000,12.002538
23.210000,12.014468
23.211000,12.152687
23.212000,12.050160
23.213000,12.061760
23.214000,12.125362
23.215000,12.150142
23.216000,12.016011
23.217000,12.007033
23.218000,12.070542
23.219000,11.980736
23.220000,11.940040
23.221000,11.920666
23.222000,11.913395
23.223000,11.975709
23.224000,11.919385
23.225000,12.088418
23.226000,12.177563
23.227000,12.245124
23.228000,12.232818
23.229000,12.176564
23.230000,12.120480
23.231000,12.137274
23.232000,12.206645
23.233000,12.273341
23.234000,12.261099
23.235000,12.280499
23.236000,12.291550
23.237000,12.196883
23.238000,12.231762
23.239000,12.237949
23.240000,12.279573
23.241000,12.364647
23.242000,12.299125
23.243000,12.228054
23.244000,12.233190
23.245000,12.311681
23.246000,12.198491
23.247000,12.198128
23.248000,12.325708
23.249000,12.386468
23.250000,12.358478
23.251000,12.362308
23.252000,12.281432
23.253000,12.335986
23.254000,12.322881
23.255000,12.300099
23.256000,12.314113
23.257000,12.339817
23.258000,12.384147
23.259000,12.387228
23.260000,12.372148
23.261000,12.328084
23.262000,12.329584
23.263000,12.368728
23.264000,12.301211
23.265000,12.174169
23.266000,12.103056
23.267000,12.167559
23.268000,12.165039
23.269000,12.106518
23.270000,12.127268
23.271000,12.187212
23.272000,12.189653
23.273000,12.159705
23.274000,12.164692
23.275000,12.070223
23.276000,12.085814
23.277000,12.102600
23.278000,12.015259
23.279000,12.031260
23.280000,12.055545
23.281000,12.153861
23.282000,12.203711
23.283000,12.208303
23.284000,12.228850
23.285000,12.250262
23.286000,12.200370
23.287000,12.215842
23.288000,12.156049
23.289000,12.111064
23.290000,12.132900
23.291000,12.143613
23.292000,12.145988
23.293000,12.134164
23.294000,12.096693
23.295000,12.120816
23.296000,12.015594
23.297000,12.097620
23.298000,12.134115
23.299000,12.137796
23.300000,12.162918
23.301000,12.132092
23.302000,12.099189
23.303000,12.019280
23.304000,12.056660
23.305000,12.117211
23.306000,12.152182
23.307000,12.120246
23.308000,12.055966
23.309000,12.007594
23.310000,12.024870
23.311000,12.052506
23.312000,12.090674
23.313000,12.066548
23.314000,12.033925
23.315000,11.947082
23.316000,11.875053
23.317000,11.977308
23.318000,11.944411
23.319000,11.888081
23.320000,11.821388
23.321000,11.807393
23.322000,11.777378
23.323000,11.808758
23.324000,11.854524
23.325000,11.885799
23.326000,11.771255
23.327000,11.668593
23.328000,11.634827
23.329000,11.637041
23.330000,11.553090
23.331000,11.561748
23.332000,11.439036
23.333000,11.538400
23.334000,11.547840
23.335000,11.459047
23.336000,11.540612
23.337000,11.537986
23.338000,11.477358
23.339000,11.443837
23.340000,11.404186
23.341000,11.359266
23.342000,11.373831
23.343000,11.359853
23.344000,11.300967
23.345000,11.298397
23.346000,11.370296
23.347000,11.378383
23.348000,11.327459
23.349000,11.284930
23.350000,11.374089
23.351000,11.389929
23.352000,11.335030
23.353000,11.413392
23.354000,11.429078
23.355000,11.483009
23.356000,11.505640
23.357000,11.494717
23.358000,11.372897
23.359000,11.362068
23.360000,11.392396
23.361000,11.347566
23.362000,11.375557
23.363000,11.378988
23.364000,11.304620
23.365000,11.147352
23.366000,11.128474
23.367000,10.978820
23.368000,10.988924
23.369000,11.015669
23.370000,11.020285
23.371000,11.036434
23.372000,11.091548
23.373000,11.064709
23.374000,11.029613
23.375000,11.122002
23.376000,11.106861
23.377000,11.021687
23.378000,10.927761
23.379000,10.898254
23.380000,10.903459
23.381000,10.886148
23.382000,10.840495
23.383000,10.820880
23.384000,10.729437
23.385000,10.715561
23.386000,10.719427
23.387000,10.763787
23.388000,10.728707
23.389000,10.732283
23.390000,10.706161
23.391000,10.661847
23.392000,10.635686
23.393000,10.743061
23.394000,10.746338
23.395000,10.654531
23.396000,10.638262
23.397000,10.586557
23.398000,10.584069
23.399000,10.580571
23.400000,10.632822
23.401000,10.677498
23.402000,10.687433
23.403000,10.661277
23.404000,10.646553
23.405000,10.701034
23.406000,10.764002
23.407000,10.772429
23.408000,10.628980
23.409000,10.537199
23.410000,10.602874
23.411000,10.555917
23.412000,10.628739
23.413000,10.636607
23.414000,10.613332
23.415000,10.735614
23.416000,10.746928
23.417000,10.779125
23.418000,10.719673
23.419000,10.685684
23.420000,10.837479
23.421000,10.927064
23.422000,10.916845
23.423000,10.972697
23.424000,10.902004
23.425000,10.906225
23.426000,10.788373
23.427000,10.768318
23.428000,10.736272
23.429000,10.632459
23.430000,10.704037
23.431000,10.741429
23.432000,10.749206
23.433000,10.811854
23.434000,10.856535
23.435000,10.862415
23.436000,10.762034
23.437000,10.781314
23.438000,10.923285
23.439000,10.887614
23.440000,10.728034
23.441000,10.668629
23.442000,10.700306
23.443000,10.622299
23.444000,10.748844
23.445000,10.703062
23.446000,10.749175
23.447000,10.676904
23.448000,10.576364
23.449000,10.396276
23.450000,10.349759
23.451000,10.337032
23.452000,10.332845
23.453000,10.405698
23.454000,10.429244
23.455000,10.440410
23.456000,10.458192
23.457000,10.501631
23.458000,10.512593
23.459000,10.502282
23.460000,10.465793
23.461000,10.479336
23.462000,10.456153
23.463000,10.443856
23.464000,10.423819
23.465000,10.461976
23.466000,10.453076
23.467000,10.407028
23.468000,10.338597
23.469000,10.267484
23.470000,10.308911
23.471000,10.210547
23.472000,10.197537
23.473000,10.135018
23.474000,10.114486
23.475000,10.102530
23.476000,10.114576
23.477000,10.079209
23.478000,10.092205
23.479000,10.067374
23.480000,10.206714
23.481000,10.192641
23.482000,10.265863
23.483000,10.184510
23.484000,10.214404
23.485000,10.194854
23.486000,10.163590
23.487000,10.176169
23.488000,10.154423
23.489000,10.136677
23.490000,10.122138
23.491000,10.040123
23.492000,10.066750
23.493000,10.114964
23.494000,10.099294
23.495000,10.112534
23.496000,10.218421
23.497000,10.242441
23.498000,10.289889
23.499000,10.342787
23.500000,10.393545
23.501000,10.426475
23.502000,10.436169
23.503000,10.491659
23.504000,10.541498
23.505000,10.538747
23.506000,10.588331
23.507000,10.594615
23.508000,10.599434
23.509000,10.644837
23.510000,10.626717
23.511000,10.617146
23.512000,10.680698
23.513000,10.794335
23.514000,10.692875
23.515000,10.751285
23.516000,10.645825
23.517000,10.616008
23.518000,10.631839
23.519000,10.683467
23.520000,10.679618
23.521000,10.615559
23.522000,10.588939
23.523000,10.605289
23.524000,10.693383
23.525000,10.755817
23.526000,10.735972
23.527000,10.771669
23.528000,10.780608
23.529000,10.830846
23.530000,10.840265
23.531000,10.797245
23.532000,10.864470
23.533000,10.944379
23.534000,10.871767
23.535000,10.913461
23.536000,10.970492
23.537000,10.994659
23.538000,10.884923
23.539000,10.940349
23.540000,10.961746
23.541000,10.938635
23.542000,11.027476
23.543000,11.019705
23.544000,11.093990
23.545000,11.151865
23.546000,11.157832
23.547000,11.119750
23.548000,11.063149
23.549000,11.030425
23.550000,11.059874
23.551000,11.087273
23.552000,10.961286
23.553000,11.012170
23.554000,11.093718
23.555000,11.086254
23.556000,10.956853
23.557000,10.931650
23.558000,10.915389
23.559000,10.953938
23.560000,10.876094
23.561000,10.870283
23.562000,10.901119
23.563000,10.926483
23.564000,10.770702
23.565000,10.810405
23.566000,10.819084
23.567000,10.877828
23.568000,11.027175
23.569000,10.952021
23.570000,10.930470
23.571000,10.945314
23.572000,10.958896
23.573000,10.962515
23.574000,10.905664
23.575000,10.871598
23.576000,10.883785
23.577000,10.992892
23.578000,10.973449
23.579000,11.008502
23.580000,11.010153
23.581000,11.043217
23.582000,11.131738
23.583000,11.132130
23.584000,11.162040
23.585000,11.118478
23.586000,11.122616
23.587000,11.024401
23.588000,10.968230
23.589000,10.936455
23.590000,10.902807
23.591000,10.882164
23.592000,10.808930
23.593000,10.842899
23.594000,10.901820
23.595000,11.010726
23.596000,10.950235
23.597000,10.968583
23.598000,10.984194
23.599000,10.912477
23.600000,11.000705
23.601000,10.983277
23.602000,11.070693
23.603000,11.113080
23.604000,11.088894
23.605000,11.173513
23.606000,11.199619
23.607000,11.298322
23.608000,11.335955
23.609000,11.339675
23.610000,11.418247
23.611000,11.389699
23.612000,11.299105
23.613000,11.398078
23.614000,11.406243
23.615000,11.405935
23.616000,11.393825
23.617000,11.393726
23.618000,11.395325
23.619000,11.319939
23.620000,11.383828
23.621000,11.452692
23.622000,11.462519
23.623000,11.428419
23.624000,11.384926
23.625000,11.385591
23.626000,11.337009
23.627000,11.340351
23.628000,11.419061
23.629000,11.366272
23.630000,11.276962
23.631000,11.331677
23.632000,11.306007
23.633000,11.375162
23.634000,11.491933
23.635000,11.661697
23.636000,11.677233
23.637000,11.582804
23.638000,11.637228
23.639000,11.639603
23.640000,11.618211
23.641000,11.664792
23.642000,11.593460
23.643000,11.648124
23.644000,11.705911
23.645000,11.675303
23.646000,11.607495
23.647000,11.650759
23.648000,11.674313
23.649000,11.629386
23.650000,11.571137
23.651000,11.691309
23.652000,11.671312
23.653000,11.600609
23.654000,11.604494
23.655000,11.515918
23.656000,11.493086
23.657000,11.540045
23.658000,11.604319
23.659000,11.643609
23.660000,11.630763
23.661000,11.710495
23.662000,11.731951
23.663000,11.767367
23.664000,11.675399
23.665000,11.662904
23.666000,11.624267
23.667000,11.675100
23.668000,11.664966
23.669000,11.652417
23.670000,11.729898
23.671000,11.790998
23.672000,11.740119
23.673000,11.777912
23.674000,11.773755
23.675000,11.726122
23.676000,11.765825
23.677000,11.763592
23.678000,11.719962
23.679000,11.745241
23.680000,11.702282
23.681000,11.627619
23.682000,11.487782
23.683000,11.568825
23.684000,11.470969
23.685000,11.478052
23.686000,11.493288
23.687000,11.512731
23.688000,11.441828
23.689000,11.482246
23.690000,11.471326
23.691000,11.428302
23.692000,11.510664
23.693000,11.383028
23.694000,11.371829
23.695000,11.382793
23.696000,11.295588
23.697000,11.354579
23.698000,11.232692
23.699000,11.176596
23.700000,11.136621
23.701000,11.157122
23.702000,11.208491
23.703000,11.194276
23.704000,11.274714
23.705000,11.244621
23.706000,11.273835
23.707000,11.210201
23.708000,11.287435
23.709000,11.276790
23.710000,11.301734
23.711000,11.281802
23.712000,11.264846
23.713000,11.258144
23.714000,11.223128
23.715000,11.245809
23.716000,11.266277
23.717000,11.358601
23.718000,11.317972
23.719000,11.287670
23.720000,11.291926
23.721000,11.283652
23.722000,11.244547
23.723000,11.281410
23.724000,11.272068
23.725000,11.201930
23.726000,11.130804
23.727000,11.213039
23.728000,11.224303
23.729000,11.191306
23.730000,11.215548
23.731000,11.212020
23.732000,11.189062
23.733000,11.287707
23.734000,11.318800
23.735000,11.235507
23.736000,11.152185
23.737000,11.115499
23.738000,11.061750
23.739000,11.045835
23.740000,11.103080
23.741000,11.113936
23.742000,10.985824
23.743000,10.892989
23.744000,10.843073
23.745000,10.844079
23.746000,10.883027
23.747000,10.874178
23.748000,10.888110
23.749000,10.880963
23.750000,10.830252
23.751000,10.929243
23.752000,10.995043
23.753000,10.939020
23.754000,10.884579
23.755000,10.906312
23.756000,10.901463
23.757000,10.814681
23.758000,10.802354
23.759000,10.935031
23.760000,10.890244
23.761000,10.888276
23.762000,10.779777
23.763000,10.742788
23.764000,10.842610
23.765000,10.930815
23.766000,10.889253
23.767000,10.858172
23.768000,10.877335
23.769000,10.860428
23.770000,10.988408
23.771000,11.016689
23.772000,11.039635
23.773000,11.030679
23.774000,10.976268
23.775000,10.985622
23.776000,11.005433
23.777000,10.948148
23.778000,10.956302
23.779000,11.050198
23.780000,11.007079
23.781000,11.073856
23.782000,11.031304
23.783000,11.003312
23.784000,11.027233
23.785000,10.982265
23.786000,11.051154
23.787000,11.084999
23.788000,11.019087
23.789000,11.034207
23.790000,10.965666
23.791000,11.111886
23.792000,11.084892
23.793000,11.052908
23.794000,11.068564
23.795000,11.070333
23.796000,11.061501
23.797000,10.965113
23.798000,10.987878
23.799000,11.019505
23.800000,10.891641
23.801000,10.897477
23.802000,10.907960
23.803000,10.919190
23.804000,10.883619
23.805000,10.987521
23.806000,11.056091
23.807000,11.054196
23.808000,11.138477
23.809000,11.099663
23.810000,11.085091
23.811000,11.114762
23.812000,11.029017
23.813000,11.090112
23.814000,11.017828
23.815000,10.972764
23.816000,11.059104
23.817000,10.997656
23.818000,11.088520
23.819000,11.098114
23.820000,11.078177
23.821000,11.130882
23.822000,11.135031
23.823000,11.169582
23.824000,11.170411
23.825000,11.248646
23.826000,11.163289
23.827000,11.070920
23.828000,11.002054
23.829000,11.030427
23.830000,11.084824
23.831000,10.969335
23.832000,11.016347
23.833000,10.996931
23.834000,10.932317
23.835000,10.919236
23.836000,10.986352
23.837000,11.017924
23.838000,10.978030
23.839000,11.000540
23.840000,10.978474
23.841000,11.136647
23.842000,11.187453
23.843000,11.288593
23.844000,11.349947
23.845000,11.347028
23.846000,11.289536
23.847000,11.271007
23.848000,11.323033
23.849000,11.300173
23.850000,11.312998
23.851000,11.345896
23.852000,11.417528
23.853000,11.428192
23.854000,11.488816
23.855000,11.491410
23.856000,11.426489
23.857000,11.483402
23.858000,11.530884
23.859000,11.528149
23.860000,11.588472
23.861000,11.584651
23.862000,11.453431
23.863000,11.363544
23.864000,11.335749
23.865000,11.331698
23.866000,11.349746
23.867000,11.270027
23.868000,11.335464
23.869000,11.283287
23.870000,11.378592
23.871000,11.335839
23.872000,11.275848
23.873000,11.319166
23.874000,11.283851
23.875000,11.234720
23.876000,11.318792
23.877000,11.154457
23.878000,11.102180
23.879000,11.057546
23.880000,11.095131
23.881000,11.014592
23.882000,11.121373
23.883000,11.031429
23.884000,11.006681
23.885000,11.024301
23.886000,11.012386
23.887000,10.995937
23.888000,11.014187
23.889000,11.018360
23.890000,11.019852
23.891000,11.063003
23.892000,11.065884
23.893000,11.050906
23.894000,11.065751
23.895000,10.972491
23.896000,11.086815
23.897000,11.123579
23.898000,11.121720
23.899000,11.123251
23.900000,11.094837
23.901000,11.131939
23.902000,11.109370
23.903000,11.220929
23.904000,11.257926
23.905000,11.249619
23.906000,11.278668
23.907000,11.242167
23.908000,11.166699
23.909000,11.216970
23.910000,11.232522
23.911000,11.294862
23.912000,11.405354
23.913000,11.474083
23.914000,11.452796
23.915000,11.503534
23.916000,11.459118
23.917000,11.398703
23.918000,11.360256
23.919000,11.326860
23.920000,11.304974
23.921000,11.452569
23.922000,11.474477
23.923000,11.517069
23.924000,11.507278
23.925000,11.431679
23.926000,11.468228
23.927000,11.540929
23.928000,11.586704
23.929000,11.482230
23.930000,11.465295
23.931000,11.460553
23.932000,11.404114
23.933000,11.486447
23.934000,11.442699
23.935000,11.526433
23.936000,11.460931
23.937000,11.420459
23.938000,11.444821
23.939000,11.359555
23.940000,11.310638
23.941000,11.287532
23.942000,11.321091
23.943000,11.441924
23.944000,11.455268
23.945000,11.411216
23.946000,11.515079
23.947000,11.496184
23.948000,11.472269
23.949000,11.501580
23.950000,11.484078
23.951000,11.483817
23.952000,11.514156
23.953000,11.500846
23.954000,11.474633
23.955000,11.341058
23.956000,11.336007
23.957000,11.373361
23.958000,11.371414
23.959000,11.506146
23.960000,11.513250
23.961000,11.547705
23.962000,11.514138
23.963000,11.459196
23.964000,11.530340
23.965000,11.489482
23.966000,11.505066
23.967000,11.523610
23.968000,11.533415
23.969000,11.401332
23.970000,11.402896
23.971000,11.406749
23.972000,11.348933
23.973000,11.413694
23.974000,11.419162
23.975000,11.469117
23.976000,11.455967
23.977000,11.520140
23.978000,11.459407
23.979000,11.463002
23.980000,11.548340
23.981000,11.545168
23.982000,11.527973
23.983000,11.471079
23.984000,11.509201
23.985000,11.373162
23.986000,11.321515
23.987000,11.303385
23.988000,11.310010
23.989000,11.264204
23.990000,11.300854
23.991000,11.337891
23.992000,11.342779
23.993000,11.332087
23.994000,11.380038
23.995000,11.382783
23.996000,11.409353
23.997000,11.433879
23.998000,11.449185
23.999000,11.453711
24.000000,11.392241
24.001000,11.462585
24.002000,11.524822
24.003000,11.544392
24.004000,11.424328
24.005000,11.398451
24.006000,11.359458
24.007000,11.286960
24.008000,11.203116
24.009000,11.218415
24.010000,11.318884
24.011000,11.200594
24.012000,11.233090
24.013000,11.232835
24.014000,11.147856
24.015000,11.159310
24.016000,11.188012
24.017000,11.247457
24.018000,11.304701
24.019000,11.306339
24.020000,11.254207
24.021000,11.165379
24.022000,11.163462
24.023000,11.210596
24.024000,11.116322
24.025000,11.019606
24.026000,11.003272
24.027000,10.930914
24.028000,10.930099
24.029000,10.896922
24.030000,10.822919
24.031000,10.871210
24.032000,10.840556
24.033000,10.730535
24.034000,10.663137
24.035000,10.717010
24.036000,10.680688
24.037000,10.556278
24.038000,10.521587
24.039000,10.401729
24.040000,10.315654
24.041000,10.328658
24.042000,10.312968
24.043000,10.362692
24.044000,10.279724
24.045000,10.385020
24.046000,10.316565
24.047000,10.388200
24.048000,10.356807
24.049000,10.539573
24.050000,10.555350
24.051000,10.631452
24.052000,10.711197
24.053000,10.727152
24.054000,10.753852
24.055000,10.755622
24.056000,10.733088
24.057000,10.771097
24.058000,10.731947
24.059000,10.774964
24.060000,10.751355
24.061000,10.792165
24.062000,10.858762
24.063000,10.801141
24.064000,10.788035
24.065000,10.819790
24.066000,10.785367
24.067000,10.790882
24.068000,10.798551
24.069000,10.717185
24.070000,10.569864
24.071000,10.616754
24.072000,10.574635
24.073000,10.618114
24.074000,10.626974
24.075000,10.616377
24.076000,10.660984
24.077000,10.607224
24.078000,10.594007
24.079000,10.562193
24.080000,10.487021
24.081000,10.513109
24.082000,10.601820
24.083000,10.645441
24.084000,10.633945
24.085000,10.631425
24.086000,10.595096
24.087000,10.576229
24.088000,10.629086
24.089000,10.622185
24.090000,10.666609
24.091000,10.576511
24.092000,10.670289
24.093000,10.682983
24.094000,10.596652
24.095000,10.593535
24.096000,10.636037
24.097000,10.603685
24.098000,10.665991
24.099000,10.640668
24.100000,10.611474
24.101000,10.640909
24.102000,10.652984
24.103000,10.656887
24.104000,10.661252
24.105000,10.723480
24.106000,10.746897
24.107000,10.681404
24.108000,10.751898
24.109000,10.784265
24.110000,10.750364
24.111000,10.684620
24.112000,10.614008
24.113000,10.586426
24.114000,10.621518
24.115000,10.676591
24.116000,10.745325
24.117000,10.811193
24.118000,10.847724
24.119000,10.911580
24.120000,10.940290
24.121000,10.932340
24.122000,11.030672
24.123000,10.973740
24.124000,10.889573
24.125000,10.837392
24.126000,10.921984
24.127000,10.939778
24.128000,10.961131
24.129000,10.970093
24.130000,11.045760
24.131000,11.133020
24.132000,11.184686
24.133000,11.217586
24.134000,11.281515
24.135000,11.223759
24.136000,11.191214
24.137000,11.251152
24.138000,11.280088
24.139000,11.228167
24.140000,11.257544
24.141000,11.226391
24.142000,11.250110
24.143000,11.201351
24.144000,11.272526
24.145000,11.348638
24.146000,11.352091
24.147000,11.378951
24.148000,11.373931
24.149000,11.357319
24.150000,11.337591
24.151000,11.426475
24.152000,11.410440
24.153000,11.470669
24.154000,11.495094
24.155000,11.480982
24.156000,11.503188
24.157000,11.519727
24.158000,11.525851
24.159000,11.536318
24.160000,11.497169
24.161000,11.572867
24.162000,11.672920
24.163000,11.688471
24.164000,11.673612
24.165000,11.720714
24.166000,11.744286
24.167000,11.637266
24.168000,11.648620
24.169000,11.685208
24.170000,11.681514
24.171000,11.699623
24.172000,11.640446
24.173000,11.659944
24.174000,11.671765
24.175000,11.560599
24.176000,11.529690
24.177000,11.577504
24.178000,11.524629
24.179000,11.536447
24.180000,11.512007
24.181000,11.511166
24.182000,11.507570
24.183000,11.503828
24.184000,11.553613
24.185000,11.637949
24.186000,11.657243
24.187000,11.719399
24.188000,11.764347
24.189000,11.767871
24.190000,11.754936
24.191000,11.756471
24.192000,11.676707
24.193000,11.740953
24.194000,11.720704
24.195000,11.738029
24.196000,11.634657
24.197000,11.597239
24.198000,11.619285
24.199000,11.584570
24.200000,11.565531
24.201000,11.677391
24.202000,11.652512
24.203000,11.637435
24.204000,11.605300
24.205000,11.600073
24.206000,11.600701
24.207000,11.627960
24.208000,11.588163
24.209000,11.618069
24.210000,11.625081
24.211000,11.647869
24.212000,11.726242
24.213000,11.785223
24.214000,11.790749
24.215000,11.790745
24.216000,11.696164
24.217000,11.650140
24.218000,11.628453
24.219000,11.641655
24.220000,11.699651
24.221000,11.630574
24.222000,11.766828
24.223000,11.744145
24.224000,11.782499
24.225000,11.773542
24.226000,11.849641
24.227000,11.910619
24.228000,12.009612
24.229000,12.001993
24.230000,11.981846
24.231000,11.982005
24.232000,11.986705
24.233000,11.904957
24.234000,11.882251
24.235000,11.805736
24.236000,11.865893
24.237000,11.819456
24.238000,11.830986
24.239000,11.849683
24.240000,11.879773
24.241000,11.900550
24.242000,11.793819
24.243000,11.727935
24.244000,11.777344
24.245000,11.766099
24.246000,11.806318
24.247000,11.839588
24.248000,11.824726
24.249000,11.903505
24.250000,11.873515
24.251000,11.796600
24.252000,11.815693
24.253000,11.823351
24.254000,11.926750
24.255000,11.960923
24.256000,11.970961
24.257000,11.914185
24.258000,11.844616
24.259000,11.908400
24.260000,12.011625
24.261000,12.030969
24.262000,12.001919
24.263000,12.020853
24.264000,12.059235
24.265000,12.030900
24.266000,12.100133
24.267000,12.070552
24.268000,12.078700
24.269000,12.110029
24.270000,12.083696
24.271000,12.143824
24.272000,12.076271
24.273000,12.068303
24.274000,12.140783
24.275000,12.207426
24.276000,12.173534
24.277000,12.128825
24.278000,12.115727
24.279000,12.162671
24.280000,12.040200
24.281000,11.988236
24.282000,11.967023
24.283000,11.828916
24.284000,11.758813
24.285000,11.783914
24.286000,11.838434
24.287000,11.827979
24.288000,11.850579
24.289000,11.824090
24.290000,11.907507
24.291000,11.912542
24.292000,11.930025
24.293000,11.878940
24.294000,11.855662
24.295000,11.932509
24.296000,11.906745
24.297000,11.866778
24.298000,11.847898
24.299000,11.853129
24.300000,11.796598
24.301000,11.847016
24.302000,11.884925
24.303000,12.039579
24.304000,12.079974
24.305000,12.014563
24.306000,12.017725
24.307000,11.989793
24.308000,11.955998
24.309000,11.964053
24.310000,11.935927
24.311000,11.890657
24.312000,11.949968
24.313000,11.927300
24.314000,12.013321
24.315000,12.026145
24.316000,12.019569
24.317000,12.042580
24.318000,11.981461
24.319000,11.942114
24.320000,11.935884
24.321000,11.995929
24.322000,11.985585
24.323000,11.927929
24.324000,11.964566
24.325000,11.966600
24.326000,11.977072
24.327000,11.887763
24.328000,11.825370
24.329000,11.828280
24.330000,11.714832
24.331000,11.766717
24.332000,11.764669
24.333000,11.678684
24.334000,11.647636
24.335000,11.619556
24.336000,11.561100
24.337000,11.619780
24.338000,11.592483
24.339000,11.605329
24.340000,11.706118
24.341000,11.738450
24.342000,11.665616
24.343000,11.665999
24.344000,11.681261
24.345000,11.554597
24.346000,11.490097
24.347000,11.490488
24.348000,11.378130
24.349000,11.423223
24.350000,11.520563
24.351000,11.508267
24.352000,11.498328
24.353000,11.450111
24.354000,11.461997
24.355000,11.554138
24.356000,11.562777
24.357000,11.598996
24.358000,11.583204
24.359000,11.659533
24.360000,11.668927
24.361000,11.658070
24.362000,11.659981
24.363000,11.741656
24.364000,11.713630
24.365000,11.632320
24.366000,11.645977
24.367000,11.664845
24.368000,11.654853
24.369000,11.581716
24.370000,11.547839
24.371000,11.524654
24.372000,11.478211
24.373000,11.509824
24.374000,11.525232
24.375000,11.515580
24.376000,11.513045
24.377000,11.480985
24.378000,11.486936
24.379000,11.449889
24.380000,11.509211
24.381000,11.483161
24.382000,11.469874
24.383000,11.430925
24.384000,11.434341
24.385000,11.473094
24.386000,11.541141
24.387000,11.624949
24.388000,11.719303
24.389000,11.769452
24.390000,11.780041
24.391000,11.836110
24.392000,11.835336
24.393000,11.914583
24.394000,11.945128
24.395000,11.906320
24.396000,11.919550
24.397000,11.811075
24.398000,11.774501
24.399000,11.824479
24.400000,11.862125
24.401000,11.823793
24.402000,11.787941
24.403000,11.864609
24.404000,11.855584
24.405000,11.849166
24.406000,11.883473
24.407000,11.783564
24.408000,11.807393
24.409000,11.750324
24.410000,11.714172
24.411000,11.720249
24.412000,11.724527
24.413000,11.730879
24.414000,11.696595
24.415000,11.765530
24.416000,11.793136
24.417000,11.670728
24.418000,11.753752
24.419000,11.711996
24.420000,11.734554
24.421000,11.558592
24.422000,11.508033
24.423000,11.381731
24.424000,11.287309
24.425000,11.291535
24.426000,11.316129
24.427000,11.288524
24.428000,11.304412
24.429000,11.357799
24.430000,11.275013
24.431000,11.359230
24.432000,11.320567
24.433000,11.342764
24.434000,11.430160
24.435000,11.319842
24.436000,11.251527
24.437000,11.259519
24.438000,11.333949
24.439000,11.373207
24.440000,11.294240
24.441000,11.244546
24.442000,11.268070
24.443000,11.284665
24.444000,11.257801
24.445000,11.221005
24.446000,11.149249
24.447000,11.136000
24.448000,11.245490
24.449000,11.336984
24.450000,11.383089
24.451000,11.392901
24.452000,11.491692
24.453000,11.436555
24.454000,11.480852
24.455000,11.504805
24.456000,11.527775
24.457000,11.522394
24.458000,11.507788
24.459000,11.510660
24.460000,11.521029
24.461000,11.481301
24.462000,11.540675
24.463000,11.636622
24.464000,11.652507
24.465000,11.603956
24.466000,11.489928
24.467000,11.528161
24.468000,11.578705
24.469000,11.612367
24.470000,11.600862
24.471000,11.652389
24.472000,11.718849
24.473000,11.732743
24.474000,11.748803
24.475000,11.773600
24.476000,11.776225
24.477000,11.830167
24.478000,11.762890
24.479000,11.731549
24.480000,11.706888
24.481000,11.816516
24.482000,11.786667
24.483000,11.798262
24.484000,11.795842
24.485000,11.726414
24.486000,11.703314
24.487000,11.682967
24.488000,11.640350
24.489000,11.621546
24.490000,11.706208
24.491000,11.782202
24.492000,11.733876
24.493000,11.718947
24.494000,11.793982
24.495000,11.743621
24.496000,11.777908
24.497000,11.752719
24.498000,11.818435
24.499000,11.856584
24.500000,11.921418
24.501000,11.865991
24.502000,11.883723
24.503000,11.811791
24.504000,11.921360
24.505000,11.962875
24.506000,11.942160
24.507000,12.015230
24.508000,12.010486
24.509000,11.955170
24.510000,11.963840
24.511000,11.891165
24.512000,11.986087
24.513000,11.970440
24.514000,12.018472
24.515000,11.921791
24.516000,11.887342
24.517000,11.895184
24.518000,11.819341
24.519000,11.821197
24.520000,11.814696
24.521000,11.847507
24.522000,12.001032
24.523000,11.995750
24.524000,11.997425
24.525000,12.055727
24.526000,12.075003
24.527000,12.147438
24.528000,12.219014
24.529000,12.220747
24.530000,12.086928
24.531000,12.116763
24.532000,12.016766
24.533000,12.012806
24.534000,12.002014
24.535000,11.863058
24.536000,11.815754
24.537000,11.783268
24.538000,11.728312
24.539000,11.722973
24.540000,11.740258
24.541000,11.623566
24.542000,11.620209
24.543000,11.652201
24.544000,11.710977
24.545000,11.615198
24.546000,11.637365
24.547000,11.526884
24.548000,11.570210
24.549000,11.485408
24.550000,11.502608
24.551000,11.445737
24.552000,11.455796
24.553000,11.458163
24.554000,11.564393
24.555000,11.604578
24.556000,11.672713
24.557000,11.666679
24.558000,11.642925
24.559000,11.559039
24.560000,11.520832
24.561000,11.541292
24.562000,11.562100
24.563000,11.618941
24.564000,11.600946
24.565000,11.499510
24.566000,11.521736
24.567000,11.504263
24.568000,11.402806
24.569000,11.401599
24.570000,11.451274
24.571000,11.453564
24.572000,11.416356
24.573000,11.443001
24.574000,11.437866
24.575000,11.402020
24.576000,11.387563
24.577000,11.485359
24.578000,11.479131
24.579000,11.365632
24.580000,11.261139
24.581000,11.218835
24.582000,11.290093
24.583000,11.225847
24.584000,11.307369
24.585000,11.342197
24.586000,11.362366
24.587000,11.315334
24.588000,11.295387
24.589000,11.319420
24.590000,11.387624
24.591000,11.403010
24.592000,11.252893
24.593000,11.282886
24.594000,11.307870
24.595000,11.332908
24.596000,11.346059
24.597000,11.341909
24.598000,11.426401
24.599000,11.386847
24.600000,11.457508
24.601000,11.522168
24.602000,11.579592
24.603000,11.602670
24.604000,11.576177
24.605000,11.598344
24.606000,11.601729
24.607000,11.569998
24.608000,11.550556
24.609000,11.616490
24.610000,11.581136
24.611000,11.583334
24.612000,11.543842
24.613000,11.544437
24.614000,11.593640
24.615000,11.506957
24.616000,11.589901
24.617000,11.526164
24.618000,11.430731
24.619000,11.453051
24.620000,11.491666
24.621000,11.490747
24.622000,11.497844
24.623000,11.512783
24.624000,11.514889
24.625000,11.521434
24.626000,11.523592
24.627000,11.461580
24.628000,11.400675
24.629000,11.394478
24.630000,11.362400
24.631000,11.427733
24.632000,11.471919
24.633000,11.512246
24.634000,11.657903
24.635000,11.608626
24.636000,11.586267
24.637000,11.588177
24.638000,11.527201
24.639000,11.528049
24.640000,11.500061
24.641000,11.453744
24.642000,11.455210
24.643000,11.413945
24.644000,11.377533
24.645000,11.277713
24.646000,11.297723
24.647000,11.234279
24.648000,11.226570
24.649000,11.179093
24.650000,11.197828
24.651000,11.168763
24.652000,11.192162
24.653000,11.243157
24.654000,11.261523
24.655000,11.253604
24.656000,11.275774
24.657000,11.281545
24.658000,11.298294
24.659000,11.230592
24.660000,11.197780
24.661000,11.174408
24.662000,11.196581
24.663000,11.212089
24.664000,11.100148
24.665000,11.067281
24.666000,11.030116
24.667000,11.088799
24.668000,11.185400
24.669000,11.073547
24.670000,11.030100
24.671000,10.970351
24.672000,10.934498
24.673000,10.911232
24.674000,10.922492
24.675000,10.904858
24.676000,10.839985
24.677000,10.824976
24.678000,10.843683
24.679000,10.848350
24.680000,10.820932
24.681000,10.848217
24.682000,10.911912
24.683000,10.941535
24.684000,10.910960
24.685000,10.921480
24.686000,10.965552
24.687000,10.896782
24.688000,10.876642
24.689000,10.850004
24.690000,10.920096
24.691000,10.958675
24.692000,10.969701
24.693000,10.871722
24.694000,10.865839
24.695000,10.786992
24.696000,10.663473
24.697000,10.762536
24.698000,10.638304
24.699000,10.664056
24.700000,10.748789
24.701000,10.700213
24.702000,10.661762
24.703000,10.719060
24.704000,10.694581
24.705000,10.755452
24.706000,10.789734
24.707000,10.779128
24.708000,10.823982
24.709000,10.925297
24.710000,10.938201
24.711000,10.946763
24.712000,11.013360
24.713000,10.956520
24.714000,10.945504
24.715000,10.932581
24.716000,10.958991
24.717000,10.847258
24.718000,10.920720
24.719000,10.868397
24.720000,10.809412
24.721000,10.875503
24.722000,10.869921
24.723000,10.850772
24.724000,10.870745
24.725000,10.824621
24.726000,10.710091
24.727000,10.663293
24.728000,10.716525
24.729000,10.770860
24.730000,10.788377
24.731000,10.837281
24.732000,10.856581
24.733000,10.885900
24.734000,10.879446
24.735000,10.770481
24.736000,10.713172
24.737000,10.693694
24.738000,10.642944
24.739000,10.693255
24.740000,10.677626
24.741000,10.617000
24.742000,10.579112
24.743000,10.613019
24.744000,10.554093
24.745000,10.530319
24.746000,10.485827
24.747000,10.487865
24.748000,10.417302
24.749000,10.388937
24.750000,10.299254
24.751000,10.322853
24.752000,10.293722
24.753000,10.424224
24.754000,10.446776
24.755000,10.589262
24.756000,10.635790
24.757000,10.605195
24.758000,10.584064
24.759000,10.567090
24.760000,10.569389
24.761000,10.489334
24.762000,10.502227
24.763000,10.608188
24.764000,10.683799
24.765000,10.668940
24.766000,10.699205
24.767000,10.640784
24.768000,10.599022
24.769000,10.605813
24.770000,10.714796
24.771000,10.831047
24.772000,10.886236
24.773000,10.902830
24.774000,10.925821
24.775000,10.824292
24.776000,10.915010
24.777000,10.867090
24.778000,10.911720
24.779000,10.795737
24.780000,10.759764
24.781000,10.710249
24.782000,10.731797
24.783000,10.642514
24.784000,10.639106
24.785000,10.593890
24.786000,10.591248
24.787000,10.610458
24.788000,10.636116
24.789000,10.723414
24.790000,10.743679
24.791000,10.822682
24.792000,10.846445
24.793000,10.740426
24.794000,10.699364
24.795000,10.775088
24.796000,10.806801
24.797000,10.811417
24.798000,10.883824
24.799000,10.814868
24.800000,10.802514
24.801000,10.834830
24.802000,10.805655
24.803000,10.753993
24.804000,10.770271
24.805000,10.817840
24.806000,10.770113
24.807000,10.766107
24.808000,10.822736
24.809000,10.900931
24.810000,10.908839
24.811000,10.874718
24.812000,10.865025
24.813000,10.811051
24.814000,10.768640
24.815000,10.746213
24.816000,10.732020
24.817000,10.639032
24.818000,10.720049
24.819000,10.761623
24.820000,10.780574
24.821000,10.772439
24.822000,10.835744
24.823000,10.789380
24.824000,10.791956
24.825000,10.751056
24.826000,10.743733
24.827000,10.790092
24.828000,10.745069
24.829000,10.823371
24.830000,10.813005
24.831000,10.794145
24.832000,10.769349
24.833000,10.872301
24.834000,10.889492
24.835000,10.984314
24.836000,10.911951
24.837000,10.910285
24.838000,10.921604
24.839000,10.824804
24.840000,10.825250
24.841000,10.776062
24.842000,10.803501
24.843000,10.876050
24.844000,10.981896
24.845000,10.913786
24.846000,10.966258
24.847000,10.943220
24.848000,10.958796
24.849000,10.920654
24.850000,10.910124
24.851000,10.913664
24.852000,10.959181
24.853000,10.979252
24.854000,10.981741
24.855000,11.044039
24.856000,11.072984
24.857000,11.120445
24.858000,11.102574
24.859000,11.109826
24.860000,11.100760
24.861000,10.962238
24.862000,11.043608
24.863000,10.985041
24.864000,11.029720
24.865000,10.986159
24.866000,10.900247
24.867000,10.852269
24.868000,10.908909
24.869000,10.957334
24.870000,10.970294
24.871000,11.008820
24.872000,10.983513
24.873000,11.126902
24.874000,11.057824
24.875000,11.096179
24.876000,11.093201
24.877000,11.155552
24.878000,11.289056
24.879000,11.349623
24.880000,11.327558
24.881000,11.262842
24.882000,11.248675
24.883000,11.249177
24.884000,11.344500
24.885000,11.269866
24.886000,11.270194
24.887000,11.232894
24.888000,11.204700
24.889000,11.313542
24.890000,11.326080
24.891000,11.388785
24.892000,11.375067
24.893000,11.295951
24.894000,11.357063
24.895000,11.371617
24.896000,11.344388
24.897000,11.269579
24.898000,11.282756
24.899000,11.368717
24.900000,11.444759
24.901000,11.465439
24.902000,11.555015
24.903000,11.599474
24.904000,11.560758
24.905000,11.510890
24.906000,11.529856
24.907000,11.509240
24.908000,11.475737
24.909000,11.433688
24.910000,11.534822
24.911000,11.445375
24.912000,11.456512
24.913000,11.603966
24.914000,11.615962
24.915000,11.578270
24.916000,11.565299
24.917000,11.586881
24.918000,11.551350
24.919000,11.463989
24.920000,11.467525
24.921000,11.612887
24.922000,11.573080
24.923000,11.719884
24.924000,11.851815
24.925000,11.877186
24.926000,11.937410
24.927000,11.934400
24.928000,11.843021
24.929000,11.830324
24.930000,11.844171
24.931000,11.948593
24.932000,11.959508
24.933000,11.968926
24.934000,11.902473
24.935000,11.856978
24.936000,11.848726
24.937000,11.912589
24.938000,11.917209
24.939000,11.896393
24.940000,11.948595
24.941000,11.975524
24.942000,11.986463
24.943000,12.015544
24.944000,12.051033
24.945000,11.969186
24.946000,11.942892
24.947000,11.923348
24.948000,11.949443
24.949000,11.952704
24.950000,11.948628
24.951000,11.866147
24.952000,11.935462
24.953000,11.986715
24.954000,11.974226
24.955000,12.021852
24.956000,12.028549
24.957000,11.996884
24.958000,12.037101
24.959000,12.190698
24.960000,12.213137
24.961000,12.090796
24.962000,12.043173
24.963000,11.924250
24.964000,11.989389
24.965000,12.005689
24.966000,11.987682
24.967000,11.943415
24.968000,12.036648
24.969000,12.013882
24.970000,12.028528
24.971000,12.043874
24.972000,12.065334
24.973000,12.012759
24.974000,12.031554
24.975000,12.098164
24.976000,12.005012
24.977000,11.991290
24.978000,11.959739
24.979000,12.029434
24.980000,12.045851
24.981000,12.156234
24.982000,12.031694
24.983000,12.160898
24.984000,12.190415
24.985000,12.186760
24.986000,12.132156
24.987000,12.197832
24.988000,12.251241
24.989000,12.245548
24.990000,12.257758
24.991000,12.232303
24.992000,12.175376
24.993000,12.109358
24.994000,12.013410
24.995000,12.040278
24.996000,12.015237
24.997000,11.963186
24.998000,11.957808
24.999000,11.952732
25.000000,11.893374
25.001000,11.842465
25.002000,11.765743
25.003000,11.880638
25.004000,11.868367
25.005000,11.819129
25.006000,11.833680
25.007000,11.816009
25.008000,11.827998
25.009000,11.841769
25.010000,11.931451
25.011000,11.888590
25.012000,11.800834
25.013000,11.828803
25.014000,11.869619
25.015000,11.733970
25.016000,11.756916
25.017000,11.754631
25.018000,11.772432
25.019000,11.680652
25.020000,11.698025
25.021000,11.681489
25.022000,11.681120
25.023000,11.600378
25.024000,11.570469
25.025000,11.541506
25.026000,11.683633
25.027000,11.683311
25.028000,11.613922
25.029000,11.557559
25.030000,11.693163
25.031000,11.696108
25.032000,11.662172
25.033000,11.635866
25.034000,11.597508
25.035000,11.601171
25.036000,11.576935
25.037000,11.548187
25.038000,11.594490
25.039000,11.612208
25.040000,11.607337
25.041000,11.583141
25.042000,11.625269
25.043000,11.575225
25.044000,11.565082
25.045000,11.459413
25.046000,11.459966
25.047000,11.432836
25.048000,11.483970
25.049000,11.425407
25.050000,11.306133
25.051000,11.381548
25.052000,11.373362
25.053000,11.421443
25.054000,11.433850
25.055000,11.355253
25.056000,11.301792
25.057000,11.332630
25.058000,11.300345
25.059000,11.315518
25.060000,11.299774
25.061000,11.267965
25.062000,11.225821
25.063000,11.265734
25.064000,11.279622
25.065000,11.264498
25.066000,11.195453
25.067000,11.232775
25.068000,11.239613
25.069000,11.215167
25.070000,11.258768
25.071000,11.304286
25.072000,11.302954
25.073000,11.258573
25.074000,11.255270
25.075000,11.272872
25.076000,11.253073
25.077000,11.161215
25.078000,11.167807
25.079000,11.206674
25.080000,11.208758
25.081000,11.279237
25.082000,11.227933
25.083000,11.221001
25.084000,11.065229
25.085000,11.223418
25.086000,11.218440
25.087000,11.226210
25.088000,11.227949
25.089000,11.313337
25.090000,11.268347
25.091000,11.323185
25.092000,11.376868
25.093000,11.415808
25.094000,11.376508
25.095000,11.317419
25.096000,11.288533
25.097000,11.344773
25.098000,11.447327
25.099000,11.418272
25.100000,11.389955
25.101000,11.334427
25.102000,11.203119
25.103000,11.103414
25.104000,11.064069
25.105000,11.046276
25.106000,10.897545
25.107000,10.891971
25.108000,10.819874
25.109000,10.867688
25.110000,10.939426
25.111000,10.953735
25.112000,10.893401
25.113000,10.824194
25.114000,10.813325
25.115000,10.819048
25.116000,10.788309
25.117000,10.886570
25.118000,11.013475
25.119000,11.039389
25.120000,11.041230
25.121000,11.054163
25.122000,11.133609
25.123000,11.120243
25.124000,11.161142
25.125000,11.060742
25.126000,11.090925
25.127000,11.082814
25.128000,11.086957
25.129000,11.086044
25.130000,10.973217
25.131000,10.990561
25.132000,10.926195
25.133000,10.960396
25.134000,10.951069
25.135000,10.919053
25.136000,10.910913
25.137000,10.943635
25.138000,10.827578
25.139000,10.706977
25.140000,10.590893
25.141000,10.621249
25.142000,10.640240
25.143000,10.614889
25.144000,10.735855
25.145000,10.765213
25.146000,10.748516
25.147000,10.767344
25.148000,10.784595
25.149000,10.689599
25.150000,10.738518
25.151000,10.680368
25.152000,10.703108
25.153000,10.698905
25.154000,10.776202
25.155000,10.842436
25.156000,10.720870
25.157000,10.660775
25.158000,10.763525
25.159000,10.829125
25.160000,10.786597
25.161000,10.775924
25.162000,10.807242
25.163000,10.833043
25.164000,10.800722
25.165000,10.781210
25.166000,10.815804
25.167000,10.808632
25.168000,10.644797
25.169000,10.599893
25.170000,10.592231
25.171000,10.692222
25.172000,10.750970
25.173000,10.740922
25.174000,10.846422
25.175000,10.758065
25.176000,10.781163
25.177000,10.800368
25.178000,10.826450
25.179000,10.910875
25.180000,10.953557
25.181000,10.966372
25.182000,10.891100
25.183000,10.866852
25.184000,10.945305
25.185000,10.984311
25.186000,10.961735
25.187000,10.820981
25.188000,10.716600
25.189000,10.792630
25.190000,10.765791
25.191000,10.745758
25.192000,10.676438
25.193000,10.655968
25.194000,10.596392
25.195000,10.565442
25.196000,10.573109
25.197000,10.713522
25.198000,10.680728
25.199000,10.627047
25.200000,10.636692
25.201000,10.510153
25.202000,10.559318
25.203000,10.502115
25.204000,10.554383
25.205000,10.553178
25.206000,10.613777
25.207000,10.612441
25.208000,10.655886
25.209000,10.616834
25.210000,10.569116
25.211000,10.659683
25.212000,10.726265
25.213000,10.713234
25.214000,10.815903
25.215000,10.754214
25.216000,10.724668
25.217000,10.646750
25.218000,10.667393
25.219000,10.711921
25.220000,10.689533
25.221000,10.668394
25.222000,10.666143
25.223000,10.653118
25.224000,10.671072
25.225000,10.643077
25.226000,10.667219
25.227000,10.713588
25.228000,10.685837
25.229000,10.726916
25.230000,10.714544
25.231000,10.672569
25.232000,10.696548
25.233000,10.782410
25.234000,10.732664
25.235000,10.710521
25.236000,10.620796
25.237000,10.626523
25.238000,10.558336
25.239000,10.593675
25.240000,10.631752
25.241000,10.661185
25.242000,10.665801
25.243000,10.680801
25.244000,10.647210
25.245000,10.616794
25.246000,10.576783
25.247000,10.627853
25.248000,10.609664
25.249000,10.522167
25.250000,10.511092
25.251000,10.549921
25.252000,10.631651
25.253000,10.586759
25.254000,10.531183
25.255000,10.596000
25.256000,10.645596
25.257000,10.702176
25.258000,10.768267
25.259000,10.863156
25.260000,10.880453
25.261000,10.812784
25.262000,10.722148
25.263000,10.618351
25.264000,10.615319
25.265000,10.704355
25.266000,10.714745
25.267000,10.720680
25.268000,10.841751
25.269000,10.806295
25.270000,10.812882
25.271000,10.865627
25.272000,10.899278
25.273000,11.047228
25.274000,11.043882
25.275000,11.009292
25.276000,11.080459
25.277000,11.076139
25.278000,11.042506
25.279000,11.091556
25.280000,11.129556
25.281000,11.205752
25.282000,11.200489
25.283000,11.234835
25.284000,11.328579
25.285000,11.460254
25.286000,11.439875
25.287000,11.406780
25.288000,11.259844
25.289000,11.218540
25.290000,11.311292
25.291000,11.313772
25.292000,11.291943
25.293000,11.157839
25.294000,11.177950
25.295000,11.191826
25.296000,11.196597
25.297000,11.245303
25.298000,11.214511
25.299000,11.137173
25.300000,11.079113
25.301000,11.081415
25.302000,11.079483
25.303000,10.943027
25.304000,10.899804
25.305000,10.943028
25.306000,10.866387
25.307000,10.877079
25.308000,10.867469
25.309000,10.905628
25.310000,10.977031
25.311000,11.044140
25.312000,11.039488
25.313000,11.086070
25.314000,10.899135
25.315000,10.880616
25.316000,10.768299
25.317000,10.700043
25.318000,10.745853
25.319000,10.721379
25.320000,10.673265
25.321000,10.622810
25.322000,10.584113
25.323000,10.535381
25.324000,10.588424
25.325000,10.635015
25.326000,10.676852
25.327000,10.640331
25.328000,10.605538
25.329000,10.526156
25.330000,10.516812
25.331000,10.542542
25.332000,10.605757
25.333000,10.652482
25.334000,10.759527
25.335000,10.765313
25.336000,10.842394
25.337000,10.815880
25.338000,10.795990
25.339000,10.953809
25.340000,10.858042
25.341000,10.847786
25.342000,10.878764
25.343000,10.885095
25.344000,10.958132
25.345000,10.999313
25.346000,11.026224
25.347000,11.000808
25.348000,10.953321
25.349000,10.908052
25.350000,10.880836
25.351000,10.857903
25.352000,10.828686
25.353000,10.847845
25.354000,10.835341
25.355000,10.824019
25.356000,10.908317
25.357000,10.947457
25.358000,10.910185
25.359000,10.862717
25.360000,10.888772
25.361000,10.947372
25.362000,10.867677
25.363000,10.887226
25.364000,10.867483
25.365000,10.848411
25.366000,10.831184
25.367000,10.940537
25.368000,10.826277
25.369000,10.829968
25.370000,10.846934
25.371000,10.874099
25.372000,10.874302
25.373000,10.866316
25.374000,10.911318
25.375000,10.897087
25.376000,10.937896
25.377000,10.924484
25.378000,10.937296
25.379000,10.972869
25.380000,11.009425
25.381000,11.000911
25.382000,10.935676
25.383000,10.964974
25.384000,10.925117
25.385000,10.982020
25.386000,10.940161
25.387000,10.992761
25.388000,10.937583
25.389000,10.863087
25.390000,10.868204
25.391000,10.997934
25.392000,11.095383
25.393000,11.043731
25.394000,11.014788
25.395000,11.016692
25.396000,11.060809
25.397000,11.120391
25.398000,11.057078
25.399000,11.058541
25.400000,11.041950
25.401000,11.021974
25.402000,11.017086
25.403000,10.959548
25.404000,11.012461
25.405000,10.917132
25.406000,10.928238
25.407000,10.851594
25.408000,10.842929
25.409000,10.850445
25.410000,10.850732
25.411000,10.888302
25.412000,10.870990
25.413000,10.880786
25.414000,10.861282
25.415000,10.896483
25.416000,10.792555
25.417000,10.813118
25.418000,10.832749
25.419000,10.879107
25.420000,10.907958
25.421000,10.925056
25.422000,10.960527
25.423000,11.028105
25.424000,10.963850
25.425000,10.973150
25.426000,11.029976
25.427000,10.957231
25.428000,10.848414
25.429000,10.860020
25.430000,10.793806
25.431000,10.746563
25.432000,10.785154
25.433000,10.813509
25.434000,10.786552
25.435000,10.705473
25.436000,10.708407
25.437000,10.788229
25.438000,10.902615
25.439000,10.856055
25.440000,10.799796
25.441000,10.752433
25.442000,10.784579
25.443000,10.915899
25.444000,10.825955
25.445000,10.801013
25.446000,10.795440
25.447000,10.775667
25.448000,10.854280
25.449000,10.788977
25.450000,10.787742
25.451000,10.709980
25.452000,10.691323
25.453000,10.698169
25.454000,10.721482
25.455000,10.668167
25.456000,10.666928
25.457000,10.687247
25.458000,10.712683
25.459000,10.655343
25.460000,10.644296
25.461000,10.588783
25.462000,10.656268
25.463000,10.581573
25.464000,10.570158
25.465000,10.524237
25.466000,10.503607
25.467000,10.589665
25.468000,10.452799
25.469000,10.540321
25.470000,10.526299
25.471000,10.486179
25.472000,10.416150
25.473000,10.414983
25.474000,10.548043
25.475000,10.529778
25.476000,10.621067
25.477000,10.577810
25.478000,10.567920
25.479000,10.551762
25.480000,10.668049
25.481000,10.653464
25.482000,10.565601
25.483000,10.452422
25.484000,10.466133
25.485000,10.503724
25.486000,10.576173
25.487000,10.639016
25.488000,10.621001
25.489000,10.769693
25.490000,10.743795
25.491000,10.742415
25.492000,10.664254
25.493000,10.695859
25.494000,10.688437
25.495000,10.743124
25.496000,10.672730
25.497000,10.714462
25.498000,10.697863
25.499000,10.641233
25.500000,10.564459
25.501000,10.594053
25.502000,10.679519
25.503000,10.699516
25.504000,10.646708
25.505000,10.620572
25.506000,10.662157
25.507000,10.620802
25.508000,10.570970
25.509000,10.533115
25.510000,10.545049
25.511000,10.654646
25.512000,10.688668
25.513000,10.665320
25.514000,10.677382
25.515000,10.777697
25.516000,10.866029
25.517000,11.007879
25.518000,10.983861
25.519000,10.939507
25.520000,10.935646
25.521000,10.801359
25.522000,10.747408
25.523000,10.809796
25.524000,10.728131
25.525000,10.652273
25.526000,10.662858
25.527000,10.609562
25.528000,10.513519
25.529000,10.466459
25.530000,10.491569
25.531000,10.497911
25.532000,10.321917
25.533000,10.321470
25.534000,10.364566
25.535000,10.344554
25.536000,10.313076
25.537000,10.334090
25.538000,10.347104
25.539000,10.421486
25.540000,10.432920
25.541000,10.424395
25.542000,10.328283
25.543000,10.313486
25.544000,10.291856
25.545000,10.321784
25.546000,10.299405
25.547000,10.318968
25.548000,10.327317
25.549000,10.462196
25.550000,10.527233
25.551000,10.485697
25.552000,10.499773
25.553000,10.550515
25.554000,10.588582
25.555000,10.597954
25.556000,10.541869
25.557000,10.569557
25.558000,10.470763
25.559000,10.505290
25.560000,10.552682
25.561000,10.460143
25.562000,10.579163
25.563000,10.651899
25.564000,10.543002
25.565000,10.570916
25.566000,10.537100
25.567000,10.516325
25.568000,10.522232
25.569000,10.587388
25.570000,10.615445
25.571000,10.672878
25.572000,10.699092
25.573000,10.707896
25.574000,10.639378
25.575000,10.625989
25.576000,10.663065
25.577000,10.633068
25.578000,10.739728
25.579000,10.728654
25.580000,10.651655
25.581000,10.655002
25.582000,10.606373
25.583000,10.672941
25.584000,10.795753
25.585000,10.817104
25.586000,10.917329
25.587000,10.929808
25.588000,10.930650
25.589000,10.897743
25.590000,10.884038
25.591000,10.872732
25.592000,10.931451
25.593000,10.919251
25.594000,11.009557
25.595000,10.998278
25.596000,10.921469
25.597000,10.974961
25.598000,10.982048
25.599000,10.939000
25.600000,10.935436
25.601000,10.946630
25.602000,10.858195
25.603000,10.793451
25.604000,10.686403
25.605000,10.747700
25.606000,10.890559
25.607000,11.009851
25.608000,11.034153
25.609000,10.991564
25.610000,11.013494
25.611000,10.975440
25.612000,11.027002
25.613000,10.988887
25.614000,10.955981
25.615000,10.941099
25.616000,10.854092
25.617000,10.882913
25.618000,10.849171
25.619000,10.716857
25.620000,10.711438
25.621000,10.822084
25.622000,10.848891
25.623000,10.867443
25.624000,10.730343
25.625000,10.766337
25.626000,10.728659
25.627000,10.757616
25.628000,10.699798
25.629000,10.701197
25.630000,10.693367
25.631000,10.657917
25.632000,10.594300
25.633000,10.650620
25.634000,10.704793
25.635000,10.668879
25.636000,10.567376
25.637000,10.509030
25.638000,10.562570
25.639000,10.493883
25.640000,10.480347
25.641000,10.462076
25.642000,10.428120
25.643000,10.433205
25.644000,10.415076
25.645000,10.387125
25.646000,10.480373
25.647000,10.395706
25.648000,10.487853
25.649000,10.453413
25.650000,10.546203
25.651000,10.578686
25.652000,10.593201
25.653000,10.561976
25.654000,10.509036
25.655000,10.521996
25.656000,10.504466
25.657000,10.684008
25.658000,10.611232
25.659000,10.634417
25.660000,10.584314
25.661000,10.613265
25.662000,10.550075
25.663000,10.507024
25.664000,10.572709
25.665000,10.591169
25.666000,10.609750
25.667000,10.579652
25.668000,10.542224
25.669000,10.561996
25.670000,10.515160
25.671000,10.494895
25.672000,10.527236
25.673000,10.533503
25.674000,10.576503
25.675000,10.804380
25.676000,10.865861
25.677000,10.841704
25.678000,10.813681
25.679000,10.838248
25.680000,10.751988
25.681000,10.732151
25.682000,10.675440
25.683000,10.688421
25.684000,10.698773
25.685000,10.681949
25.686000,10.721522
25.687000,10.783704
25.688000,10.806512
25.689000,10.888162
25.690000,10.914013
25.691000,10.872085
25.692000,10.832587
25.693000,10.962453
25.694000,10.999618
25.695000,11.043706
25.696000,11.072772
25.697000,11.062127
25.698000,11.031050
25.699000,11.002730
25.700000,10.934543
25.701000,10.906890
25.702000,10.843279
25.703000,10.846097
25.704000,10.888984
25.705000,10.920652
25.706000,10.865511
25.707000,10.866236
25.708000,10.921501
25.709000,10.864346
25.710000,10.779228
25.711000,10.909720
25.712000,10.937885
25.713000,10.962584
25.714000,11.004485
25.715000,10.933306
25.716000,10.989170
25.717000,10.950425
25.718000,10.925548
25.719000,10.916640
25.720000,10.812994
25.721000,10.786815
25.722000,10.709987
25.723000,10.804791
25.724000,10.852874
25.725000,10.871068
25.726000,10.889899
25.727000,10.948894
25.728000,10.884110
25.729000,10.975950
25.730000,10.975123
25.731000,10.944129
25.732000,10.892962
25.733000,10.999689
25.734000,11.039211
25.735000,11.135815
25.736000,11.050134
25.737000,10.983667
25.738000,10.926194
25.739000,10.946230
25.740000,10.984737
25.741000,10.981077
25.742000,10.948596
25.743000,10.894774
25.744000,10.896685
25.745000,10.819584
25.746000,10.837908
25.747000,10.920357
25.748000,11.047540
25.749000,10.944779
25.750000,10.930134
25.751000,10.935938
25.752000,10.829443
25.753000,10.817672
25.754000,10.849252
25.755000,10.905177
25.756000,10.963961
25.757000,10.919197
25.758000,10.877533
25.759000,10.880944
25.760000,10.786866
25.761000,10.870198
25.762000,10.844752
25.763000,10.848986
25.764000,10.821217
25.765000,10.758734
25.766000,10.731448
25.767000,10.704867
25.768000,10.678004
25.769000,10.811163
25.770000,10.796593
25.771000,10.750391
25.772000,10.771163
25.773000,10.723985
25.774000,10.770214
25.775000,10.864706
25.776000,10.843730
25.777000,10.772816
25.778000,10.779401
25.779000,10.781933
25.780000,10.859125
25.781000,10.909340
25.782000,10.991940
25.783000,10.990076
25.784000,10.956394
25.785000,10.948404
25.786000,10.991528
25.787000,10.967297
25.788000,10.921617
25.789000,10.947583
25.790000,10.923172
25.791000,10.962296
25.792000,10.859654
25.793000,10.750215
25.794000,10.780792
25.795000,10.748030
25.796000,10.764914
25.797000,10.743128
25.798000,10.794615
25.799000,10.898362
25.800000,10.960954
25.801000,10.976848
25.802000,11.000098
25.803000,10.988755
25.804000,10.985385
25.805000,11.017671
25.806000,11.065131
25.807000,11.037574
25.808000,11.017243
25.809000,10.914334
25.810000,10.914933
25.811000,10.931354
25.812000,10.856652
25.813000,10.908299
25.814000,10.954642
25.815000,11.039438
25.816000,11.006572
25.817000,11.107034
25.818000,11.060152
25.819000,10.985496
25.820000,11.001769
25.821000,11.044319
25.822000,11.034223
25.823000,11.032507
25.824000,11.091064
25.825000,11.114540
25.826000,11.218733
25.827000,11.250614
25.828000,11.257996
25.829000,11.196317
25.830000,11.154719
25.831000,11.282021
25.832000,11.228066
25.833000,11.139256
25.834000,11.091490
25.835000,11.092298
25.836000,11.107464
25.837000,11.102988
25.838000,11.021092
25.839000,10.944798
25.840000,10.961933
25.841000,10.999815
25.842000,10.816586
25.843000,10.810731
25.844000,10.783174
25.845000,10.813865
25.846000,10.661910
25.847000,10.608604
25.848000,10.510820
25.849000,10.548790
25.850000,10.624456
25.851000,10.650157
25.852000,10.662569
25.853000,10.538983
25.854000,10.492043
25.855000,10.505591
25.856000,10.489531
25.857000,10.514409
25.858000,10.571253
25.859000,10.535226
25.860000,10.556371
25.861000,10.559049
25.862000,10.566361
25.863000,10.595976
25.864000,10.571433
25.865000,10.486273
25.866000,10.509401
25.867000,10.533726
25.868000,10.531122
25.869000,10.529695
25.870000,10.586983
25.871000,10.686874
25.872000,10.655852
25.873000,10.774698
25.874000,10.736903
25.875000,10.685976
25.876000,10.696981
25.877000,10.648582
25.878000,10.767144
25.879000,10.829501
25.880000,10.774360
25.881000,10.743258
25.882000,10.743805
25.883000,10.842021
25.884000,10.788067
25.885000,10.757830
25.886000,10.703661
25.887000,10.724657
25.888000,10.694347
25.889000,10.613461
25.890000,10.554185
25.891000,10.564831
25.892000,10.663652
25.893000,10.763351
25.894000,10.812413
25.895000,10.758935
25.896000,10.874386
25.897000,10.942668
25.898000,10.929911
25.899000,10.875925
25.900000,10.842431
25.901000,10.836348
25.902000,10.813211
25.903000,10.858379
25.904000,10.838988
25.905000,10.884561
25.906000,10.932966
25.907000,11.020740
25.908000,11.062260
25.909000,10.972211
25.910000,11.023331
25.911000,11.071080
25.912000,10.985138
25.913000,10.931476
25.914000,10.871832
25.915000,10.786752
25.916000,10.787288
25.917000,10.890702
25.918000,10.944692
25.919000,10.981026
25.920000,10.997082
25.921000,10.990509
25.922000,11.067711
25.923000,11.072102
25.924000,11.184789
25.925000,11.169038
25.926000,11.125776
25.927000,11.200999
25.928000,11.172218
25.929000,11.143293
25.930000,11.191946
25.931000,11.211339
25.932000,11.211429
25.933000,11.177788
25.934000,11.089736
25.935000,11.084252
25.936000,11.050317
25.937000,11.003744
25.938000,11.023270
25.939000,10.945701
25.940000,10.943482
25.941000,10.969466
25.942000,10.948781
25.943000,10.946181
25.944000,10.896519
25.945000,10.912595
25.946000,10.936054
25.947000,10.869957
25.948000,10.838614
25.949000,10.900260
25.950000,10.921882
25.951000,10.922620
25.952000,10.998721
25.953000,10.937913
25.954000,10.805492
25.955000,10.760004
25.956000,10.779720
25.957000,10.770654
25.958000,10.770501
25.959000,10.777487
25.960000,10.699744
25.961000,10.764701
25.962000,10.874867
25.963000,10.864073
25.964000,10.840503
25.965000,10.856853
25.966000,10.842313
25.967000,10.821147
25.968000,10.805046
25.969000,10.772955
25.970000,10.787586
25.971000,10.867305
25.972000,10.948581
25.973000,10.945420
25.974000,10.874474
25.975000,10.965659
25.976000,10.962977
25.977000,10.959526
25.978000,11.029150
25.979000,11.002365
25.980000,10.959683
25.981000,10.941900
25.982000,10.915910
25.983000,10.859782
25.984000,10.892962
25.985000,10.852664
25.986000,10.925417
25.987000,10.934901
25.988000,10.792906
25.989000,10.767717
25.990000,10.784526
25.991000,10.798563
25.992000,10.788419
25.993000,10.741858
25.994000,10.795225
25.995000,10.799385
25.996000,10.737484
25.997000,10.696531
25.998000,10.691557
25.999000,10.575677
26.000000,10.641841
26.001000,10.605477
26.002000,10.690844
26.003000,10.749878
26.004000,10.739934
26.005000,10.703090
26.006000,10.695065
26.007000,10.642615
26.008000,10.677647
26.009000,10.722056
26.010000,10.682935
26.011000,10.642886
26.012000,10.568164
26.013000,10.637164
26.014000,10.637969
26.015000,10.653519
26.016000,10.584607
26.017000,10.600342
26.018000,10.574655
26.019000,10.512678
26.020000,10.504493
26.021000,10.504798
26.022000,10.530375
26.023000,10.668491
26.024000,10.603861
26.025000,10.626321
26.026000,10.568017
26.027000,10.580566
26.028000,10.605014
26.029000,10.682629
26.030000,10.640826
26.031000,10.668233
26.032000,10.693895
26.033000,10.664518
26.034000,10.614367
26.035000,10.700991
26.036000,10.779019
26.037000,10.778048
26.038000,10.665844
26.039000,10.594541
26.040000,10.510303
26.041000,10.472601
26.042000,10.487044
26.043000,10.343343
26.044000,10.306439
26.045000,10.357026
26.046000,10.312523
26.047000,10.298459
26.048000,10.229330
26.049000,10.240769
26.050000,10.209447
26.051000,10.125396
26.052000,10.115220
26.053000,10.154713
26.054000,10.077614
26.055000,10.121691
26.056000,10.107512
26.057000,10.122853
26.058000,10.188251
26.059000,10.236912
26.060000,10.220893
26.061000,10.101173
26.062000,10.113691
26.063000,10.098586
26.064000,10.140556
26.065000,10.116387
26.066000,10.121625
26.067000,10.123732
26.068000,10.241799
26.069000,10.303997
26.070000,10.345570
26.071000,10.351493
26.072000,10.371782
26.073000,10.416731
26.074000,10.357983
26.075000,10.358236
26.076000,10.333911
26.077000,10.336143
26.078000,10.368359
26.079000,10.456253
26.080000,10.405105
26.081000,10.416103
26.082000,10.464868
26.083000,10.436358
26.084000,10.436088
26.085000,10.366951
26.086000,10.351569
26.087000,10.243601
26.088000,10.293912
26.089000,10.242836
26.090000,10.201568
26.091000,10.124045
26.092000,10.179089
26.093000,10.130203
26.094000,10.111312
26.095000,10.121958
26.096000,10.093602
26.097000,10.115970
26.098000,10.155829
26.099000,10.234736
26.100000,10.321546
26.101000,10.253778
26.102000,10.211838
26.103000,10.219545
26.104000,10.232854
26.105000,10.217288
26.106000,10.230693
26.107000,10.148521
26.108000,10.195954
26.109000,10.246572
26.110000,10.219190
26.111000,10.198504
26.112000,10.324333
26.113000,10.244193
26.114000,10.338117
26.115000,10.380317
26.116000,10.499688
26.117000,10.453533
26.118000,10.491148
26.119000,10.431069
26.120000,10.358659
26.121000,10.318924
26.122000,10.387090
26.123000,10.350248
26.124000,10.485448
26.125000,10.536794
26.126000,10.591600
26.127000,10.604646
26.128000,10.520919
26.129000,10.699759
26.130000,10.672747
26.131000,10.783548
26.132000,10.825461
26.133000,10.728222
26.134000,10.745678
26.135000,10.767360
26.136000,10.800333
26.137000,10.774378
26.138000,10.759125
26.139000,10.766253
26.140000,10.811551
26.141000,10.946052
26.142000,10.933576
26.143000,10.951869
26.144000,10.976319
26.145000,11.027131
26.146000,11.051987
26.147000,10.979889
26.148000,10.853390
26.149000,10.762662
26.150000,10.752795
26.151000,10.752841
26.152000,10.728726
26.153000,10.691129
26.154000,10.680889
26.155000,10.780144
26.156000,10.782628
26.157000,10.814856
26.158000,10.864685
26.159000,10.828326
26.160000,10.926320
26.161000,10.974923
26.162000,11.010715
26.163000,11.084173
26.164000,11.034933
26.165000,10.965609
26.166000,11.015321
26.167000,11.057893
26.168000,11.057616
26.169000,11.079638
26.170000,11.131687
26.171000,11.155570
26.172000,11.068444
26.173000,11.023016
26.174000,11.103495
26.175000,11.116544
26.176000,11.185912
26.177000,11.075042
26.178000,11.138644
26.179000,11.213204
26.180000,11.238026
26.181000,11.198242
26.182000,11.166834
26.183000,11.233604
26.184000,11.214006
26.185000,11.120044
26.186000,11.115610
26.187000,11.188736
26.188000,11.223312
26.189000,11.279274
26.190000,11.333060
26.191000,11.268072
26.192000,11.260015
26.193000,11.306414
26.194000,11.207025
26.195000,11.272423
26.196000,11.275703
26.197000,11.279251
26.198000,11.387621
26.199000,11.376466
26.200000,11.378443
26.201000,11.347169
26.202000,11.406373
26.203000,11.455052
26.204000,11.503288
26.205000,11.463051
26.206000,11.388756
26.207000,11.400670
26.208000,11.364840
26.209000,11.284111
26.210000,11.288913
26.211000,11.251637
26.212000,11.290043
26.213000,11.336845
26.214000,11.216559
26.215000,11.290594
26.216000,11.317601
26.217000,11.385810
26.218000,11.408087
26.219000,11.337235
26.220000,11.413034
26.221000,11.407500
26.222000,11.385254
26.223000,11.455153
26.224000,11.435218
26.225000,11.518596
26.226000,11.594694
26.227000,11.481409
26.228000,11.575117
26.229000,11.624456
26.230000,11.654310
26.231000,11.656219
26.232000,11.596453
26.233000,11.583435
26.234000,11.566248
26.235000,11.485915
26.236000,11.514023
26.237000,11.524269
26.238000,11.621222
26.239000,11.571796
26.240000,11.531679
26.241000,11.568865
26.242000,11.495772
26.243000,11.557466
26.244000,11.566746
26.245000,11.549414
26.246000,11.540541
26.247000,11.397956
26.248000,11.452336
26.249000,11.377292
26.250000,11.491459
26.251000,11.412696
26.252000,11.359364
26.253000,11.349701
26.254000,11.365647
26.255000,11.337952
26.256000,11.401514
26.257000,11.373962
26.258000,11.316026
26.259000,11.321482
26.260000,11.281380
26.261000,11.212661
26.262000,11.154814
26.263000,11.130515
26.264000,11.128476
26.265000,11.081290
26.266000,11.055104
26.267000,11.121989
26.268000,11.215759
26.269000,11.232424
26.270000,11.208572
26.271000,11.188869
26.272000,11.186948
26.273000,11.129145
26.274000,11.216909
26.275000,11.197820
26.276000,11.230748
26.277000,11.237039
26.278000,11.203629
26.279000,11.229840
26.280000,11.110557
26.281000,11.130273
26.282000,11.164133
26.283000,11.164482
26.284000,11.133037
26.285000,11.086089
26.286000,11.051568
26.287000,11.024059
26.288000,10.917706
26.289000,10.885715
26.290000,10.897979
26.291000,10.925876
26.292000,10.830042
26.293000,10.812588
26.294000,10.720765
26.295000,10.691595
26.296000,10.715870
26.297000,10.672359
26.298000,10.677775
26.299000,10.565889
26.300000,10.665376
26.301000,10.607366
26.302000,10.516483
26.303000,10.582699
26.304000,10.651407
26.305000,10.635596
26.306000,10.548142
26.307000,10.436437
26.308000,10.372505
26.309000,10.318639
26.310000,10.374536
26.311000,10.380343
26.312000,10.307359
26.313000,10.312616
26.314000,10.312412
26.315000,10.228630
26.316000,10.218645
26.317000,10.111963
26.318000,10.078804
26.319000,10.083318
26.320000,10.104084
26.321000,10.112710
26.322000,10.215211
26.323000,10.230793
26.324000,10.145133
26.325000,10.128594
26.326000,10.210264
26.327000,10.234466
26.328000,10.213555
26.329000,10.260978
26.330000,10.297864
26.331000,10.229220
26.332000,10.303621
26.333000,10.294733
26.334000,10.269859
26.335000,10.236811
26.336000,10.327497
26.337000,10.299459
26.338000,10.256121
26.339000,10.266431
26.340000,10.304387
26.341000,10.315689
26.342000,10.377531
26.343000,10.340396
26.344000,10.325129
26.345000,10.298872
26.346000,10.274239
26.347000,10.287271
26.348000,10.332512
26.349000,10.306301
26.350000,10.242244
26.351000,10.181459
26.352000,10.148656
26.353000,10.190680
26.354000,10.122858
26.355000,10.087462
26.356000,10.116790
26.357000,10.180238
26.358000,10.207068
26.359000,10.158684
26.360000,10.139248
26.361000,10.135561
26.362000,10.074855
26.363000,10.025052
26.364000,10.054693
26.365000,10.098376
26.366000,10.067591
26.367000,10.018167
26.368000,10.025660
26.369000,10.077341
26.370000,10.037337
26.371000,10.118822
26.372000,10.165184
26.373000,10.214129
26.374000,10.156726
26.375000,10.151314
26.376000,10.193057
26.377000,10.132977
26.378000,10.129419
26.379000,10.163187
26.380000,10.127341
26.381000,10.104291
26.382000,10.091651
26.383000,9.891769
26.384000,9.873561
26.385000,9.880050
26.386000,9.869574
26.387000,9.874566
26.388000,9.809906
26.389000,9.703784
26.390000,9.783760
26.391000,9.919826
26.392000,9.944708
26.393000,10.009597
26.394000,9.983769
26.395000,10.015048
26.396000,9.892420
26.397000,9.917291
26.398000,9.799013
26.399000,9.834141
26.400000,9.766686
26.401000,9.787081
26.402000,9.748675
26.403000,9.657122
26.404000,9.492012
26.405000,9.549570
26.406000,9.521057
26.407000,9.535204
26.408000,9.520075
26.409000,9.523385
26.410000,9.506529
26.411000,9.489891
26.412000,9.383802
26.413000,9.387692
26.414000,9.343266
26.415000,9.304785
26.416000,9.291657
26.417000,9.346105
26.418000,9.384532
26.419000,9.353864
26.420000,9.312295
26.421000,9.358394
26.422000,9.334582
26.423000,9.373733
26.424000,9.396383
26.425000,9.404792
26.426000,9.393088
26.427000,9.412021
26.428000,9.463549
26.429000,9.389011
26.430000,9.334954
26.431000,9.266788
26.432000,9.235845
26.433000,9.108361
26.434000,9.014755
26.435000,9.020765
26.436000,9.079187
26.437000,9.057037
26.438000,9.068850
26.439000,9.035277
26.440000,9.050004
26.441000,9.091978
26.442000,9.179013
26.443000,9.226289
26.444000,9.158255
26.445000,9.122224
26.446000,9.056331
26.447000,9.051826
26.448000,9.092011
26.449000,9.146135
26.450000,9.207734
26.451000,9.227206
26.452000,9.253248
26.453000,9.116834
26.454000,9.155965
26.455000,9.173485
26.456000,9.196762
26.457000,9.197298
26.458000,9.137552
26.459000,9.149738
26.460000,9.161707
26.461000,9.190910
26.462000,9.127723
26.463000,9.185301
26.464000,9.198149
26.465000,9.223884
26.466000,9.195693
26.467000,9.256659
26.468000,9.317916
26.469000,9.332756
26.470000,9.343957
26.471000,9.429136
26.472000,9.446690
26.473000,9.404067
26.474000,9.445026
26.475000,9.475762
26.476000,9.405494
26.477000,9.460224
26.478000,9.427554
26.479000,9.349349
26.480000,9.326289
26.481000,9.360898
26.482000,9.409466
26.483000,9.314870
26.484000,9.340113
26.485000,9.340460
26.486000,9.317844
26.487000,9.288159
26.488000,9.272633
26.489000,9.298602
26.490000,9.307575
26.491000,9.320584
26.492000,9.304929
26.493000,9.317655
26.494000,9.322447
26.495000,9.326062
26.496000,9.233769
26.497000,9.162402
26.498000,9.185525
26.499000,9.122738
26.500000,9.107690
26.501000,9.162844
26.502000,9.219663
26.503000,9.260980
26.504000,9.338705
26.505000,9.349552
26.506000,9.325692
26.507000,9.257672
26.508000,9.245909
26.509000,9.225640
26.510000,9.219784
26.511000,9.205400
26.512000,9.180563
26.513000,9.252222
26.514000,9.237456
26.515000,9.197949
26.516000,9.161792
26.517000,9.112960
26.518000,9.088033
26.519000,9.068027
26.520000,9.108439
26.521000,9.117549
26.522000,9.161552
26.523000,9.169418
26.524000,9.169947
26.525000,9.249547
26.526000,9.194330
26.527000,9.152724
26.528000,9.183930
26.529000,9.207477
26.530000,9.218691
26.531000,9.171150
26.532000,9.171010
26.533000,9.079640
26.534000,9.054886
26.535000,9.113346
26.536000,9.021960
26.537000,9.116731
26.538000,9.151350
26.539000,9.130523
26.540000,9.036237
26.541000,8.963971
26.542000,9.009017
26.543000,9.003921
26.544000,9.003924
26.545000,9.055418
26.546000,9.066598
26.547000,9.044094
26.548000,8.978097
26.549000,9.036260
26.550000,9.031536
26.551000,9.025518
26.552000,9.064638
26.553000,8.967162
26.554000,8.958069
26.555000,8.931113
26.556000,8.959035
26.557000,8.882728
26.558000,8.839644
26.559000,8.799892
26.560000,8.751375
26.561000,8.764938
26.562000,8.787641
26.563000,8.796069
26.564000,8.705641
26.565000,8.739767
26.566000,8.660770
26.567000,8.713564
26.568000,8.601895
26.569000,8.690708
26.570000,8.720647
26.571000,8.681546
26.572000,8.559053
26.573000,8.594656
26.574000,8.690816
26.575000,8.705914
26.576000,8.739437
26.577000,8.679780
26.578000,8.713459
26.579000,8.647005
26.580000,8.603504
26.581000,8.661500
26.582000,8.588226
26.583000,8.457885
26.584000,8.519950
26.585000,8.430347
26.586000,8.520469
26.587000,8.465867
26.588000,8.379126
26.589000,8.438893
26.590000,8.370145
26.591000,8.302038
26.592000,8.301015
26.593000,8.209092
26.594000,8.199516
26.595000,8.274092
26.596000,8.304099
26.597000,8.355425
26.598000,8.397146
26.599000,8.316858
26.600000,8.261742
26.601000,8.326952
26.602000,8.357380
26.603000,8.351880
26.604000,8.367124
26.605000,8.363604
26.606000,8.340913
26.607000,8.314886
26.608000,8.343346
26.609000,8.389501
26.610000,8.350524
26.611000,8.343547
26.612000,8.284737
26.613000,8.209626
26.614000,8.231650
26.615000,8.261451
26.616000,8.228633
26.617000,8.157514
26.618000,8.137854
26.619000,8.100806
26.620000,8.151103
26.621000,8.122982
26.622000,8.098447
26.623000,8.170811
26.624000,8.069540
26.625000,8.003591
26.626000,8.046738
26.627000,8.161570
26.628000,8.141936
26.629000,8.160551
26.630000,8.121958
26.631000,8.167541
26.632000,8.246765
26.633000,8.176028
26.634000,8.221548
26.635000,8.244553
26.636000,8.191848
26.637000,8.129496
26.638000,8.178695
26.639000,8.121468
26.640000,8.189515
26.641000,8.263134
26.642000,8.247353
26.643000,8.337866
26.644000,8.329204
26.645000,8.319024
26.646000,8.330484
26.647000,8.373555
26.648000,8.410285
26.649000,8.392070
26.650000,8.329132
26.651000,8.314391
26.652000,8.327176
26.653000,8.380906
26.654000,8.405713
26.655000,8.287240
26.656000,8.265691
26.657000,8.233170
26.658000,8.202349
26.659000,8.224071
26.660000,8.220464
26.661000,8.226611
26.662000,8.136131
26.663000,8.176695
26.664000,8.259838
26.665000,8.303026
26.666000,8.313880
26.667000,8.315395
26.668000,8.435129
26.669000,8.374785
26.670000,8.386607
26.671000,8.369080
26.672000,8.496997
26.673000,8.452235
26.674000,8.506321
26.675000,8.501828
26.676000,8.396379
26.677000,8.417697
26.678000,8.527434
26.679000,8.416414
26.680000,8.404888
26.681000,8.439056
26.682000,8.527465
26.683000,8.477187
26.684000,8.500852
26.685000,8.473750
26.686000,8.523090
26.687000,8.558357
26.688000,8.577276
26.689000,8.615252
26.690000,8.627602
26.691000,8.597625
26.692000,8.498059
26.693000,8.519043
26.694000,8.499418
26.695000,8.471843
26.696000,8.306315
26.697000,8.289883
26.698000,8.187314
26.699000,8.188939
26.700000,8.079291
26.701000,8.096948
26.702000,8.075038
26.703000,8.060197
26.704000,8.137094
26.705000,8.154095
26.706000,8.140414
26.707000,8.174621
26.708000,8.165968
26.709000,8.196917
26.710000,8.006731
26.711000,8.070017
26.712000,7.981373
26.713000,7.928131
26.714000,7.984907
26.715000,8.077369
26.716000,8.029799
26.717000,8.001367
26.718000,7.928519
26.719000,7.832520
26.720000,7.867297
26.721000,7.874334
26.722000,7.900390
26.723000,7.869001
26.724000,7.855831
26.725000,7.859945
26.726000,7.843150
26.727000,7.843662
26.728000,7.819321
26.729000,7.783195
26.730000,7.749003
26.731000,7.789252
26.732000,7.845331
26.733000,7.841189
26.734000,7.814160
26.735000,7.820200
26.736000,7.884738
26.737000,7.939137
26.738000,7.855734
26.739000,7.799381
26.740000,7.779840
26.741000,7.858137
26.742000,7.858757
26.743000,7.823568
26.744000,7.852608
26.745000,7.884656
26.746000,7.927364
26.747000,7.882229
26.748000,7.793840
26.749000,7.863516
26.750000,7.938248
26.751000,7.994203
26.752000,7.989336
26.753000,8.051144
26.754000,8.092848
26.755000,8.140032
26.756000,8.237313
26.757000,8.108349
26.758000,8.058248
26.759000,8.170368
26.760000,8.256275
26.761000,8.284260
26.762000,8.279174
26.763000,8.272720
26.764000,8.306735
26.765000,8.334130
26.766000,8.416043
26.767000,8.367129
26.768000,8.411811
26.769000,8.432592
26.770000,8.397316
26.771000,8.381139
26.772000,8.404906
26.773000,8.335304
26.774000,8.336340
26.775000,8.340269
26.776000,8.347625
26.777000,8.318194
26.778000,8.327198
26.779000,8.286296
26.780000,8.251014
26.781000,8.255188
26.782000,8.213633
26.783000,8.256044
26.784000,8.274246
26.785000,8.320652
26.786000,8.352275
26.787000,8.336167
26.788000,8.338568
26.789000,8.325447
26.790000,8.228571
26.791000,8.273795
26.792000,8.306119
26.793000,8.432505
26.794000,8.291582
26.795000,8.212994
26.796000,8.222266
26.797000,8.148362
26.798000,8.157720
26.799000,8.100837
26.800000,8.126109
26.801000,8.086251
26.802000,8.064147
26.803000,8.100262
26.804000,8.199637
26.805000,8.239883
26.806000,8.351188
26.807000,8.330998
26.808000,8.344590
26.809000,8.285268
26.810000,8.301900
26.811000,8.378583
26.812000,8.410045
26.813000,8.356851
26.814000,8.354833
26.815000,8.353255
26.816000,8.415055
26.817000,8.530863
26.818000,8.509692
26.819000,8.459779
26.820000,8.507752
26.821000,8.553887
26.822000,8.543674
26.823000,8.656874
26.824000,8.718486
26.825000,8.624969
26.826000,8.678671
26.827000,8.631936
26.828000,8.621989
26.829000,8.703792
26.830000,8.746799
26.831000,8.794240
26.832000,8.728127
26.833000,8.813513
26.834000,8.918666
26.835000,8.880045
26.836000,8.837124
26.837000,8.814884
26.838000,8.810266
26.839000,8.801210
26.840000,8.881979
26.841000,8.946199
26.842000,9.039096
26.843000,9.138825
26.844000,9.192767
26.845000,9.318988
26.846000,9.342644
26.847000,9.352604
26.848000,9.387231
26.849000,9.365224
26.850000,9.410717
26.851000,9.348424
26.852000,9.413627
26.853000,9.348675
26.854000,9.353672
26.855000,9.421682
26.856000,9.350939
26.857000,9.329874
26.858000,9.352472
26.859000,9.499925
26.860000,9.470989
26.861000,9.519228
26.862000,9.500098
26.863000,9.544730
26.864000,9.572603
26.865000,9.613290
26.866000,9.619207
26.867000,9.578732
26.868000,9.575714
26.869000,9.567520
26.870000,9.632574
26.871000,9.518458
26.872000,9.523286
26.873000,9.386547
26.874000,9.416266
26.875000,9.447627
26.876000,9.390595
26.877000,9.460021
26.878000,9.517855
26.879000,9.549482
26.880000,9.638669
26.881000,9.590278
26.882000,9.682231
26.883000,9.698553
26.884000,9.665649
26.885000,9.759502
26.886000,9.665201
26.887000,9.599057
26.888000,9.610150
26.889000,9.520156
26.890000,9.597089
26.891000,9.640661
26.892000,9.658968
26.893000,9.606459
26.894000,9.694341
26.895000,9.734886
26.896000,9.759697
26.897000,9.816521
26.898000,9.829137
26.899000,9.884871
26.900000,9.880363
26.901000,9.855079
26.902000,9.924133
26.903000,10.013833
26.904000,10.028775
26.905000,10.111084
26.906000,10.185846
26.907000,10.127367
26.908000,10.141451
26.909000,10.064137
26.910000,10.032954
26.911000,10.021346
26.912000,9.861693
26.913000,9.905771
26.914000,9.787746
26.915000,9.825103
26.916000,9.842262
26.917000,9.808830
26.918000,9.878552
26.919000,9.773660
26.920000,9.764447
26.921000,9.795867
26.922000,9.838078
26.923000,9.933295
26.924000,9.946137
26.925000,9.990712
26.926000,9.971773
26.927000,10.040407
26.928000,10.049564
26.929000,10.132025
26.930000,10.124540
26.931000,10.142621
26.932000,10.187528
26.933000,10.223160
26.934000,10.122800
26.935000,10.073743
26.936000,10.195027
26.937000,10.223431
26.938000,10.309352
26.939000,10.313742
26.940000,10.276527
26.941000,10.352557
26.942000,10.428308
26.943000,10.433572
26.944000,10.418053
26.945000,10.370371
26.946000,10.388736
26.947000,10.397271
26.948000,10.439806
26.949000,10.408367
26.950000,10.417231
26.951000,10.349565
26.952000,10.282087
26.953000,10.268322
26.954000,10.321012
26.955000,10.232214
26.956000,10.284949
26.957000,10.203778
26.958000,10.222093
26.959000,10.189003
26.960000,10.225403
26.961000,10.254263
26.962000,10.302260
26.963000,10.271239
26.964000,10.267721
26.965000,10.271566
26.966000,10.221024
26.967000,10.234548
26.968000,10.285967
26.969000,10.235509
26.970000,10.199797
26.971000,10.228772
26.972000,10.261021
26.973000,10.196484
26.974000,10.247943
26.975000,10.263521
26.976000,10.154217
26.977000,10.110547
26.978000,10.029700
26.979000,9.949603
26.980000,9.932858
26.981000,10.002888
26.982000,9.936536
26.983000,9.848142
26.984000,9.813239
26.985000,9.848672
26.986000,9.741475
26.987000,9.680838
26.988000,9.707148
26.989000,9.641244
26.990000,9.581045
26.991000,9.589590
26.992000,9.564217
26.993000,9.555031
26.994000,9.608175
26.995000,9.496673
26.996000,9.509605
26.997000,9.446909
26.998000,9.338624
26.999000,9.411821
27.000000,9.393235
27.001000,9.356108
27.002000,9.384219
27.003000,9.464750
27.004000,9.436289
27.005000,9.455989
27.006000,9.472176
27.007000,9.466990
27.008000,9.449970
27.009000,9.482566
27.010000,9.461301
27.011000,9.400492
27.012000,9.336393
27.013000,9.374885
27.014000,9.282153
27.015000,9.297638
27.016000,9.260145
27.017000,9.179597
27.018000,9.148597
27.019000,9.181190
27.020000,9.170977
27.021000,9.316039
27.022000,9.302640
27.023000,9.316270
27.024000,9.315487
27.025000,9.279631
27.026000,9.280806
27.027000,9.317779
27.028000,9.300203
27.029000,9.298284
27.030000,9.378144
27.031000,9.326351
27.032000,9.358209
27.033000,9.394235
27.034000,9.434391
27.035000,9.406970
27.036000,9.498913
27.037000,9.563197
27.038000,9.605386
27.039000,9.610177
27.040000,9.697562
27.041000,9.724264
27.042000,9.840590
27.043000,9.755876
27.044000,9.761381
27.045000,9.712095
27.046000,9.705760
27.047000,9.734478
27.048000,9.671855
27.049000,9.697807
27.050000,9.668270
27.051000,9.703785
27.052000,9.738590
27.053000,9.800791
27.054000,9.847336
27.055000,9.827025
27.056000,9.833619
27.057000,9.784100
27.058000,9.833758
27.059000,9.810464
27.060000,9.766689
27.061000,9.820761
27.062000,9.706565
27.063000,9.749099
27.064000,9.754337
27.065000,9.803459
27.066000,9.825449
27.067000,9.827792
27.068000,9.874860
27.069000,9.873904
27.070000,9.735657
27.071000,9.733998
27.072000,9.747221
27.073000,9.820407
27.074000,9.913781
27.075000,9.957555
27.076000,9.915995
27.077000,9.881584
27.078000,9.800090
27.079000,9.802931
27.080000,9.803479
27.081000,9.843456
27.082000,9.764677
27.083000,9.746637
27.084000,9.773674
27.085000,9.801734
27.086000,9.782844
27.087000,9.759598
27.088000,9.823882
27.089000,9.767893
27.090000,9.771213
27.091000,9.824794
27.092000,9.936912
27.093000,9.945663
27.094000,9.930900
27.095000,9.945423
27.096000,9.899148
27.097000,9.871408
27.098000,9.850756
27.099000,9.891961
27.100000,9.908120
27.101000,9.888971
27.102000,9.964871
27.103000,9.946386
27.104000,9.889642
27.105000,9.840657
27.106000,9.858271
27.107000,9.846146
27.108000,9.733292
27.109000,9.703648
27.110000,9.620938
27.111000,9.573718
27.112000,9.539766
27.113000,9.612630
27.114000,9.653222
27.115000,9.603121
27.116000,9.582017
27.117000,9.697652
27.118000,9.706509
27.119000,9.758493
27.120000,9.762906
27.121000,9.803746
27.122000,9.745519
27.123000,9.819678
27.124000,9.781054
27.125000,9.800203
27.126000,9.749041
27.127000,9.603926
27.128000,9.580507
27.129000,9.609458
27.130000,9.685920
27.131000,9.607923
27.132000,9.640531
27.133000,9.619298
27.134000,9.643318
27.135000,9.546785
27.136000,9.433193
27.137000,9.479290
27.138000,9.429047
27.139000,9.392913
27.140000,9.368264
27.141000,9.398419
27.142000,9.367528
27.143000,9.339022
27.144000,9.328592
27.145000,9.272302
27.146000,9.304929
27.147000,9.375219
27.148000,9.440309
27.149000,9.452541
27.150000,9.462489
27.151000,9.400227
27.152000,9.403381
27.153000,9.396120
27.154000,9.467357
27.155000,9.487166
27.156000,9.521149
27.157000,9.473802
27.158000,9.517894
27.159000,9.486518
27.160000,9.461917
27.161000,9.470704
27.162000,9.532027
27.163000,9.464923
27.164000,9.468295
27.165000,9.418349
27.166000,9.390677
27.167000,9.372106
27.168000,9.415025
27.169000,9.418385
27.170000,9.385745
27.171000,9.421833
27.172000,9.434797
27.173000,9.392380
27.174000,9.359114
27.175000,9.424498
27.176000,9.474629
27.177000,9.446419
27.178000,9.403028
27.179000,9.488516
27.180000,9.532308
27.181000,9.569617
27.182000,9.490099
27.183000,9.486765
27.184000,9.511957
27.185000,9.619883
27.186000,9.698301
27.187000,9.623298
27.188000,9.649696
27.189000,9.600533
27.190000,9.532796
27.191000,9.546417
27.192000,9.535889
27.193000,9.616950
27.194000,9.662796
27.195000,9.613319
27.196000,9.628445
27.197000,9.674770
27.198000,9.621830
27.199000,9.685985
27.200000,9.688039
27.201000,9.611022
27.202000,9.591707
27.203000,9.592086
27.204000,9.623660
27.205000,9.644207
27.206000,9.688123
27.207000,9.636569
27.208000,9.706158
27.209000,9.716176
27.210000,9.696858
27.211000,9.718981
27.212000,9.722805
27.213000,9.721093
27.214000,9.768598
27.215000,9.718134
27.216000,9.663635
27.217000,9.786058
27.218000,9.779268
27.219000,9.754957
27.220000,9.757591
27.221000,9.858172
27.222000,9.820700
27.223000,9.792999
27.224000,9.733667
27.225000,9.697659
27.226000,9.792235
27.227000,9.762774
27.228000,9.783357
27.229000,9.830232
27.230000,9.887032
27.231000,9.934461
27.232000,10.036643
27.233000,10.045096
27.234000,10.087076
27.235000,10.088983
27.236000,10.111273
27.237000,10.069686
27.238000,9.989174
27.239000,9.950388
27.240000,9.956448
27.241000,10.034093
27.242000,9.927567
27.243000,9.958756
27.244000,9.943755
27.245000,9.943543
27.246000,9.985543
27.247000,9.935994
27.248000,9.997216
27.249000,10.014891
27.250000,10.060402
27.251000,10.125070
27.252000,10.020152
27.253000,10.039573
27.254000,10.059800
27.255000,10.014248
27.256000,10.006378
27.257000,9.979205
27.258000,9.995261
27.259000,10.086886
27.260000,10.137400
27.261000,10.167331
27.262000,10.199259
27.263000,10.145770
27.264000,10.207686
27.265000,10.218521
27.266000,10.142731
27.267000,10.056658
27.268000,10.059198
27.269000,9.993949
27.270000,9.933513
27.271000,9.944300
27.272000,9.873241
27.273000,9.885130
27.274000,9.888513
27.275000,9.834775
27.276000,9.862646
27.277000,9.793919
27.278000,9.744859
27.279000,9.634632
27.280000,9.622725
27.281000,9.718028
27.282000,9.631723
27.283000,9.654269
27.284000,9.635170
27.285000,9.614257
27.286000,9.575358
27.287000,9.631945
27.288000,9.589919
27.289000,9.583982
27.290000,9.584600
27.291000,9.482634
27.292000,9.517339
27.293000,9.520292
27.294000,9.460112
27.295000,9.471281
27.296000,9.443068
27.297000,9.457016
27.298000,9.464859
27.299000,9.471402
27.300000,9.438125
27.301000,9.479469
27.302000,9.415915
27.303000,9.433048
27.304000,9.526611
27.305000,9.490845
27.306000,9.494492
27.307000,9.524343
27.308000,9.522369
27.309000,9.436760
27.310000,9.496476
27.311000,9.519276
27.312000,9.475870
27.313000,9.402481
27.314000,9.484854
27.315000,9.503306
27.316000,9.474864
27.317000,9.438855
27.318000,9.556492
27.319000,9.579411
27.320000,9.577288
27.321000,9.480933
27.322000,9.469714
27.323000,9.542535
27.324000,9.471150
27.325000,9.574999
27.326000,9.575664
27.327000,9.490271
27.328000,9.532206
27.329000,9.452512
27.330000,9.519053
27.331000,9.503807
27.332000,9.584124
27.333000,9.622032
27.334000,9.665006
27.335000,9.703687
27.336000,9.762631
27.337000,9.800650
27.338000,9.809263
27.339000,9.799927
27.340000,9.876003
27.341000,9.781725
27.342000,9.738481
27.343000,9.741132
27.344000,9.696599
27.345000,9.637254
27.346000,9.735980
27.347000,9.817296
27.348000,9.857827
27.349000,9.822692
27.350000,9.793093
27.351000,9.697255
27.352000,9.696243
27.353000,9.660342
27.354000,9.741141
27.355000,9.772683
27.356000,9.729188
27.357000,9.756500
27.358000,9.784769
27.359000,9.740425
27.360000,9.794385
27.361000,9.796573
27.362000,9.805791
27.363000,9.846864
27.364000,9.835961
27.365000,9.852003
27.366000,9.826852
27.367000,9.762415
27.368000,9.688237
27.369000,9.661423
27.370000,9.550651
27.371000,9.453390
27.372000,9.378068
27.373000,9.377918
27.374000,9.470716
27.375000,9.571541
27.376000,9.556895
27.377000,9.585951
27.378000,9.597371
27.379000,9.565234
27.380000,9.521225
27.381000,9.599781
27.382000,9.672722
27.383000,9.616541
27.384000,9.615816
27.385000,9.586043
27.386000,9.474893
27.387000,9.385127
27.388000,9.452298
27.389000,9.453175
27.390000,9.494452
27.391000,9.563626
27.392000,9.584065
27.393000,9.623515
27.394000,9.544148
27.395000,9.476049
27.396000,9.434435
27.397000,9.447340
27.398000,9.475970
27.399000,9.470363
27.400000,9.430044
27.401000,9.414645
27.402000,9.372753
27.403000,9.373423
27.404000,9.400669
27.405000,9.341961
27.406000,9.344422
27.407000,9.393762
27.408000,9.434577
27.409000,9.472168
27.410000,9.361463
27.411000,9.310816
27.412000,9.384370
27.413000,9.439381
27.414000,9.319768
27.415000,9.267935
27.416000,9.216510
27.417000,9.219675
27.418000,9.278420
27.419000,9.184935
27.420000,9.219089
27.421000,9.218816
27.422000,9.191273
27.423000,9.182213
27.424000,9.191211
27.425000,9.222803
27.426000,9.235088
27.427000,9.285304
27.428000,9.297873
27.429000,9.246208
27.430000,9.216398
27.431000,9.225197
27.432000,9.236307
27.433000,9.266573
27.434000,9.278593
27.435000,9.311521
27.436000,9.289446
27.437000,9.302818
27.438000,9.252697
27.439000,9.212611
27.440000,9.172471
27.441000,9.138861
27.442000,9.084111
27.443000,9.076315
27.444000,9.150723
27.445000,9.082428
27.446000,9.077463
27.447000,9.104812
27.448000,9.036880
27.449000,9.072869
27.450000,9.011671
27.451000,8.862638
27.452000,8.926846
27.453000,9.008738
27.454000,9.087533
27.455000,9.145266
27.456000,9.101938
27.457000,8.940466
27.458000,8.990906
27.459000,9.098776
27.460000,9.014467
27.461000,9.028478
27.462000,8.950734
27.463000,8.936338
27.464000,8.839155
27.465000,8.858159
27.466000,8.838570
27.467000,8.865713
27.468000,8.913426
27.469000,8.909603
27.470000,8.886689
27.471000,8.892263
27.472000,8.933672
27.473000,8.926041
27.474000,8.905756
27.475000,8.934817
27.476000,8.969773
27.477000,8.936783
27.478000,8.933960
27.479000,8.935575
27.480000,8.980480
27.481000,9.037366
27.482000,9.050875
27.483000,9.090439
27.484000,9.064184
27.485000,9.135134
27.486000,9.182887
27.487000,9.194948
27.488000,9.229310
27.489000,9.290404
27.490000,9.314414
27.491000,9.327224
27.492000,9.218781
27.493000,9.188337
27.494000,9.288946
27.495000,9.346783
27.496000,9.401664
27.497000,9.338549
27.498000,9.237480
27.499000,9.277162
27.500000,9.303136
27.501000,9.251973
27.502000,9.216094
27.503000,9.275488
27.504000,9.267471
27.505000,9.306050
27.506000,9.298797
27.507000,9.343110
27.508000,9.367964
27.509000,9.323203
27.510000,9.227663
27.511000,9.268725
27.512000,9.225485
27.513000,9.240796
27.514000,9.340465
27.515000,9.328430
27.516000,9.350784
27.517000,9.326903
27.518000,9.385291
27.519000,9.363606
27.520000,9.377071
27.521000,9.344539
27.522000,9.414978
27.523000,9.407579
27.524000,9.548625
27.525000,9.554205
27.526000,9.608524
27.527000,9.566992
27.528000,9.602950
27.529000,9.631452
27.530000,9.567972
27.531000,9.529014
27.532000,9.550857
27.533000,9.562977
27.534000,9.538538
27.535000,9.621630
27.536000,9.675728
27.537000,9.634390
27.538000,9.525953
27.539000,9.478908
27.540000,9.499951
27.541000,9.488206
27.542000,9.500081
27.543000,9.509461
27.544000,9.513584
27.545000,9.532159
27.546000,9.534085
27.547000,9.546457
27.548000,9.513673
27.549000,9.476104
27.550000,9.483810
27.551000,9.404012
27.552000,9.372253
27.553000,9.475789
27.554000,9.524408
27.555000,9.451827
27.556000,9.464167
27.557000,9.477101
27.558000,9.457933
27.559000,9.419571
27.560000,9.502285
27.561000,9.489936
27.562000,9.502959
27.563000,9.554514
27.564000,9.527835
27.565000,9.426666
27.566000,9.467678
27.567000,9.524626
27.568000,9.589127
27.569000,9.586354
27.570000,9.570637
27.571000,9.548812
27.572000,9.528583
27.573000,9.581916
27.574000,9.533222
27.575000,9.479064
27.576000,9.402704
27.577000,9.362392
27.578000,9.339885
27.579000,9.382669
27.580000,9.389985
27.581000,9.326047
27.582000,9.211818
27.583000,9.196612
27.584000,9.262267
27.585000,9.349361
27.586000,9.353106
27.587000,9.347983
27.588000,9.310034
27.589000,9.215064
27.590000,9.243476
27.591000,9.346018
27.592000,9.275193
27.593000,9.269991
27.594000,9.208756
27.595000,9.327461
27.596000,9.240765
27.597000,9.207473
27.598000,9.093607
27.599000,9.012212
27.600000,9.016359
27.601000,8.965854
27.602000,9.016920
27.603000,9.040038
27.604000,9.025937
27.605000,9.024683
27.606000,8.998789
27.607000,9.036381
27.608000,8.972220
27.609000,9.012758
27.610000,9.073858
27.611000,9.017261
27.612000,8.980707
27.613000,8.976098
27.614000,8.900983
27.615000,8.898129
27.616000,8.821275
27.617000,8.747057
27.618000,8.793159
27.619000,8.875401
27.620000,8.872082
27.621000,8.856471
27.622000,8.830599
27.623000,8.956369
27.624000,8.994014
27.625000,8.977516
27.626000,9.052441
27.627000,9.031053
27.628000,8.984457
27.629000,9.029900
27.630000,9.075846
27.631000,9.059988
27.632000,9.010900
27.633000,8.981029
27.634000,9.018136
27.635000,8.938258
27.636000,8.931608
27.637000,8.957257
27.638000,8.846003
27.639000,8.913003
27.640000,8.994384
27.641000,8.943340
27.642000,8.959244
27.643000,8.908239
27.644000,8.887358
27.645000,8.985196
27.646000,9.033456
27.647000,8.983968
27.648000,8.985801
27.649000,8.997364
27.650000,9.004262
27.651000,8.988442
27.652000,8.841826
27.653000,8.809684
27.654000,8.668859
27.655000,8.667450
27.656000,8.638432
27.657000,8.811433
27.658000,8.834007
27.659000,8.765662
27.660000,8.803166
27.661000,8.809188
27.662000,8.793561
27.663000,8.786066
27.664000,8.787802
27.665000,8.858103
27.666000,8.880443
27.667000,8.919755
27.668000,9.006543
27.669000,9.010990
27.670000,9.051042
27.671000,9.179572
27.672000,9.175892
27.673000,9.205301
27.674000,9.275337
27.675000,9.233451
27.676000,9.205043
27.677000,9.237187
27.678000,9.194440
27.679000,9.226942
27.680000,9.252448
27.681000,9.200088
27.682000,9.250416
27.683000,9.201019
27.684000,9.234686
27.685000,9.199592
27.686000,9.232236
27.687000,9.235738
27.688000,9.252466
27.689000,9.211922
27.690000,9.169761
27.691000,9.269738
27.692000,9.266670
27.693000,9.229099
27.694000,9.253902
27.695000,9.332549
27.696000,9.452531
27.697000,9.566513
27.698000,9.573661
27.699000,9.620200
27.700000,9.678164
27.701000,9.609824
27.702000,9.542935
27.703000,9.557062
27.704000,9.542611
27.705000,9.444939
27.706000,9.386568
27.707000,9.431841
27.708000,9.484125
27.709000,9.450795
27.710000,9.367704
27.711000,9.243038
27.712000,9.249698
27.713000,9.248236
27.714000,9.286802
27.715000,9.205033
27.716000,9.198753
27.717000,9.111424
27.718000,9.013908
27.719000,8.909840
27.720000,8.897544
27.721000,8.963929
27.722000,9.020933
27.723000,9.080767
27.724000,9.095379
27.725000,9.107382
27.726000,9.139498
27.727000,9.143789
27.728000,9.073817
27.729000,9.055686
27.730000,8.976788
27.731000,8.970203
27.732000,8.932807
27.733000,8.866965
27.734000,8.902808
27.735000,8.953057
27.736000,8.880138
27.737000,8.885602
27.738000,8.899684
27.739000,8.922475
27.740000,8.944317
27.741000,8.978200
27.742000,9.033982
27.743000,8.960966
27.744000,9.043623
27.745000,9.020710
27.746000,9.044805
27.747000,9.070504
27.748000,9.017767
27.749000,8.981057
27.750000,8.983071
27.751000,9.008889
27.752000,9.102247
27.753000,9.130422
27.754000,9.135174
27.755000,9.229195
27.756000,9.264011
27.757000,9.267557
27.758000,9.320149
27.759000,9.351837
27.760000,9.353738
27.761000,9.327196
27.762000,9.238697
27.763000,9.215895
27.764000,9.134480
27.765000,9.152195
27.766000,9.220533
27.767000,9.305231
27.768000,9.268473
27.769000,9.278270
27.770000,9.299302
27.771000,9.315347
27.772000,9.227840
27.773000,9.247260
27.774000,9.266516
27.775000,9.347236
27.776000,9.342289
27.777000,9.243547
27.778000,9.236573
27.779000,9.313227
27.780000,9.325113
27.781000,9.310179
27.782000,9.327811
27.783000,9.339755
27.784000,9.371857
27.785000,9.393010
27.786000,9.453137
27.787000,9.461013
27.788000,9.394561
27.789000,9.361274
27.790000,9.421207
27.791000,9.382222
27.792000,9.381858
27.793000,9.481003
27.794000,9.503541
27.795000,9.465683
27.796000,9.462022
27.797000,9.448308
27.798000,9.396511
27.799000,9.436662
27.800000,9.432368
27.801000,9.388128
27.802000,9.413950
27.803000,9.453487
27.804000,9.450109
27.805000,9.414354
27.806000,9.417377
27.807000,9.351527
27.808000,9.372635
27.809000,9.369600
27.810000,9.372339
27.811000,9.376933
27.812000,9.385082
27.813000,9.388001
27.814000,9.390878
27.815000,9.297554
27.816000,9.275651
27.817000,9.310578
27.818000,9.296294
27.819000,9.382094
27.820000,9.369717
27.821000,9.407096
27.822000,9.386649
27.823000,9.431209
27.824000,9.493505
27.825000,9.584558
27.826000,9.428847
27.827000,9.482908
27.828000,9.437202
27.829000,9.422984
27.830000,9.387120
27.831000,9.385902
27.832000,9.385589
27.833000,9.481876
27.834000,9.423035
27.835000,9.351247
27.836000,9.382761
27.837000,9.435876
27.838000,9.500197
27.839000,9.442996
27.840000,9.294472
27.841000,9.313102
27.842000,9.304171
27.843000,9.324744
27.844000,9.349716
27.845000,9.294411
27.846000,9.249872
27.847000,9.214625
27.848000,9.300883
27.849000,9.337827
27.850000,9.331730
27.851000,9.366717
27.852000,9.309413
27.853000,9.283473
27.854000,9.359587
27.855000,9.313013
27.856000,9.257702
27.857000,9.189121
27.858000,9.236189
27.859000,9.268507
27.860000,9.332444
27.861000,9.255821
27.862000,9.219023
27.863000,9.195825
27.864000,9.197570
27.865000,9.197110
27.866000,9.267224
27.867000,9.199273
27.868000,9.188577
27.869000,9.199035
27.870000,9.205327
27.871000,9.222887
27.872000,9.252959
27.873000,9.243086
27.874000,9.232633
27.875000,9.277425
27.876000,9.320405
27.877000,9.261855
27.878000,9.176182
27.879000,9.219135
27.880000,9.162393
27.881000,9.227750
27.882000,9.224760
27.883000,9.221896
27.884000,9.261124
27.885000,9.214765
27.886000,9.267835
27.887000,9.203711
27.888000,9.220066
27.889000,9.197263
27.890000,9.205328
27.891000,9.227964
27.892000,9.218002
27.893000,9.183151
27.894000,9.166018
27.895000,9.216534
27.896000,9.239082
27.897000,9.240969
27.898000,9.331664
27.899000,9.536746
27.900000,9.484960
27.901000,9.626485
27.902000,9.602794
27.903000,9.519757
27.904000,9.482358
27.905000,9.567468
27.906000,9.492841
27.907000,9.492009
27.908000,9.492434
27.909000,9.446555
27.910000,9.395615
27.911000,9.423814
27.912000,9.362300
27.913000,9.415129
27.914000,9.501413
27.915000,9.546090
27.916000,9.520054
27.917000,9.544814
27.918000,9.483735
27.919000,9.510736
27.920000,9.489753
27.921000,9.500752
27.922000,9.544132
27.923000,9.605782
27.924000,9.658411
27.925000,9.598483
27.926000,9.586805
27.927000,9.681991
27.928000,9.866181
27.929000,9.886438
27.930000,9.872903
27.931000,9.877847
27.932000,9.848048
27.933000,9.862167
27.934000,9.887360
27.935000,10.011729
27.936000,9.983575
27.937000,10.031591
27.938000,9.892492
27.939000,9.937107
27.940000,9.964706
27.941000,9.964944
27.942000,9.973580
27.943000,10.030540
27.944000,10.001640
27.945000,9.976945
27.946000,9.953249
27.947000,10.084723
27.948000,10.058027
27.949000,10.061828
27.950000,9.990761
27.951000,10.038770
27.952000,9.971313
27.953000,9.904618
27.954000,9.949603
27.955000,9.905918
27.956000,9.894204
27.957000,9.920767
27.958000,9.915781
27.959000,10.005278
27.960000,9.918291
27.961000,9.952381
27.962000,9.909881
27.963000,9.929591
27.964000,9.982871
27.965000,9.958788
27.966000,9.952471
27.967000,10.012182
27.968000,10.070959
27.969000,10.125200
27.970000,10.158156
27.971000,10.222834
27.972000,10.280287
27.973000,10.271457
27.974000,10.263117
27.975000,10.258850
27.976000,10.147501
27.977000,10.181239
27.978000,10.235304
27.979000,10.190277
27.980000,10.172695
27.981000,10.162550
27.982000,10.113226
27.983000,10.078698
27.984000,10.031933
27.985000,9.983618
27.986000,9.890821
27.987000,9.930798
27.988000,9.893658
27.989000,9.937800
27.990000,9.888709
27.991000,9.845371
27.992000,9.829284
27.993000,9.791417
27.994000,9.762026
27.995000,9.798534
27.996000,9.813363
27.997000,9.815225
27.998000,9.772335
27.999000,9.784466
28.000000,9.793286
28.001000,9.741519
28.002000,9.719347
28.003000,9.634384
28.004000,9.633960
28.005000,9.681854
28.006000,9.704786
28.007000,9.659159
28.008000,9.715978
28.009000,9.640946
28.010000,9.649351
28.011000,9.708746
28.012000,9.751998
28.013000,9.702810
28.014000,9.784919
28.015000,9.786137
28.016000,9.827157
28.017000,9.813869
28.018000,9.917225
28.019000,9.915802
28.020000,10.066205
28.021000,10.048236
28.022000,10.043328
28.023000,10.002092
28.024000,9.966915
28.025000,9.942603
28.026000,9.972341
28.027000,9.938365
28.028000,9.930852
28.029000,9.920454
28.030000,9.913172
28.031000,10.066975
28.032000,10.071123
28.033000,10.168680
28.034000,10.158119
28.035000,10.154434
28.036000,10.111162
28.037000,10.030944
28.038000,9.942866
28.039000,9.922498
28.040000,9.990042
28.041000,9.965532
28.042000,9.965361
28.043000,10.005419
28.044000,10.032699
28.045000,10.047786
28.046000,10.018951
28.047000,10.045171
28.048000,9.957027
28.049000,9.958465
28.050000,9.987772
28.051000,9.931127
28.052000,9.821300
28.053000,9.861508
28.054000,9.772705
28.055000,9.805592
28.056000,9.659744
28.057000,9.645958
28.058000,9.657264
28.059000,9.654374
28.060000,9.654662
28.061000,9.676170
28.062000,9.688767
28.063000,9.715709
28.064000,9.882456
28.065000,9.969488
28.066000,9.955981
28.067000,10.057588
28.068000,10.011461
28.069000,10.094273
28.070000,10.091742
28.071000,10.155902
28.072000,10.176439
28.073000,10.128923
28.074000,10.256074
28.075000,10.260244
28.076000,10.372732
28.077000,10.372232
28.078000,10.316897
28.079000,10.249930
28.080000,10.268704
28.081000,10.305647
28.082000,10.367583
28.083000,10.393822
28.084000,10.367218
28.085000,10.311220
28.086000,10.391975
28.087000,10.356173
28.088000,10.274229
28.089000,10.241607
28.090000,10.307381
28.091000,10.287907
28.092000,10.335222
28.093000,10.340915
28.094000,10.342678
28.095000,10.401791
28.096000,10.333340
28.097000,10.330800
28.098000,10.405685
28.099000,10.418820
28.100000,10.455507
28.101000,10.458623
28.102000,10.429580
28.103000,10.413463
28.104000,10.490960
28.105000,10.410474
28.106000,10.507065
28.107000,10.552266
28.108000,10.406482
28.109000,10.364809
28.110000,10.329687
28.111000,10.462496
28.112000,10.506682
28.113000,10.456955
28.114000,10.481936
28.115000,10.575152
28.116000,10.660363
28.117000,10.701057
28.118000,10.730572
28.119000,10.738896
28.120000,10.817137
28.121000,10.772132
28.122000,10.796139
28.123000,10.860311
28.124000,10.854802
28.125000,10.936348
28.126000,10.927571
28.127000,10.899943
28.128000,10.911698
28.129000,10.883195
28.130000,10.853028
28.131000,10.738987
28.132000,10.704046
28.133000,10.814506
28.134000,10.900756
28.135000,10.912275
28.136000,10.876659
28.137000,10.915067
28.138000,11.017675
28.139000,10.955687
28.140000,11.059339
28.141000,11.029555
28.142000,11.109356
28.143000,11.114170
28.144000,11.102298
28.145000,11.126201
28.146000,11.141548
28.147000,11.121383
28.148000,10.990544
28.149000,10.854588
28.150000,10.753190
28.151000,10.784756
28.152000,10.803026
28.153000,10.747346
28.154000,10.799302
28.155000,10.804584
28.156000,10.698833
28.157000,10.743971
28.158000,10.787341
28.159000,10.754585
28.160000,10.725952
28.161000,10.699264
28.162000,10.670529
28.163000,10.653840
28.164000,10.704780
28.165000,10.584023
28.166000,10.589418
28.167000,10.613433
28.168000,10.567012
28.169000,10.596682
28.170000,10.479634
28.171000,10.469596
28.172000,10.399827
28.173000,10.350041
28.174000,10.297850
28.175000,10.334409
28.176000,10.337830
28.177000,10.367663
28.178000,10.309053
28.179000,10.409802
28.180000,10.495550
28.181000,10.570969
28.182000,10.616440
28.183000,10.583044
28.184000,10.584082
28.185000,10.580373
28.186000,10.625913
28.187000,10.596557
28.188000,10.588613
28.189000,10.490703
28.190000,10.564779
28.191000,10.497043
28.192000,10.580546
28.193000,10.595450
28.194000,10.615125
28.195000,10.629388
28.196000,10.518107
28.197000,10.513212
28.198000,10.580972
28.199000,10.596752
28.200000,10.591513
28.201000,10.594134
28.202000,10.616819
28.203000,10.570460
28.204000,10.576151
28.205000,10.586350
28.206000,10.598128
28.207000,10.550332
28.208000,10.518336
28.209000,10.499487
28.210000,10.374443
28.211000,10.342444
28.212000,10.330339
28.213000,10.282684
28.214000,10.311732
28.215000,10.265796
28.216000,10.268541
28.217000,10.266825
28.218000,10.283057
28.219000,10.258805
28.220000,10.291944
28.221000,10.354029
28.222000,10.431089
28.223000,10.405102
28.224000,10.446368
28.225000,10.353032
28.226000,10.308759
28.227000,10.362169
28.228000,10.300353
28.229000,10.311031
28.230000,10.292578
28.231000,10.377579
28.232000,10.459540
28.233000,10.377750
28.234000,10.477255
28.235000,10.474049
28.236000,10.422452
28.237000,10.373423
28.238000,10.378811
28.239000,10.196755
28.240000,10.123204
28.241000,10.049965
28.242000,10.103099
28.243000,10.159616
28.244000,10.086980
28.245000,10.085153
28.246000,10.122866
28.247000,10.165654
28.248000,10.146094
28.249000,10.135219
28.250000,10.157762
28.251000,10.163581
28.252000,10.239241
28.253000,10.257838
28.254000,10.339764
28.255000,10.385097
28.256000,10.290116
28.257000,10.299401
28.258000,10.359621
28.259000,10.452850
28.260000,10.423161
28.261000,10.438084
28.262000,10.411264
28.263000,10.420066
28.264000,10.512371
28.265000,10.572002
28.266000,10.527233
28.267000,10.486446
28.268000,10.393962
28.269000,10.427089
28.270000,10.426069
28.271000,10.463951
28.272000,10.380496
28.273000,10.381024
28.274000,10.487698
28.275000,10.454223
28.276000,10.540374
28.277000,10.438320
28.278000,10.368641
28.279000,10.296924
28.280000,10.428789
28.281000,10.351110
28.282000,10.246673
28.283000,10.343119
28.284000,10.360603
28.285000,10.405692
28.286000,10.309232
28.287000,10.344720
28.288000,10.263937
28.289000,10.188567
28.290000,10.099468
28.291000,10.096643
28.292000,10.026594
28.293000,9.965998
28.294000,9.921919
28.295000,9.888837
28.296000,9.843652
28.297000,9.842955
28.298000,9.888889
28.299000,9.837083
28.300000,9.834298
28.301000,9.808082
28.302000,9.820483
28.303000,9.772958
28.304000,9.830913
28.305000,9.792457
28.306000,9.879569
28.307000,9.868478
28.308000,9.841407
28.309000,9.818952
28.310000,9.868067
28.311000,9.863068
28.312000,9.931645
28.313000,9.975692
28.314000,10.015272
28.315000,10.053923
28.316000,9.975891
28.317000,10.041574
28.318000,10.090714
28.319000,10.074194
28.320000,10.000324
28.321000,10.107413
28.322000,10.134423
28.323000,10.120349
28.324000,10.162885
28.325000,10.186070
28.326000,10.210537
28.327000,10.239368
28.328000,10.287102
28.329000,10.342259
28.330000,10.417572
28.331000,10.324155
28.332000,10.378231
28.333000,10.406881
28.334000,10.422857
28.335000,10.526605
28.336000,10.500528
28.337000,10.535774
28.338000,10.547765
28.339000,10.650842
28.340000,10.681195
28.341000,10.680651
28.342000,10.643145
28.343000,10.578996
28.344000,10.660604
28.345000,10.712229
28.346000,10.672120
28.347000,10.637519
28.348000,10.604848
28.349000,10.609271
28.350000,10.542177
28.351000,10.617152
28.352000,10.614511
28.353000,10.570340
28.354000,10.528553
28.355000,10.478852
28.356000,10.548514
28.357000,10.474238
28.358000,10.467115
28.359000,10.461631
28.360000,10.455321
28.361000,10.365454
28.362000,10.311759
28.363000,10.313128
28.364000,10.229509
28.365000,10.261036
28.366000,10.304212
28.367000,10.233789
28.368000,10.327682
28.369000,10.348530
28.370000,10.300113
28.371000,10.158180
28.372000,10.184562
28.373000,10.110232
28.374000,10.135119
28.375000,10.086808
28.376000,10.139376
28.377000,10.197336
28.378000,10.177520
28.379000,10.212277
28.380000,10.210047
28.381000,10.264833
28.382000,10.225778
28.383000,10.207296
28.384000,10.164485
28.385000,10.089409
28.386000,10.045091
28.387000,10.033893
28.388000,9.978816
28.389000,10.093781
28.390000,9.978090
28.391000,9.938104
28.392000,9.989106
28.393000,10.018994
28.394000,9.957110
28.395000,9.989981
28.396000,10.010628
28.397000,9.980155
28.398000,9.958664
28.399000,9.927236
28.400000,9.976488
28.401000,9.970348
28.402000,10.029060
28.403000,9.981743
28.404000,10.023465
28.405000,10.037786
28.406000,10.039878
28.407000,9.982533
28.408000,9.964325
28.409000,9.935319
28.410000,9.936035
28.411000,9.888537
28.412000,9.885693
28.413000,9.857419
28.414000,9.742142
28.415000,9.746659
28.416000,9.813244
28.417000,9.807629
28.418000,9.700945
28.419000,9.607000
28.420000,9.605300
28.421000,9.592418
28.422000,9.627537
28.423000,9.545838
28.424000,9.529373
28.425000,9.593404
28.426000,9.560668
28.427000,9.577543
28.428000,9.571696
28.429000,9.603551
28.430000,9.571929
28.431000,9.698649
28.432000,9.760055
28.433000,9.687968
28.434000,9.691293
28.435000,9.804997
28.436000,9.772656
28.437000,9.710459
28.438000,9.626519
28.439000,9.531961
28.440000,9.580056
28.441000,9.621344
28.442000,9.616227
28.443000,9.655704
28.444000,9.677670
28.445000,9.604824
28.446000,9.682259
28.447000,9.727036
28.448000,9.699055
28.449000,9.653551
28.450000,9.666381
28.451000,9.617137
28.452000,9.627058
28.453000,9.708637
28.454000,9.705669
28.455000,9.673978
28.456000,9.674678
28.457000,9.695468
28.458000,9.632804
28.459000,9.689372
28.460000,9.753927
28.461000,9.770144
28.462000,9.788357
28.463000,9.786036
28.464000,9.684748
28.465000,9.719817
28.466000,9.673582
28.467000,9.666006
28.468000,9.580348
28.469000,9.571252
28.470000,9.597824
28.471000,9.517723
28.472000,9.619182
28.473000,9.667908
28.474000,9.673470
28.475000,9.691411
28.476000,9.708441
28.477000,9.694416
28.478000,9.628273
28.479000,9.630678
28.480000,9.640649
28.481000,9.716696
28.482000,9.696475
28.483000,9.689062
28.484000,9.696988
28.485000,9.556483
28.486000,9.501840
28.487000,9.548881
28.488000,9.446395
28.489000,9.441160
28.490000,9.395143
28.491000,9.412994
28.492000,9.501863
28.493000,9.576194
28.494000,9.631997
28.495000,9.684736
28.496000,9.701042
28.497000,9.687689
28.498000,9.639573
28.499000,9.566424
28.500000,9.594126
28.501000,9.567078
28.502000,9.533786
28.503000,9.418724
28.504000,9.416905
28.505000,9.343289
28.506000,9.337588
28.507000,9.336284
28.508000,9.162066
28.509000,9.181460
28.510000,9.179614
28.511000,9.122721
28.512000,9.107336
28.513000,9.033069
28.514000,9.031610
28.515000,9.055915
28.516000,8.915926
28.517000,8.811225
28.518000,8.837208
28.519000,8.808250
28.520000,8.720019
28.521000,8.729906
28.522000,8.833691
28.523000,8.811584
28.524000,8.761284
28.525000,8.770390
28.526000,8.731990
28.527000,8.672605
28.528000,8.598590
28.529000,8.627421
28.530000,8.635767
28.531000,8.607211
28.532000,8.651222
28.533000,8.685045
28.534000,8.706593
28.535000,8.646497
28.536000,8.646492
28.537000,8.661294
28.538000,8.713143
28.539000,8.682299
28.540000,8.648949
28.541000,8.593184
28.542000,8.630952
28.543000,8.637089
28.544000,8.663975
28.545000,8.614610
28.546000,8.715797
28.547000,8.733729
28.548000,8.771407
28.549000,8.723444
28.550000,8.754478
28.551000,8.653688
28.552000,8.612638
28.553000,8.606323
28.554000,8.548842
28.555000,8.525100
28.556000,8.566273
28.557000,8.561969
28.558000,8.549822
28.559000,8.623073
28.560000,8.666542
28.561000,8.656850
28.562000,8.648668
28.563000,8.523521
28.564000,8.445523
28.565000,8.404355
28.566000,8.452934
28.567000,8.373665
28.568000,8.387242
28.569000,8.382437
28.570000,8.439831
28.571000,8.445278
28.572000,8.533659
28.573000,8.558970
28.574000,8.489918
28.575000,8.548213
28.576000,8.498452
28.577000,8.631065
28.578000,8.607896
28.579000,8.610560
28.580000,8.653626
28.581000,8.681735
28.582000,8.761582
28.583000,8.806048
28.584000,8.818824
28.585000,8.820434
28.586000,8.803558
28.587000,8.817992
28.588000,8.697187
28.589000,8.734776
28.590000,8.810183
28.591000,8.781431
28.592000,8.777938
28.593000,8.817214
28.594000,8.832304
28.595000,8.807088
28.596000,8.886089
28.597000,8.891255
28.598000,8.808533
28.599000,8.907272
28.600000,8.875689
28.601000,8.971218
28.602000,8.940366
28.603000,8.990900
28.604000,9.016914
28.605000,8.965860
28.606000,8.960829
28.607000,9.039660
28.608000,9.047105
28.609000,9.070774
28.610000,9.013882
28.611000,9.053493
28.612000,9.044616
28.613000,8.972754
28.614000,8.941570
28.615000,8.952299
28.616000,9.009337
28.617000,9.033197
28.618000,8.945384
28.619000,8.944521
28.620000,8.934677
28.621000,8.898981
28.622000,9.004645
28.623000,8.974655
28.624000,8.883588
28.625000,8.942332
28.626000,8.951113
28.627000,8.881364
28.628000,8.931485
28.629000,8.997574
28.630000,9.009992
28.631000,9.054449
28.632000,8.954740
28.633000,8.967668
28.634000,8.860511
28.635000,8.854619
28.636000,8.790442
28.637000,8.695115
28.638000,8.630876
28.639000,8.625022
28.640000,8.538668
28.641000,8.492026
28.642000,8.413323
28.643000,8.375408
28.644000,8.382456
28.645000,8.418988
28.646000,8.463370
28.647000,8.382662
28.648000,8.426823
28.649000,8.352241
28.650000,8.345378
28.651000,8.457698
28.652000,8.400675
28.653000,8.434053
28.654000,8.337321
28.655000,8.380533
28.656000,8.472413
28.657000,8.500514
28.658000,8.469641
28.659000,8.414011
28.660000,8.523161
28.661000,8.552065
28.662000,8.606775
28.663000,8.599305
28.664000,8.648255
28.665000,8.659475
28.666000,8.633086
28.667000,8.623122
28.668000,8.562437
28.669000,8.611947
28.670000,8.555359
28.671000,8.678821
28.672000,8.734688
28.673000,8.727036
28.674000,8.746671
28.675000,8.793815
28.676000,8.760737
28.677000,8.806435
28.678000,8.763158
28.679000,8.739024
28.680000,8.754803
28.681000,8.804424
28.682000,8.784667
28.683000,8.768309
28.684000,8.805850
28.685000,8.765954
28.686000,8.774363
28.687000,8.719422
28.688000,8.753185
28.689000,8.725763
28.690000,8.660803
28.691000,8.752630
28.692000,8.734138
28.693000,8.645588
28.694000,8.626117
28.695000,8.632539
28.696000,8.663659
28.697000,8.614587
28.698000,8.638676
28.699000,8.565466
28.700000,8.577644
28.701000,8.542439
28.702000,8.624837
28.703000,8.567373
28.704000,8.571694
28.705000,8.558228
28.706000,8.499567
28.707000,8.461877
28.708000,8.441959
28.709000,8.487758
28.710000,8.478990
28.711000,8.375715
28.712000,8.453924
28.713000,8.408843
28.714000,8.480436
28.715000,8.472886
28.716000,8.466248
28.717000,8.467385
28.718000,8.430251
28.719000,8.382316
28.720000,8.383978
28.721000,8.404316
28.722000,8.399119
28.723000,8.424386
28.724000,8.430607
28.725000,8.379224
28.726000,8.346652
28.727000,8.277638
28.728000,8.316886
28.729000,8.459524
28.730000,8.410363
28.731000,8.378105
28.732000,8.448470
28.733000,8.462675
28.734000,8.405344
28.735000,8.371922
28.736000,8.371429
28.737000,8.341317
28.738000,8.348053
28.739000,8.298210
28.740000,8.250923
28.741000,8.179556
28.742000,8.206372
28.743000,8.247335
28.744000,8.310695
28.745000,8.294837
28.746000,8.319782
28.747000,8.419896
28.748000,8.443300
28.749000,8.472908
28.750000,8.439023
28.751000,8.357378
28.752000,8.282430
28.753000,8.358727
28.754000,8.276235
28.755000,8.329386
28.756000,8.406078
28.757000,8.377346
28.758000,8.409145
28.759000,8.454360
28.760000,8.494867
28.761000,8.465687
28.762000,8.475254
28.763000,8.398659
28.764000,8.410557
28.765000,8.421645
28.766000,8.417723
28.767000,8.389911
28.768000,8.408178
28.769000,8.423909
28.770000,8.455179
28.771000,8.369009
28.772000,8.375218
28.773000,8.290563
28.774000,8.321027
28.775000,8.395331
28.776000,8.474191
28.777000,8.487488
28.778000,8.484935
28.779000,8.648507
28.780000,8.671637
28.781000,8.690449
28.782000,8.664529
28.783000,8.770756
28.784000,8.687435
28.785000,8.639050
28.786000,8.607630
28.787000,8.630626
28.788000,8.586730
28.789000,8.642680
28.790000,8.616540
28.791000,8.605007
28.792000,8.601898
28.793000,8.683597
28.794000,8.605957
28.795000,8.734298
28.796000,8.781110
28.797000,8.791025
28.798000,8.831751
28.799000,8.945100
28.800000,8.934276
28.801000,8.956329
28.802000,9.000120
28.803000,9.011182
28.804000,9.039202
28.805000,9.058699
28.806000,9.102483
28.807000,9.128142
28.808000,9.003660
28.809000,8.947575
28.810000,8.920223
28.811000,8.910383
28.812000,8.870456
28.813000,8.842322
28.814000,8.819240
28.815000,8.777900
28.816000,8.726505
28.817000,8.661134
28.818000,8.654814
28.819000,8.593696
28.820000,8.622084
28.821000,8.654056
28.822000,8.643527
28.823000,8.580628
28.824000,8.590647
28.825000,8.572143
28.826000,8.563834
28.827000,8.617791
28.828000,8.637255
28.829000,8.666448
28.830000,8.795865
28.831000,8.798274
28.832000,8.847938
28.833000,8.871855
28.834000,8.802028
28.835000,8.714524
28.836000,8.798060
28.837000,8.790008
28.838000,8.815081
28.839000,8.746290
28.840000,8.731325
28.841000,8.769853
28.842000,8.734297
28.843000,8.739480
28.844000,8.705751
28.845000,8.637176
28.846000,8.672353
28.847000,8.690374
28.848000,8.698156
28.849000,8.729744
28.850000,8.638253
28.851000,8.669210
28.852000,8.597889
28.853000,8.566110
28.854000,8.654124
28.855000,8.725922
28.856000,8.699278
28.857000,8.773642
28.858000,8.871178
28.859000,8.882815
28.860000,8.830044
28.861000,8.831056
28.862000,8.865565
28.863000,8.897080
28.864000,8.984160
28.865000,9.016629
28.866000,9.115000
28.867000,9.002191
28.868000,9.070760
28.869000,9.107225
28.870000,9.165970
28.871000,9.201840
28.872000,9.191290
28.873000,9.173854
28.874000,9.219187
28.875000,9.153159
28.876000,9.172346
28.877000,9.228389
28.878000,9.243197
28.879000,9.226901
28.880000,9.201842
28.881000,9.180282
28.882000,9.172357
28.883000,9.233696
28.884000,9.322303
28.885000,9.444245
28.886000,9.432921
28.887000,9.417534
28.888000,9.440550
28.889000,9.435243
28.890000,9.423606
28.891000,9.425454
28.892000,9.427249
28.893000,9.497379
28.894000,9.516542
28.895000,9.464962
28.896000,9.427765
28.897000,9.405958
28.898000,9.492898
28.899000,9.574830
28.900000,9.591273
28.901000,9.563713
28.902000,9.561789
28.903000,9.534220
28.904000,9.557561
28.905000,9.597276
28.906000,9.619151
28.907000,9.548778
28.908000,9.634697
28.909000,9.625378
28.910000,9.662596
28.911000,9.620433
28.912000,9.602729
28.913000,9.674339
28.914000,9.627503
28.915000,9.622696
28.916000,9.616428
28.917000,9.572880
28.918000,9.585811
28.919000,9.733127
28.920000,9.732219
28.921000,9.712897
28.922000,9.641144
28.923000,9.663235
28.924000,9.757276
28.925000,9.823187
28.926000,9.869561
28.927000,9.845471
28.928000,9.936173
28.929000,9.957767
28.930000,9.953958
28.931000,9.881150
28.932000,9.842348
28.933000,9.790949
28.934000,9.783223
28.935000,9.701497
28.936000,9.626227
28.937000,9.513231
28.938000,9.502259
28.939000,9.489773
28.940000,9.433011
28.941000,9.388865
28.942000,9.357012
28.943000,9.256217
28.944000,9.167784
28.945000,9.243313
28.946000,9.304756
28.947000,9.295019
28.948000,9.243626
28.949000,9.294403
28.950000,9.310207
28.951000,9.276229
28.952000,9.306818
28.953000,9.276438
28.954000,9.293866
28.955000,9.222065
28.956000,9.146585
28.957000,9.165177
28.958000,9.211896
28.959000,9.240376
28.960000,9.185497
28.961000,9.207555
28.962000,9.276854
28.963000,9.328393
28.964000,9.329670
28.965000,9.333446
28.966000,9.363107
28.967000,9.307163
28.968000,9.237865
28.969000,9.316937
28.970000,9.346989
28.971000,9.394307
28.972000,9.438387
28.973000,9.454216
28.974000,9.493291
28.975000,9.521416
28.976000,9.511021
28.977000,9.425096
28.978000,9.384691
28.979000,9.345403
28.980000,9.328287
28.981000,9.313425
28.982000,9.353136
28.983000,9.416014
28.984000,9.360832
28.985000,9.327812
28.986000,9.308088
28.987000,9.276260
28.988000,9.267260
28.989000,9.303522
28.990000,9.316133
28.991000,9.355876
28.992000,9.402983
28.993000,9.425844
28.994000,9.457612
28.995000,9.388657
28.996000,9.342683
28.997000,9.339570
28.998000,9.419802
28.999000,9.373739
29.000000,9.392651
29.001000,9.453416
29.002000,9.452977
29.003000,9.455143
29.004000,9.483336
29.005000,9.516905
29.006000,9.440446
29.007000,9.465326
29.008000,9.544196
29.009000,9.649643
29.010000,9.664979
29.011000,9.690881
29.012000,9.730443
29.013000,9.694365
29.014000,9.646811
29.015000,9.677409
29.016000,9.696434
29.017000,9.720858
29.018000,9.729736
29.019000,9.728914
29.020000,9.791091
29.021000,9.783540
29.022000,9.766055
29.023000,9.787674
29.024000,9.744416
29.025000,9.700802
29.026000,9.689142
29.027000,9.731452
29.028000,9.795239
29.029000,9.791472
29.030000,9.799692
29.031000,9.873891
29.032000,9.803457
29.033000,9.827413
29.034000,9.739128
29.035000,9.765691
29.036000,9.662332
29.037000,9.685184
29.038000,9.687053
29.039000,9.759103
29.040000,9.819550
29.041000,9.819874
29.042000,9.807030
29.043000,9.808954
29.044000,9.798030
29.045000,9.829712
29.046000,9.911162
29.047000,9.906584
29.048000,9.862826
29.049000,9.714821
29.050000,9.747613
29.051000,9.763116
29.052000,9.632727
29.053000,9.542465
29.054000,9.499704
29.055000,9.507864
29.056000,9.521637
29.057000,9.553788
29.058000,9.619975
29.059000,9.693703
29.060000,9.609052
29.061000,9.659124
29.062000,9.668862
29.063000,9.630848
29.064000,9.653467
29.065000,9.664974
29.066000,9.724539
29.067000,9.749238
29.068000,9.762154
29.069000,9.776663
29.070000,9.784320
29.071000,9.848439
29.072000,9.890349
29.073000,9.907978
29.074000,9.919018
29.075000,9.922224
29.076000,9.895194
29.077000,9.904981
29.078000,9.903780
29.079000,9.993004
29.080000,9.952853
29.081000,9.951403
29.082000,9.821318
29.083000,9.711942
29.084000,9.719548
29.085000,9.689399
29.086000,9.759109
29.087000,9.776059
29.088000,9.740836
29.089000,9.710003
29.090000,9.664526
29.091000,9.765356
29.092000,9.720815
29.093000,9.680142
29.094000,9.646104
29.095000,9.609162
29.096000,9.554200
29.097000,9.472538
29.098000,9.541569
29.099000,9.596584
29.100000,9.641026
29.101000,9.739525
29.102000,9.682382
29.103000,9.674681
29.104000,9.704249
29.105000,9.669877
29.106000,9.641589
29.107000,9.614711
29.108000,9.548655
29.109000,9.516646
29.110000,9.436928
29.111000,9.375794
29.112000,9.413059
29.113000,9.388444
29.114000,9.451262
29.115000,9.404689
29.116000,9.384334
29.117000,9.334212
29.118000,9.320641
29.119000,9.452967
29.120000,9.433261
29.121000,9.548196
29.122000,9.396590
29.123000,9.428529
29.124000,9.399599
29.125000,9.313811
29.126000,9.246420
29.127000,9.282875
29.128000,9.304834
29.129000,9.424907
29.130000,9.386509
29.131000,9.409904
29.132000,9.389067
29.133000,9.272227
29.134000,9.297800
29.135000,9.236516
29.136000,9.235482
29.137000,9.203794
29.138000,9.264867
29.139000,9.245378
29.140000,9.197672
29.141000,9.190974
29.142000,9.119706
29.143000,9.118649
29.144000,9.006178
29.145000,9.071331
29.146000,9.117602
29.147000,9.059662
29.148000,9.004469
29.149000,9.098525
29.150000,9.028834
29.151000,9.054055
29.152000,9.041909
29.153000,9.108398
29.154000,9.028225
29.155000,8.913848
29.156000,8.942773
29.157000,8.890130
29.158000,8.957487
29.159000,8.961449
29.160000,8.862487
29.161000,8.847651
29.162000,8.810298
29.163000,8.803097
29.164000,8.773069
29.165000,8.800371
29.166000,8.872738
29.167000,8.934158
29.168000,8.973610
29.169000,8.929930
29.170000,8.976616
29.171000,8.981349
29.172000,8.986017
29.173000,8.945279
29.174000,8.941476
29.175000,8.898873
29.176000,8.919045
29.177000,8.975994
29.178000,9.036442
29.179000,9.087632
29.180000,9.006226
29.181000,8.958864
29.182000,8.880585
29.183000,8.800047
29.184000,8.816945
29.185000,8.818616
29.186000,8.896638
29.187000,8.871667
29.188000,8.833726
29.189000,8.882332
29.190000,8.852047
29.191000,8.865392
29.192000,8.918985
29.193000,8.874002
29.194000,8.948935
29.195000,8.808874
29.196000,8.826687
29.197000,8.796300
29.198000,8.829505
29.199000,8.877262
29.200000,8.963709
29.201000,8.944173
29.202000,8.927537
29.203000,8.939983
29.204000,8.988699
29.205000,9.066800
29.206000,9.112676
29.207000,9.037482
29.208000,9.066013
29.209000,9.111070
29.210000,9.043935
29.211000,8.942716
29.212000,8.896448
29.213000,8.916246
29.214000,8.877769
29.215000,9.005981
29.216000,9.025840
29.217000,9.042887
29.218000,9.017455
29.219000,8.966198
29.220000,9.032300
29.221000,8.992464
29.222000,9.083478
29.223000,9.149205
29.224000,9.132694
29.225000,9.154403
29.226000,9.236750
29.227000,9.269092
29.228000,9.226475
29.229000,9.216163
29.230000,9.170258
29.231000,9.101412
29.232000,9.098574
29.233000,9.099954
29.234000,9.084188
29.235000,9.078768
29.236000,9.037933
29.237000,9.080386
29.238000,9.093596
29.239000,9.212119
29.240000,9.176967
29.241000,9.065641
29.242000,9.068875
29.243000,9.170428
29.244000,9.178480
29.245000,9.131278
29.246000,9.227964
29.247000,9.282449
29.248000,9.279698
29.249000,9.305761
29.250000,9.341658
29.251000,9.359542
29.252000,9.434117
29.253000,9.371839
29.254000,9.433648
29.255000,9.360192
29.256000,9.276117
29.257000,9.214290
29.258000,9.175203
29.259000,9.088717
29.260000,9.022985
29.261000,9.045081
29.262000,9.040369
29.263000,9.009850
29.264000,8.913259
29.265000,8.932817
29.266000,8.932858
29.267000,8.956542
29.268000,8.907795
29.269000,8.918318
29.270000,8.952925
29.271000,8.949248
29.272000,8.966402
29.273000,8.949173
29.274000,8.848480
29.275000,8.986878
29.276000,9.023183
29.277000,9.077465
29.278000,8.995208
29.279000,9.120706
29.280000,9.069673
29.281000,9.072714
29.282000,9.073643
29.283000,9.120971
29.284000,9.166601
29.285000,9.172880
29.286000,9.195350
29.287000,9.218932
29.288000,9.311151
29.289000,9.441943
29.290000,9.478408
29.291000,9.458755
29.292000,9.432681
29.293000,9.517822
29.294000,9.439887
29.295000,9.442160
29.296000,9.552562
29.297000,9.556735
29.298000,9.591434
29.299000,9.638490
29.300000,9.691392
29.301000,9.675521
29.302000,9.669086
29.303000,9.658080
29.304000,9.561420
29.305000,9.697704
29.306000,9.709058
29.307000,9.757353
29.308000,9.797368
29.309000,9.839703
29.310000,9.871310
29.311000,9.877439
29.312000,9.785946
29.313000,9.838989
29.314000,9.742880
29.315000,9.706967
29.316000,9.764307
29.317000,9.790927
29.318000,9.773647
29.319000,9.758626
29.320000,9.822038
29.321000,9.785879
29.322000,9.799142
29.323000,9.818854
29.324000,9.910454
29.325000,9.912243
29.326000,9.844788
29.327000,9.951410
29.328000,9.923848
29.329000,9.927545
29.330000,9.995788
29.331000,9.934901
29.332000,9.933614
29.333000,9.831677
29.334000,9.802922
29.335000,9.788088
29.336000,9.773018
29.337000,9.728842
29.338000,9.788478
29.339000,9.816473
29.340000,9.782789
29.341000,9.716990
29.342000,9.717163
29.343000,9.719499
29.344000,9.834443
29.345000,9.801257
29.346000,9.786763
29.347000,9.841515
29.348000,9.775908
29.349000,9.789360
29.350000,9.842547
29.351000,9.888774
29.352000,9.806707
29.353000,9.634326
29.354000,9.659840
29.355000,9.607466
29.356000,9.706172
29.357000,9.823313
29.358000,9.907596
29.359000,9.982362
29.360000,10.060313
29.361000,10.138475
29.362000,10.094627
29.363000,10.024684
29.364000,9.972756
29.365000,9.844038
29.366000,9.853595
29.367000,9.850759
29.368000,9.734827
29.369000,9.726657
29.370000,9.793915
29.371000,9.829027
29.372000,9.870193
29.373000,9.898016
29.374000,9.814852
29.375000,9.808741
29.376000,9.779689
29.377000,9.814160
29.378000,9.808716
29.379000,9.790500
29.380000,9.812155
29.381000,9.782544
29.382000,9.758317
29.383000,9.743604
29.384000,9.768493
29.385000,9.720006
29.386000,9.742360
29.387000,9.761636
29.388000,9.814159
29.389000,9.772564
29.390000,9.758990
29.391000,9.803257
29.392000,9.881235
29.393000,9.961450
29.394000,9.917583
29.395000,9.926725
29.396000,9.869864
29.397000,9.818919
29.398000,9.903286
29.399000,9.794050
29.400000,9.802558
29.401000,9.768956
29.402000,9.783504
29.403000,9.787873
29.404000,9.810954
29.405000,9.796395
29.406000,9.695925
29.407000,9.602174
29.408000,9.654046
29.409000,9.600178
29.410000,9.632945
29.411000,9.636828
29.412000,9.670422
29.413000,9.635844
29.414000,9.637549
29.415000,9.633976
29.416000,9.539732
29.417000,9.531106
29.418000,9.516540
29.419000,9.549018
29.420000,9.485599
29.421000,9.488602
29.422000,9.416598
29.423000,9.363379
29.424000,9.345282
29.425000,9.463060
29.426000,9.537359
29.427000,9.490416
29.428000,9.530379
29.429000,9.495221
29.430000,9.462669
29.431000,9.546503
29.432000,9.506055
29.433000,9.570982
29.434000,9.587320
29.435000,9.486766
29.436000,9.459128
29.437000,9.465295
29.438000,9.442461
29.439000,9.452617
29.440000,9.512207
29.441000,9.443992
29.442000,9.425375
29.443000,9.356129
29.444000,9.343884
29.445000,9.291347
29.446000,9.269712
29.447000,9.185895
29.448000,9.242895
29.449000,9.267811
29.450000,9.227291
29.451000,9.121864
29.452000,9.076640
29.453000,9.092854
29.454000,9.059286
29.455000,9.125466
29.456000,9.148236
29.457000,9.100052
29.458000,9.112543
29.459000,9.088655
29.460000,9.145910
29.461000,9.150836
29.462000,9.049190
29.463000,9.153883
29.464000,9.155574
29.465000,9.099102
29.466000,9.033938
29.467000,8.981169
29.468000,8.902756
29.469000,8.867227
29.470000,8.887951
29.471000,8.979891
29.472000,8.945305
29.473000,8.926949
29.474000,8.944386
29.475000,8.974804
29.476000,8.953341
29.477000,9.046988
29.478000,9.051371
29.479000,9.009669
29.480000,9.003334
29.481000,9.022143
29.482000,8.976293
29.483000,9.005915
29.484000,9.020422
29.485000,9.016921
29.486000,8.870190
29.487000,8.730992
29.488000,8.682034
29.489000,8.746477
29.490000,8.783322
29.491000,8.865412
29.492000,8.863583
29.493000,8.816377
29.494000,8.975215
29.495000,8.949812
29.496000,8.913052
29.497000,8.884054
29.498000,9.024322
29.499000,9.055373
29.500000,9.027033
29.501000,9.003696
29.502000,8.970856
29.503000,9.015383
29.504000,9.029528
29.505000,8.937223
29.506000,8.917902
29.507000,8.900474
29.508000,8.875677
29.509000,8.914681
29.510000,8.906159
29.511000,8.960637
29.512000,8.991599
29.513000,9.036382
29.514000,9.139975
29.515000,9.064347
29.516000,9.020947
29.517000,8.939285
29.518000,8.937025
29.519000,8.946823
29.520000,8.893975
29.521000,8.821062
29.522000,8.912588
29.523000,8.818135
29.524000,8.812829
29.525000,8.943078
29.526000,8.995595
29.527000,8.958250
29.528000,8.907981
29.529000,8.858727
29.530000,8.886617
29.531000,8.895735
29.532000,8.962997
29.533000,8.879612
29.534000,8.902557
29.535000,8.817357
29.536000,8.847647
29.537000,8.869115
29.538000,8.946213
29.539000,8.901763
29.540000,8.918656
29.541000,8.901540
29.542000,8.954777
29.543000,8.909742
29.544000,8.956903
29.545000,8.976876
29.546000,9.009946
29.547000,8.941135
29.548000,8.945251
29.549000,8.883180
29.550000,8.923366
29.551000,8.920431
29.552000,8.860438
29.553000,8.753647
29.554000,8.732280
29.555000,8.803809
29.556000,8.885129
29.557000,8.906033
29.558000,8.803185
29.559000,8.762109
29.560000,8.760981
29.561000,8.704956
29.562000,8.741323
29.563000,8.746024
29.564000,8.718798
29.565000,8.672917
29.566000,8.725085
29.567000,8.606026
29.568000,8.561804
29.569000,8.508559
29.570000,8.509070
29.571000,8.461664
29.572000,8.406145
29.573000,8.450987
29.574000,8.391990
29.575000,8.455049
29.576000,8.544748
29.577000,8.577417
29.578000,8.514261
29.579000,8.528456
29.580000,8.466055
29.581000,8.502126
29.582000,8.429585
29.583000,8.444429
29.584000,8.487262
29.585000,8.396995
29.586000,8.383120
29.587000,8.362154
29.588000,8.411183
29.589000,8.347318
29.590000,8.266476
29.591000,8.270868
29.592000,8.216799
29.593000,8.216867
29.594000,8.250278
29.595000,8.191834
29.596000,8.182572
29.597000,8.176321
29.598000,8.128433
29.599000,8.046908
29.600000,7.994724
29.601000,8.092117
29.602000,8.073489
29.603000,8.096428
29.604000,8.135800
29.605000,8.152514
29.606000,8.277276
29.607000,8.384307
29.608000,8.407873
29.609000,8.416950
29.610000,8.383015
29.611000,8.505754
29.612000,8.534136
29.613000,8.648048
29.614000,8.636518
29.615000,8.686144
29.616000,8.688114
29.617000,8.636410
29.618000,8.564775
29.619000,8.577679
29.620000,8.513914
29.621000,8.654001
29.622000,8.743429
29.623000,8.820169
29.624000,8.691793
29.625000,8.625406
29.626000,8.578755
29.627000,8.576608
29.628000,8.509267
29.629000,8.643712
29.630000,8.664783
29.631000,8.595975
29.632000,8.500442
29.633000,8.456924
29.634000,8.458357
29.635000,8.381819
29.636000,8.399402
29.637000,8.423889
29.638000,8.366094
29.639000,8.302401
29.640000,8.263468
29.641000,8.280598
29.642000,8.303225
29.643000,8.329187
29.644000,8.434768
29.645000,8.407330
29.646000,8.447987
29.647000,8.407378
29.648000,8.403005
29.649000,8.350206
29.650000,8.387481
29.651000,8.406725
29.652000,8.374417
29.653000,8.288830
29.654000,8.364906
29.655000,8.354927
29.656000,8.334165
29.657000,8.342959
29.658000,8.302318
29.659000,8.284580
29.660000,8.252040
29.661000,8.280516
29.662000,8.278352
29.663000,8.317884
29.664000,8.319797
29.665000,8.282294
29.666000,8.216807
29.667000,8.191839
29.668000,8.189201
29.669000,8.112045
29.670000,8.038841
29.671000,8.004474
29.672000,7.847479
29.673000,7.811192
29.674000,7.725978
29.675000,7.705569
29.676000,7.757450
29.677000,7.747902
29.678000,7.824933
29.679000,7.834256
29.680000,7.786756
29.681000,7.731013
29.682000,7.702614
29.683000,7.745370
29.684000,7.801128
29.685000,7.777748
29.686000,7.775091
29.687000,7.864054
29.688000,7.911304
29.689000,7.900366
29.690000,7.923241
29.691000,7.816498
29.692000,7.867191
29.693000,7.921483
29.694000,8.007363
29.695000,7.988774
29.696000,8.007444
29.697000,7.986263
29.698000,7.902713
29.699000,7.924454
29.700000,7.840450
29.701000,7.872332
29.702000,7.870135
29.703000,7.901033
29.704000,7.883406
29.705000,7.910025
29.706000,7.813111
29.707000,7.832371
29.708000,7.810676
29.709000,7.769178
29.710000,7.632462
29.711000,7.650802
29.712000,7.597787
29.713000,7.636635
29.714000,7.677716
29.715000,7.720969
29.716000,7.667960
29.717000,7.711122
29.718000,7.761766
29.719000,7.819914
29.720000,7.885616
29.721000,7.820950
29.722000,7.790019
29.723000,7.881514
29.724000,7.980847
29.725000,7.976098
29.726000,8.109604
29.727000,8.229512
29.728000,8.308690
29.729000,8.457233
29.730000,8.335556
29.731000,8.338180
29.732000,8.409628
29.733000,8.390484
29.734000,8.356407
29.735000,8.399468
29.736000,8.384611
29.737000,8.491950
29.738000,8.557782
29.739000,8.602581
29.740000,8.681580
29.741000,8.728154
29.742000,8.647351
29.743000,8.727749
29.744000,8.684195
29.745000,8.761491
29.746000,8.741007
29.747000,8.749994
29.748000,8.856122
29.749000,8.771723
29.750000,8.801339
29.751000,8.897484
29.752000,8.844817
29.753000,8.769120
29.754000,8.837918
29.755000,8.847944
29.756000,8.822360
29.757000,8.823468
29.758000,8.775741
29.759000,8.924006
29.760000,8.906268
29.761000,8.985050
29.762000,9.005365
29.763000,9.032139
29.764000,9.048312
29.765000,8.984470
29.766000,9.054300
29.767000,9.127877
29.768000,9.190938
29.769000,9.169562
29.770000,9.230073
29.771000,9.237110
29.772000,9.306982
29.773000,9.379575
29.774000,9.426159
29.775000,9.477312
29.776000,9.530135
29.777000,9.579562
29.778000,9.531077
29.779000,9.436138
29.780000,9.496312
29.781000,9.489521
29.782000,9.483806
29.783000,9.471620
29.784000,9.397364
29.785000,9.382406
29.786000,9.408783
29.787000,9.359888
29.788000,9.327674
29.789000,9.324520
29.790000,9.238989
29.791000,9.261224
29.792000,9.244947
29.793000,9.329496
29.794000,9.237707
29.795000,9.284157
29.796000,9.308783
29.797000,9.311851
29.798000,9.256232
29.799000,9.252183
29.800000,9.217858
29.801000,9.223733
29.802000,9.222078
29.803000,9.232551
29.804000,9.323066
29.805000,9.318515
29.806000,9.187657
29.807000,9.196395
29.808000,9.248271
29.809000,9.245118
29.810000,9.268539
29.811000,9.225088
29.812000,9.285681
29.813000,9.303319
29.814000,9.226440
29.815000,9.303103
29.816000,9.257258
29.817000,9.254017
29.818000,9.159522
29.819000,9.183357
29.820000,9.226591
29.821000,9.225101
29.822000,9.233023
29.823000,9.283753
29.824000,9.263617
29.825000,9.256874
29.826000,9.336156
29.827000,9.291124
29.828000,9.345252
29.829000,9.378305
29.830000,9.346986
29.831000,9.302195
29.832000,9.287368
29.833000,9.208830
29.834000,9.158590
29.835000,9.135950
29.836000,9.172195
29.837000,9.148699
29.838000,9.172528
29.839000,9.273429
29.840000,9.235032
29.841000,9.238450
29.842000,9.242563
29.843000,9.190237
29.844000,9.206123
29.845000,9.235382
29.846000,9.192514
29.847000,9.135296
29.848000,9.152935
29.849000,9.216529
29.850000,9.212336
29.851000,9.231657
29.852000,9.184318
29.853000,9.172037
29.854000,9.166371
29.855000,9.190172
29.856000,9.214976
29.857000,9.223165
29.858000,9.207410
29.859000,9.190440
29.860000,9.205725
29.861000,9.185693
29.862000,9.214028
29.863000,9.159943
29.864000,9.063983
29.865000,8.994348
29.866000,9.048663
29.867000,9.083805
29.868000,9.202435
29.869000,9.189476
29.870000,9.223748
29.871000,9.145053
29.872000,9.025864
29.873000,9.109445
29.874000,9.104789
29.875000,9.074570
29.876000,9.117231
29.877000,9.110292
29.878000,9.027676
29.879000,9.008740
29.880000,9.018840
29.881000,8.956409
29.882000,8.995850
29.883000,8.994209
29.884000,8.815304
29.885000,8.816672
29.886000,8.802774
29.887000,8.750591
29.888000,8.735797
29.889000,8.685834
29.890000,8.690131
29.891000,8.662907
29.892000,8.688915
29.893000,8.602851
29.894000,8.646195
29.895000,8.704752
29.896000,8.775468
29.897000,8.701704
29.898000,8.642677
29.899000,8.635408
29.900000,8.717483
29.901000,8.574357
29.902000,8.568540
29.903000,8.556459
29.904000,8.607252
29.905000,8.620057
29.906000,8.679873
29.907000,8.559500
29.908000,8.615980
29.909000,8.608740
29.910000,8.491958
29.911000,8.476558
29.912000,8.460453
29.913000,8.538620
29.914000,8.583341
29.915000,8.552167
29.916000,8.562073
29.917000,8.574204
29.918000,8.522037
29.919000,8.509350
29.920000,8.520101
29.921000,8.615592
29.922000,8.618850
29.923000,8.594471
29.924000,8.586689
29.925000,8.600534
29.926000,8.614338
29.927000,8.575768
29.928000,8.554731
29.929000,8.467225
29.930000,8.398827
29.931000,8.359940
29.932000,8.427785
29.933000,8.416836
29.934000,8.376014
29.935000,8.378916
29.936000,8.370695
29.937000,8.359317
29.938000,8.312598
29.939000,8.277933
29.940000,8.266255
29.941000,8.135593
29.942000,8.134060
29.943000,8.115161
29.944000,8.067858
29.945000,8.053035
29.946000,7.997550
29.947000,8.053820
29.948000,8.011804
29.949000,8.019261
29.950000,8.036309
29.951000,8.165957
29.952000,8.174055
29.953000,8.199394
29.954000,8.165030
29.955000,8.130986
29.956000,8.078806
29.957000,7.990922
29.958000,7.943123
29.959000,7.912465
29.960000,7.885816
29.961000,7.853257
29.962000,7.785913
29.963000,7.808753
29.964000,7.780742
29.965000,7.899455
29.966000,7.944173
29.967000,7.941826
29.968000,7.846991
29.969000,7.889013
29.970000,7.861041
29.971000,7.842972
29.972000,7.760634
29.973000,7.709908
29.974000,7.764273
29.975000,7.734308
29.976000,7.787556
29.977000,7.773044
29.978000,7.782579
29.979000,7.842680
29.980000,7.844760
29.981000,7.797289
29.982000,7.881885
29.983000,7.959683
29.984000,7.969332
29.985000,7.957046
29.986000,7.982476
29.987000,7.894672
29.988000,7.906453
29.989000,7.809019
29.990000,7.806138
29.991000,7.820127
29.992000,7.828361
29.993000,7.908992
29.994000,7.905688
29.995000,7.954531
29.996000,7.984325
29.997000,7.968723
29.998000,7.938931
29.999000,7.924024
30.000000,8.058340
